trial_id,logical_trial_id,attempt_index,timestamp_utc,finished_timestamp_utc,included,exclusion_reasons,phase,repetition,family_id,molecule,basis,problem_instance,input_sha256,candidate_name,backend,cpu_threads,wall_time_s,solver_time_s,initialization_time_s,matvec_time_s,transfer_time_s,n_orbitals,n_alpha_strings,n_beta_strings,n_configurations,estimated_work,peak_host_rss_mb,peak_gpu_memory_mb,input_features_json
98e47a92b2bfc1a9ebeaf38d099a75ec596d8c04809b7a3744d5db7dca01b178,e249f5747a22cbedc79e05f1f8c8e642d92e6581b0b1cb916062216a498277ae,0,2026-08-01T17:09:52.635682Z,2026-08-01T17:09:53.404455Z,false,timing_ineligible;warmup,warmup,0,n2,N2,6-31G,n2-prefix-0055,4507b50dbe257a7a5d0b15b1536c16526f2f0ab957eead9d7e17d765571a3637,amd-cpu-16,cpu,16,0.7079926879960112,0.132838,0.002813,,,18,55,55,3025,712569,21.59375,,"{""alpha"":{""bit_length"":18,""count"":55,""file_bytes"":1045,""occupancy_max"":7,""occupancy_mean"":7.0,""occupancy_min"":7,""occupancy_variance"":0.0,""path"":""/home/nagan/autosbd-sc26-rg/data/derived/phase_b_prefixes/n2/AlphaDets_n0055.txt"",""sha256"":""75b771bea9661bb23f98f6e2bdd165e47841cee8e8de91c13959eb40abc54d79"",""unique_count"":55},""beta"":{""bit_length"":18,""count"":55,""file_bytes"":1045,""occupancy_max"":7,""occupancy_mean"":7.0,""occupancy_min"":7,""occupancy_variance"":0.0,""path"":""/home/nagan/autosbd-sc26-rg/data/derived/phase_b_prefixes/n2/AlphaDets_n0055.txt"",""sha256"":""75b771bea9661bb23f98f6e2bdd165e47841cee8e8de91c13959eb40abc54d79"",""unique_count"":55},""beta_reuses_alpha"":true,""combined_input_sha256"":""4507b50dbe257a7a5d0b15b1536c16526f2f0ab957eead9d7e17d765571a3637"",""connectivity"":{""alpha"":{""determinants"":55,""directed_double_edges"":1540,""directed_single_edges"":682,""double_degree_max"":32,""double_degree_mean"":28.0,""double_degree_min"":22,""double_edge_density"":0.5185185185185185,""single_degree_max"":20,""single_degree_mean"":12.4,""single_degree_min"":7,""single_edge_density"":0.22962962962962963,""unordered_pair_comparisons"":1485},""beta"":{""determinants"":55,""directed_double_edges"":1540,""directed_single_edges"":682,""double_degree_max"":32,""double_degree_mean"":28.0,""double_degree_min"":22,""double_edge_density"":0.5185185185185185,""single_degree_max"":20,""single_degree_mean"":12.4,""single_degree_min"":7,""single_edge_density"":0.22962962962962963,""unordered_pair_comparisons"":1485},""pair_comparisons"":2970},""connectivity_pair_limit"":1000000,""fcidump"":{""compact_two_electron_slots"":14706,""core_integrals"":1,""exact_zero_integrals"":0,""file_bytes"":437951,""integral_records"":10325,""isym"":1,""max_abs_integral"":28.13104666664194,""ms2"":0,""n_electrons"":14,""n_orbitals"":18,""one_electron_integrals"":122,""orbsym"":[1,1,1,1,1,1,1,1,1,1,1,1,1,1,1,1,1,1],""path"":""/home/nagan/autosbd-sc26-rg/external/riken-sbd/data/n2/fcidump.txt"",""sha256"":""dee67eb5e8aee2f099953a52d7910db59bc7b284ad03a8fa7ffd2a4ba8efcf33"",""source_integral_doubles"":16650,""sum_abs_integrals"":500.99976876026955,""two_electron_fill_density"":0.6937304501563988,""two_electron_integrals"":10202},""log1p_method0_work_proxy"":13.476633431913193,""log1p_n_configurations"":8.0149968943483,""method0_work_proxy"":712569,""n_configurations"":3025}"
ed7d2fb0b84e3a71a878e82918698612341ef12c58d08515c810737fa87edbd5,52a9beae961fd6b3578695cfb7b00f8ae3bea4583ee6031fe7eba710eca068ae,0,2026-08-01T17:09:53.471823Z,2026-08-01T17:09:54.398498Z,false,timing_ineligible;warmup,warmup,0,n2,N2,6-31G,n2-prefix-0055,4507b50dbe257a7a5d0b15b1536c16526f2f0ab957eead9d7e17d765571a3637,amd-l4-default,gpu,1,0.8651033389905933,0.039171,0.001145,,,18,55,55,3025,712569,116.63671875,192.0,"{""alpha"":{""bit_length"":18,""count"":55,""file_bytes"":1045,""occupancy_max"":7,""occupancy_mean"":7.0,""occupancy_min"":7,""occupancy_variance"":0.0,""path"":""/home/nagan/autosbd-sc26-rg/data/derived/phase_b_prefixes/n2/AlphaDets_n0055.txt"",""sha256"":""75b771bea9661bb23f98f6e2bdd165e47841cee8e8de91c13959eb40abc54d79"",""unique_count"":55},""beta"":{""bit_length"":18,""count"":55,""file_bytes"":1045,""occupancy_max"":7,""occupancy_mean"":7.0,""occupancy_min"":7,""occupancy_variance"":0.0,""path"":""/home/nagan/autosbd-sc26-rg/data/derived/phase_b_prefixes/n2/AlphaDets_n0055.txt"",""sha256"":""75b771bea9661bb23f98f6e2bdd165e47841cee8e8de91c13959eb40abc54d79"",""unique_count"":55},""beta_reuses_alpha"":true,""combined_input_sha256"":""4507b50dbe257a7a5d0b15b1536c16526f2f0ab957eead9d7e17d765571a3637"",""connectivity"":{""alpha"":{""determinants"":55,""directed_double_edges"":1540,""directed_single_edges"":682,""double_degree_max"":32,""double_degree_mean"":28.0,""double_degree_min"":22,""double_edge_density"":0.5185185185185185,""single_degree_max"":20,""single_degree_mean"":12.4,""single_degree_min"":7,""single_edge_density"":0.22962962962962963,""unordered_pair_comparisons"":1485},""beta"":{""determinants"":55,""directed_double_edges"":1540,""directed_single_edges"":682,""double_degree_max"":32,""double_degree_mean"":28.0,""double_degree_min"":22,""double_edge_density"":0.5185185185185185,""single_degree_max"":20,""single_degree_mean"":12.4,""single_degree_min"":7,""single_edge_density"":0.22962962962962963,""unordered_pair_comparisons"":1485},""pair_comparisons"":2970},""connectivity_pair_limit"":1000000,""fcidump"":{""compact_two_electron_slots"":14706,""core_integrals"":1,""exact_zero_integrals"":0,""file_bytes"":437951,""integral_records"":10325,""isym"":1,""max_abs_integral"":28.13104666664194,""ms2"":0,""n_electrons"":14,""n_orbitals"":18,""one_electron_integrals"":122,""orbsym"":[1,1,1,1,1,1,1,1,1,1,1,1,1,1,1,1,1,1],""path"":""/home/nagan/autosbd-sc26-rg/external/riken-sbd/data/n2/fcidump.txt"",""sha256"":""dee67eb5e8aee2f099953a52d7910db59bc7b284ad03a8fa7ffd2a4ba8efcf33"",""source_integral_doubles"":16650,""sum_abs_integrals"":500.99976876026955,""two_electron_fill_density"":0.6937304501563988,""two_electron_integrals"":10202},""log1p_method0_work_proxy"":13.476633431913193,""log1p_n_configurations"":8.0149968943483,""method0_work_proxy"":712569,""n_configurations"":3025}"
043c75bb3f0c485f5e12bb1daf7d5393967f3b7034f72076d0c852d303b0a91a,4d2fe4a6229f1d6276ea283dc5946bfb0498682ff146649f2a88342fc7608ff0,0,2026-08-01T17:09:54.466076Z,2026-08-01T17:09:55.460457Z,false,timing_ineligible;warmup,warmup,0,n2,N2,6-31G,n2-prefix-0100,1d928136c75b5deedcb2c11db761ed345aaa597dd9fa947d1b41ee63cafa3f5f,amd-l4-default,gpu,1,0.9381017249979777,0.103261,0.003363,,,18,100,100,10000,2963696,114.9375,192.0,"{""alpha"":{""bit_length"":18,""count"":100,""file_bytes"":1900,""occupancy_max"":7,""occupancy_mean"":7.0,""occupancy_min"":7,""occupancy_variance"":0.0,""path"":""/home/nagan/autosbd-sc26-rg/data/derived/phase_b_prefixes/n2/AlphaDets_n0100.txt"",""sha256"":""bc288d1aa1293c495453c7bb7bf3079aa9d2e03c799715d2835d9a09034b9917"",""unique_count"":100},""beta"":{""bit_length"":18,""count"":100,""file_bytes"":1900,""occupancy_max"":7,""occupancy_mean"":7.0,""occupancy_min"":7,""occupancy_variance"":0.0,""path"":""/home/nagan/autosbd-sc26-rg/data/derived/phase_b_prefixes/n2/AlphaDets_n0100.txt"",""sha256"":""bc288d1aa1293c495453c7bb7bf3079aa9d2e03c799715d2835d9a09034b9917"",""unique_count"":100},""beta_reuses_alpha"":true,""combined_input_sha256"":""1d928136c75b5deedcb2c11db761ed345aaa597dd9fa947d1b41ee63cafa3f5f"",""connectivity"":{""alpha"":{""determinants"":100,""directed_double_edges"":4508,""directed_single_edges"":1336,""double_degree_max"":61,""double_degree_mean"":45.08,""double_degree_min"":29,""double_edge_density"":0.45535353535353534,""single_degree_max"":35,""single_degree_mean"":13.36,""single_degree_min"":5,""single_edge_density"":0.13494949494949496,""unordered_pair_comparisons"":4950},""beta"":{""determinants"":100,""directed_double_edges"":4508,""directed_single_edges"":1336,""double_degree_max"":61,""double_degree_mean"":45.08,""double_degree_min"":29,""double_edge_density"":0.45535353535353534,""single_degree_max"":35,""single_degree_mean"":13.36,""single_degree_min"":5,""single_edge_density"":0.13494949494949496,""unordered_pair_comparisons"":4950},""pair_comparisons"":9900},""connectivity_pair_limit"":1000000,""fcidump"":{""compact_two_electron_slots"":14706,""core_integrals"":1,""exact_zero_integrals"":0,""file_bytes"":437951,""integral_records"":10325,""isym"":1,""max_abs_integral"":28.13104666664194,""ms2"":0,""n_electrons"":14,""n_orbitals"":18,""one_electron_integrals"":122,""orbsym"":[1,1,1,1,1,1,1,1,1,1,1,1,1,1,1,1,1,1],""path"":""/home/nagan/autosbd-sc26-rg/external/riken-sbd/data/n2/fcidump.txt"",""sha256"":""dee67eb5e8aee2f099953a52d7910db59bc7b284ad03a8fa7ffd2a4ba8efcf33"",""source_integral_doubles"":16650,""sum_abs_integrals"":500.99976876026955,""two_electron_fill_density"":0.6937304501563988,""two_electron_integrals"":10202},""log1p_method0_work_proxy"":14.90194803345196,""log1p_n_configurations"":9.210440366976517,""method0_work_proxy"":2963696,""n_configurations"":10000}"
be36acf35fe1ac0168c4759c2d151129e2e24472ab29a10b29843ca5c6667891,ed526e71e2eab9efb874f57e5f1df4799c6c0e3bdca60bb4347b0a8471c78915,0,2026-08-01T17:09:55.523817Z,2026-08-01T17:09:56.691461Z,false,timing_ineligible;warmup,warmup,0,n2,N2,6-31G,n2-prefix-0100,1d928136c75b5deedcb2c11db761ed345aaa597dd9fa947d1b41ee63cafa3f5f,amd-cpu-16,cpu,16,1.1115487470087828,0.535949,0.00343,,,18,100,100,10000,2963696,23.5078125,,"{""alpha"":{""bit_length"":18,""count"":100,""file_bytes"":1900,""occupancy_max"":7,""occupancy_mean"":7.0,""occupancy_min"":7,""occupancy_variance"":0.0,""path"":""/home/nagan/autosbd-sc26-rg/data/derived/phase_b_prefixes/n2/AlphaDets_n0100.txt"",""sha256"":""bc288d1aa1293c495453c7bb7bf3079aa9d2e03c799715d2835d9a09034b9917"",""unique_count"":100},""beta"":{""bit_length"":18,""count"":100,""file_bytes"":1900,""occupancy_max"":7,""occupancy_mean"":7.0,""occupancy_min"":7,""occupancy_variance"":0.0,""path"":""/home/nagan/autosbd-sc26-rg/data/derived/phase_b_prefixes/n2/AlphaDets_n0100.txt"",""sha256"":""bc288d1aa1293c495453c7bb7bf3079aa9d2e03c799715d2835d9a09034b9917"",""unique_count"":100},""beta_reuses_alpha"":true,""combined_input_sha256"":""1d928136c75b5deedcb2c11db761ed345aaa597dd9fa947d1b41ee63cafa3f5f"",""connectivity"":{""alpha"":{""determinants"":100,""directed_double_edges"":4508,""directed_single_edges"":1336,""double_degree_max"":61,""double_degree_mean"":45.08,""double_degree_min"":29,""double_edge_density"":0.45535353535353534,""single_degree_max"":35,""single_degree_mean"":13.36,""single_degree_min"":5,""single_edge_density"":0.13494949494949496,""unordered_pair_comparisons"":4950},""beta"":{""determinants"":100,""directed_double_edges"":4508,""directed_single_edges"":1336,""double_degree_max"":61,""double_degree_mean"":45.08,""double_degree_min"":29,""double_edge_density"":0.45535353535353534,""single_degree_max"":35,""single_degree_mean"":13.36,""single_degree_min"":5,""single_edge_density"":0.13494949494949496,""unordered_pair_comparisons"":4950},""pair_comparisons"":9900},""connectivity_pair_limit"":1000000,""fcidump"":{""compact_two_electron_slots"":14706,""core_integrals"":1,""exact_zero_integrals"":0,""file_bytes"":437951,""integral_records"":10325,""isym"":1,""max_abs_integral"":28.13104666664194,""ms2"":0,""n_electrons"":14,""n_orbitals"":18,""one_electron_integrals"":122,""orbsym"":[1,1,1,1,1,1,1,1,1,1,1,1,1,1,1,1,1,1],""path"":""/home/nagan/autosbd-sc26-rg/external/riken-sbd/data/n2/fcidump.txt"",""sha256"":""dee67eb5e8aee2f099953a52d7910db59bc7b284ad03a8fa7ffd2a4ba8efcf33"",""source_integral_doubles"":16650,""sum_abs_integrals"":500.99976876026955,""two_electron_fill_density"":0.6937304501563988,""two_electron_integrals"":10202},""log1p_method0_work_proxy"":14.90194803345196,""log1p_n_configurations"":9.210440366976517,""method0_work_proxy"":2963696,""n_configurations"":10000}"
52160a164e49ed4ffaeff210b3ac51ad284b1d2910585e127a3ac5ba3c59a935,9071ed66690e02d52f67fcb1899d6cd7bfdf2738ea69f613716e3656ad3c79ab,0,2026-08-01T17:09:56.828809Z,2026-08-01T17:09:57.903418Z,false,timing_ineligible;warmup,warmup,0,h2o,H2O,cc-pVDZ,h2o-prefix-0055,d0872935a2dc0f51499913dbc2f2300c4158877041671b5eb2d7406276f4b6e4,amd-l4-default,gpu,1,1.0139471469883574,0.070167,0.001223,,,24,55,55,3025,564481,79.234375,14.0,"{""alpha"":{""bit_length"":24,""count"":55,""file_bytes"":1375,""occupancy_max"":5,""occupancy_mean"":5.0,""occupancy_min"":5,""occupancy_variance"":0.0,""path"":""/home/nagan/autosbd-sc26-rg/data/derived/phase_b_prefixes/h2o/AlphaDets_n0055.txt"",""sha256"":""5e4b39a5043f24f7cdaabbc08de83d9d0b1d7e7bd44d0ee17093d9434de09463"",""unique_count"":55},""beta"":{""bit_length"":24,""count"":55,""file_bytes"":1375,""occupancy_max"":5,""occupancy_mean"":5.0,""occupancy_min"":5,""occupancy_variance"":0.0,""path"":""/home/nagan/autosbd-sc26-rg/data/derived/phase_b_prefixes/h2o/AlphaDets_n0055.txt"",""sha256"":""5e4b39a5043f24f7cdaabbc08de83d9d0b1d7e7bd44d0ee17093d9434de09463"",""unique_count"":55},""beta_reuses_alpha"":true,""combined_input_sha256"":""d0872935a2dc0f51499913dbc2f2300c4158877041671b5eb2d7406276f4b6e4"",""connectivity"":{""alpha"":{""determinants"":55,""directed_double_edges"":1512,""directed_single_edges"":576,""double_degree_max"":36,""double_degree_mean"":27.490909090909092,""double_degree_min"":16,""double_edge_density"":0.509090909090909,""single_degree_max"":27,""single_degree_mean"":10.472727272727273,""single_degree_min"":4,""single_edge_density"":0.19393939393939394,""unordered_pair_comparisons"":1485},""beta"":{""determinants"":55,""directed_double_edges"":1512,""directed_single_edges"":576,""double_degree_max"":36,""double_degree_mean"":27.490909090909092,""double_degree_min"":16,""double_edge_density"":0.509090909090909,""single_degree_max"":27,""single_degree_mean"":10.472727272727273,""single_degree_min"":4,""single_edge_density"":0.19393939393939394,""unordered_pair_comparisons"":1485},""pair_comparisons"":2970},""connectivity_pair_limit"":1000000,""fcidump"":{""compact_two_electron_slots"":45150,""core_integrals"":1,""exact_zero_integrals"":0,""file_bytes"":1124056,""integral_records"":26647,""isym"":1,""max_abs_integral"":33.02799415966381,""ms2"":0,""n_electrons"":10,""n_orbitals"":24,""one_electron_integrals"":202,""orbsym"":[1,1,1,1,1,1,1,1,1,1,1,1,1,1,1,1,1,1,1,1,1,1,1,1],""path"":""/home/nagan/autosbd-sc26-rg/external/riken-sbd/data/h2o/fcidump.txt"",""sha256"":""a3c2302834a33dce7260e8050a3f5180e05dbba1bb748f3e2f6410a7eacbd94d"",""source_integral_doubles"":48606,""sum_abs_integrals"":783.0966481208136,""two_electron_fill_density"":0.5856921373200443,""two_electron_integrals"":26444},""log1p_method0_work_proxy"":13.243663775438133,""log1p_n_configurations"":8.0149968943483,""method0_work_proxy"":564481,""n_configurations"":3025}"
881c676bd5e6b13316c6d772c9bd74b5bb3ad4da41e54d3d42f4d5d5282d0e41,e32b1f9f4995e32632ef767be83986d9b56f33a2e05fffe2b8da7d435e2380a4,0,2026-08-01T17:09:58.035684Z,2026-08-01T17:09:58.803268Z,false,timing_ineligible;warmup,warmup,0,h2o,H2O,cc-pVDZ,h2o-prefix-0055,d0872935a2dc0f51499913dbc2f2300c4158877041671b5eb2d7406276f4b6e4,amd-cpu-16,cpu,16,0.7066397080052411,0.135051,0.002919,,,24,55,55,3025,564481,22.87109375,,"{""alpha"":{""bit_length"":24,""count"":55,""file_bytes"":1375,""occupancy_max"":5,""occupancy_mean"":5.0,""occupancy_min"":5,""occupancy_variance"":0.0,""path"":""/home/nagan/autosbd-sc26-rg/data/derived/phase_b_prefixes/h2o/AlphaDets_n0055.txt"",""sha256"":""5e4b39a5043f24f7cdaabbc08de83d9d0b1d7e7bd44d0ee17093d9434de09463"",""unique_count"":55},""beta"":{""bit_length"":24,""count"":55,""file_bytes"":1375,""occupancy_max"":5,""occupancy_mean"":5.0,""occupancy_min"":5,""occupancy_variance"":0.0,""path"":""/home/nagan/autosbd-sc26-rg/data/derived/phase_b_prefixes/h2o/AlphaDets_n0055.txt"",""sha256"":""5e4b39a5043f24f7cdaabbc08de83d9d0b1d7e7bd44d0ee17093d9434de09463"",""unique_count"":55},""beta_reuses_alpha"":true,""combined_input_sha256"":""d0872935a2dc0f51499913dbc2f2300c4158877041671b5eb2d7406276f4b6e4"",""connectivity"":{""alpha"":{""determinants"":55,""directed_double_edges"":1512,""directed_single_edges"":576,""double_degree_max"":36,""double_degree_mean"":27.490909090909092,""double_degree_min"":16,""double_edge_density"":0.509090909090909,""single_degree_max"":27,""single_degree_mean"":10.472727272727273,""single_degree_min"":4,""single_edge_density"":0.19393939393939394,""unordered_pair_comparisons"":1485},""beta"":{""determinants"":55,""directed_double_edges"":1512,""directed_single_edges"":576,""double_degree_max"":36,""double_degree_mean"":27.490909090909092,""double_degree_min"":16,""double_edge_density"":0.509090909090909,""single_degree_max"":27,""single_degree_mean"":10.472727272727273,""single_degree_min"":4,""single_edge_density"":0.19393939393939394,""unordered_pair_comparisons"":1485},""pair_comparisons"":2970},""connectivity_pair_limit"":1000000,""fcidump"":{""compact_two_electron_slots"":45150,""core_integrals"":1,""exact_zero_integrals"":0,""file_bytes"":1124056,""integral_records"":26647,""isym"":1,""max_abs_integral"":33.02799415966381,""ms2"":0,""n_electrons"":10,""n_orbitals"":24,""one_electron_integrals"":202,""orbsym"":[1,1,1,1,1,1,1,1,1,1,1,1,1,1,1,1,1,1,1,1,1,1,1,1],""path"":""/home/nagan/autosbd-sc26-rg/external/riken-sbd/data/h2o/fcidump.txt"",""sha256"":""a3c2302834a33dce7260e8050a3f5180e05dbba1bb748f3e2f6410a7eacbd94d"",""source_integral_doubles"":48606,""sum_abs_integrals"":783.0966481208136,""two_electron_fill_density"":0.5856921373200443,""two_electron_integrals"":26444},""log1p_method0_work_proxy"":13.243663775438133,""log1p_n_configurations"":8.0149968943483,""method0_work_proxy"":564481,""n_configurations"":3025}"
a783c97372cbf8d7673650ab08b369dba0b15061445355881617f90e263b293f,b523c570a0322c91827b3f6bcb09c2d6e618d5d18946ad0ab716754f9db8df27,0,2026-08-01T17:09:58.937505Z,2026-08-01T17:10:00.310461Z,false,timing_ineligible;warmup,warmup,0,h2o,H2O,cc-pVDZ,h2o-prefix-0100,8f6d951383efdfa90bdfdc8fc43e537f3e939861f6d1cd6b81d4217d95861751,amd-cpu-16,cpu,16,1.3120632510108408,0.6978449999999999,0.003239,,,24,100,100,10000,2899216,24.31640625,,"{""alpha"":{""bit_length"":24,""count"":100,""file_bytes"":2500,""occupancy_max"":5,""occupancy_mean"":5.0,""occupancy_min"":5,""occupancy_variance"":0.0,""path"":""/home/nagan/autosbd-sc26-rg/data/derived/phase_b_prefixes/h2o/AlphaDets_n0100.txt"",""sha256"":""e9839cc16b450597bac2d0e1c9e8357d6de0e76b6755aab0d3e73419ab329ce3"",""unique_count"":100},""beta"":{""bit_length"":24,""count"":100,""file_bytes"":2500,""occupancy_max"":5,""occupancy_mean"":5.0,""occupancy_min"":5,""occupancy_variance"":0.0,""path"":""/home/nagan/autosbd-sc26-rg/data/derived/phase_b_prefixes/h2o/AlphaDets_n0100.txt"",""sha256"":""e9839cc16b450597bac2d0e1c9e8357d6de0e76b6755aab0d3e73419ab329ce3"",""unique_count"":100},""beta_reuses_alpha"":true,""combined_input_sha256"":""8f6d951383efdfa90bdfdc8fc43e537f3e939861f6d1cd6b81d4217d95861751"",""connectivity"":{""alpha"":{""determinants"":100,""directed_double_edges"":4640,""directed_single_edges"":1304,""double_degree_max"":66,""double_degree_mean"":46.4,""double_degree_min"":21,""double_edge_density"":0.4686868686868687,""single_degree_max"":41,""single_degree_mean"":13.04,""single_degree_min"":4,""single_edge_density"":0.1317171717171717,""unordered_pair_comparisons"":4950},""beta"":{""determinants"":100,""directed_double_edges"":4640,""directed_single_edges"":1304,""double_degree_max"":66,""double_degree_mean"":46.4,""double_degree_min"":21,""double_edge_density"":0.4686868686868687,""single_degree_max"":41,""single_degree_mean"":13.04,""single_degree_min"":4,""single_edge_density"":0.1317171717171717,""unordered_pair_comparisons"":4950},""pair_comparisons"":9900},""connectivity_pair_limit"":1000000,""fcidump"":{""compact_two_electron_slots"":45150,""core_integrals"":1,""exact_zero_integrals"":0,""file_bytes"":1124056,""integral_records"":26647,""isym"":1,""max_abs_integral"":33.02799415966381,""ms2"":0,""n_electrons"":10,""n_orbitals"":24,""one_electron_integrals"":202,""orbsym"":[1,1,1,1,1,1,1,1,1,1,1,1,1,1,1,1,1,1,1,1,1,1,1,1],""path"":""/home/nagan/autosbd-sc26-rg/external/riken-sbd/data/h2o/fcidump.txt"",""sha256"":""a3c2302834a33dce7260e8050a3f5180e05dbba1bb748f3e2f6410a7eacbd94d"",""source_integral_doubles"":48606,""sum_abs_integrals"":783.0966481208136,""two_electron_fill_density"":0.5856921373200443,""two_electron_integrals"":26444},""log1p_method0_work_proxy"":14.87995125850014,""log1p_n_configurations"":9.210440366976517,""method0_work_proxy"":2899216,""n_configurations"":10000}"
ad9b859a805fe1b12ebb8c44fd5146794ababb9ccdc5f286be0456e931761030,6084d167f3e8459860fff6fc4f0d3d6c118978a564c73a93525b7e8cd0ca9a97,0,2026-08-01T17:10:00.449747Z,2026-08-01T17:10:01.519537Z,false,timing_ineligible;warmup,warmup,0,h2o,H2O,cc-pVDZ,h2o-prefix-0100,8f6d951383efdfa90bdfdc8fc43e537f3e939861f6d1cd6b81d4217d95861751,amd-l4-default,gpu,1,1.0038291969976854,0.173215,0.0035859999999999998,,,24,100,100,10000,2899216,120.95703125,192.0,"{""alpha"":{""bit_length"":24,""count"":100,""file_bytes"":2500,""occupancy_max"":5,""occupancy_mean"":5.0,""occupancy_min"":5,""occupancy_variance"":0.0,""path"":""/home/nagan/autosbd-sc26-rg/data/derived/phase_b_prefixes/h2o/AlphaDets_n0100.txt"",""sha256"":""e9839cc16b450597bac2d0e1c9e8357d6de0e76b6755aab0d3e73419ab329ce3"",""unique_count"":100},""beta"":{""bit_length"":24,""count"":100,""file_bytes"":2500,""occupancy_max"":5,""occupancy_mean"":5.0,""occupancy_min"":5,""occupancy_variance"":0.0,""path"":""/home/nagan/autosbd-sc26-rg/data/derived/phase_b_prefixes/h2o/AlphaDets_n0100.txt"",""sha256"":""e9839cc16b450597bac2d0e1c9e8357d6de0e76b6755aab0d3e73419ab329ce3"",""unique_count"":100},""beta_reuses_alpha"":true,""combined_input_sha256"":""8f6d951383efdfa90bdfdc8fc43e537f3e939861f6d1cd6b81d4217d95861751"",""connectivity"":{""alpha"":{""determinants"":100,""directed_double_edges"":4640,""directed_single_edges"":1304,""double_degree_max"":66,""double_degree_mean"":46.4,""double_degree_min"":21,""double_edge_density"":0.4686868686868687,""single_degree_max"":41,""single_degree_mean"":13.04,""single_degree_min"":4,""single_edge_density"":0.1317171717171717,""unordered_pair_comparisons"":4950},""beta"":{""determinants"":100,""directed_double_edges"":4640,""directed_single_edges"":1304,""double_degree_max"":66,""double_degree_mean"":46.4,""double_degree_min"":21,""double_edge_density"":0.4686868686868687,""single_degree_max"":41,""single_degree_mean"":13.04,""single_degree_min"":4,""single_edge_density"":0.1317171717171717,""unordered_pair_comparisons"":4950},""pair_comparisons"":9900},""connectivity_pair_limit"":1000000,""fcidump"":{""compact_two_electron_slots"":45150,""core_integrals"":1,""exact_zero_integrals"":0,""file_bytes"":1124056,""integral_records"":26647,""isym"":1,""max_abs_integral"":33.02799415966381,""ms2"":0,""n_electrons"":10,""n_orbitals"":24,""one_electron_integrals"":202,""orbsym"":[1,1,1,1,1,1,1,1,1,1,1,1,1,1,1,1,1,1,1,1,1,1,1,1],""path"":""/home/nagan/autosbd-sc26-rg/external/riken-sbd/data/h2o/fcidump.txt"",""sha256"":""a3c2302834a33dce7260e8050a3f5180e05dbba1bb748f3e2f6410a7eacbd94d"",""source_integral_doubles"":48606,""sum_abs_integrals"":783.0966481208136,""two_electron_fill_density"":0.5856921373200443,""two_electron_integrals"":26444},""log1p_method0_work_proxy"":14.87995125850014,""log1p_n_configurations"":9.210440366976517,""method0_work_proxy"":2899216,""n_configurations"":10000}"
5031530df7be7721bf6212c0a60811c54b0fece9819be7aa847433d518a0a9f9,38cc265fc03c116294bee8f4937ac1b379bd2da2b0c638665078c6fa7629c1d9,0,2026-08-01T17:10:01.586855Z,2026-08-01T17:10:02.429580Z,true,,measured,0,n2,N2,6-31G,n2-prefix-0055,4507b50dbe257a7a5d0b15b1536c16526f2f0ab957eead9d7e17d765571a3637,amd-l4-default,gpu,1,0.7862328740011435,0.038232,0.001144,,,18,55,55,3025,712569,115.34375,192.0,"{""alpha"":{""bit_length"":18,""count"":55,""file_bytes"":1045,""occupancy_max"":7,""occupancy_mean"":7.0,""occupancy_min"":7,""occupancy_variance"":0.0,""path"":""/home/nagan/autosbd-sc26-rg/data/derived/phase_b_prefixes/n2/AlphaDets_n0055.txt"",""sha256"":""75b771bea9661bb23f98f6e2bdd165e47841cee8e8de91c13959eb40abc54d79"",""unique_count"":55},""beta"":{""bit_length"":18,""count"":55,""file_bytes"":1045,""occupancy_max"":7,""occupancy_mean"":7.0,""occupancy_min"":7,""occupancy_variance"":0.0,""path"":""/home/nagan/autosbd-sc26-rg/data/derived/phase_b_prefixes/n2/AlphaDets_n0055.txt"",""sha256"":""75b771bea9661bb23f98f6e2bdd165e47841cee8e8de91c13959eb40abc54d79"",""unique_count"":55},""beta_reuses_alpha"":true,""combined_input_sha256"":""4507b50dbe257a7a5d0b15b1536c16526f2f0ab957eead9d7e17d765571a3637"",""connectivity"":{""alpha"":{""determinants"":55,""directed_double_edges"":1540,""directed_single_edges"":682,""double_degree_max"":32,""double_degree_mean"":28.0,""double_degree_min"":22,""double_edge_density"":0.5185185185185185,""single_degree_max"":20,""single_degree_mean"":12.4,""single_degree_min"":7,""single_edge_density"":0.22962962962962963,""unordered_pair_comparisons"":1485},""beta"":{""determinants"":55,""directed_double_edges"":1540,""directed_single_edges"":682,""double_degree_max"":32,""double_degree_mean"":28.0,""double_degree_min"":22,""double_edge_density"":0.5185185185185185,""single_degree_max"":20,""single_degree_mean"":12.4,""single_degree_min"":7,""single_edge_density"":0.22962962962962963,""unordered_pair_comparisons"":1485},""pair_comparisons"":2970},""connectivity_pair_limit"":1000000,""fcidump"":{""compact_two_electron_slots"":14706,""core_integrals"":1,""exact_zero_integrals"":0,""file_bytes"":437951,""integral_records"":10325,""isym"":1,""max_abs_integral"":28.13104666664194,""ms2"":0,""n_electrons"":14,""n_orbitals"":18,""one_electron_integrals"":122,""orbsym"":[1,1,1,1,1,1,1,1,1,1,1,1,1,1,1,1,1,1],""path"":""/home/nagan/autosbd-sc26-rg/external/riken-sbd/data/n2/fcidump.txt"",""sha256"":""dee67eb5e8aee2f099953a52d7910db59bc7b284ad03a8fa7ffd2a4ba8efcf33"",""source_integral_doubles"":16650,""sum_abs_integrals"":500.99976876026955,""two_electron_fill_density"":0.6937304501563988,""two_electron_integrals"":10202},""log1p_method0_work_proxy"":13.476633431913193,""log1p_n_configurations"":8.0149968943483,""method0_work_proxy"":712569,""n_configurations"":3025}"
94b35c68ec55cdede5510efefe391454fcfaec21fdb7b47f809f838d70944e1c,07d61ee1b291e6999c625715c87dbb74a84a4591ed66ca86898cf5bf9550dcdb,0,2026-08-01T17:10:02.491329Z,2026-08-01T17:10:03.256042Z,true,,measured,0,n2,N2,6-31G,n2-prefix-0055,4507b50dbe257a7a5d0b15b1536c16526f2f0ab957eead9d7e17d765571a3637,amd-cpu-16,cpu,16,0.7086717880010838,0.13341,0.0028179999999999998,,,18,55,55,3025,712569,21.5703125,,"{""alpha"":{""bit_length"":18,""count"":55,""file_bytes"":1045,""occupancy_max"":7,""occupancy_mean"":7.0,""occupancy_min"":7,""occupancy_variance"":0.0,""path"":""/home/nagan/autosbd-sc26-rg/data/derived/phase_b_prefixes/n2/AlphaDets_n0055.txt"",""sha256"":""75b771bea9661bb23f98f6e2bdd165e47841cee8e8de91c13959eb40abc54d79"",""unique_count"":55},""beta"":{""bit_length"":18,""count"":55,""file_bytes"":1045,""occupancy_max"":7,""occupancy_mean"":7.0,""occupancy_min"":7,""occupancy_variance"":0.0,""path"":""/home/nagan/autosbd-sc26-rg/data/derived/phase_b_prefixes/n2/AlphaDets_n0055.txt"",""sha256"":""75b771bea9661bb23f98f6e2bdd165e47841cee8e8de91c13959eb40abc54d79"",""unique_count"":55},""beta_reuses_alpha"":true,""combined_input_sha256"":""4507b50dbe257a7a5d0b15b1536c16526f2f0ab957eead9d7e17d765571a3637"",""connectivity"":{""alpha"":{""determinants"":55,""directed_double_edges"":1540,""directed_single_edges"":682,""double_degree_max"":32,""double_degree_mean"":28.0,""double_degree_min"":22,""double_edge_density"":0.5185185185185185,""single_degree_max"":20,""single_degree_mean"":12.4,""single_degree_min"":7,""single_edge_density"":0.22962962962962963,""unordered_pair_comparisons"":1485},""beta"":{""determinants"":55,""directed_double_edges"":1540,""directed_single_edges"":682,""double_degree_max"":32,""double_degree_mean"":28.0,""double_degree_min"":22,""double_edge_density"":0.5185185185185185,""single_degree_max"":20,""single_degree_mean"":12.4,""single_degree_min"":7,""single_edge_density"":0.22962962962962963,""unordered_pair_comparisons"":1485},""pair_comparisons"":2970},""connectivity_pair_limit"":1000000,""fcidump"":{""compact_two_electron_slots"":14706,""core_integrals"":1,""exact_zero_integrals"":0,""file_bytes"":437951,""integral_records"":10325,""isym"":1,""max_abs_integral"":28.13104666664194,""ms2"":0,""n_electrons"":14,""n_orbitals"":18,""one_electron_integrals"":122,""orbsym"":[1,1,1,1,1,1,1,1,1,1,1,1,1,1,1,1,1,1],""path"":""/home/nagan/autosbd-sc26-rg/external/riken-sbd/data/n2/fcidump.txt"",""sha256"":""dee67eb5e8aee2f099953a52d7910db59bc7b284ad03a8fa7ffd2a4ba8efcf33"",""source_integral_doubles"":16650,""sum_abs_integrals"":500.99976876026955,""two_electron_fill_density"":0.6937304501563988,""two_electron_integrals"":10202},""log1p_method0_work_proxy"":13.476633431913193,""log1p_n_configurations"":8.0149968943483,""method0_work_proxy"":712569,""n_configurations"":3025}"
3f6a6005b46b18cc6eef7f285058db3e37119e556812b7a0d39de2434ae72b64,024671ed45a74bd854f7d81e2f795e3e35633edeb46ebdfeff20ec6ea6ea52f5,0,2026-08-01T17:10:03.323952Z,2026-08-01T17:10:04.316979Z,true,,measured,0,n2,N2,6-31G,n2-prefix-0100,1d928136c75b5deedcb2c11db761ed345aaa597dd9fa947d1b41ee63cafa3f5f,amd-l4-default,gpu,1,0.9379726649931399,0.103083,0.003385,,,18,100,100,10000,2963696,110.60546875,192.0,"{""alpha"":{""bit_length"":18,""count"":100,""file_bytes"":1900,""occupancy_max"":7,""occupancy_mean"":7.0,""occupancy_min"":7,""occupancy_variance"":0.0,""path"":""/home/nagan/autosbd-sc26-rg/data/derived/phase_b_prefixes/n2/AlphaDets_n0100.txt"",""sha256"":""bc288d1aa1293c495453c7bb7bf3079aa9d2e03c799715d2835d9a09034b9917"",""unique_count"":100},""beta"":{""bit_length"":18,""count"":100,""file_bytes"":1900,""occupancy_max"":7,""occupancy_mean"":7.0,""occupancy_min"":7,""occupancy_variance"":0.0,""path"":""/home/nagan/autosbd-sc26-rg/data/derived/phase_b_prefixes/n2/AlphaDets_n0100.txt"",""sha256"":""bc288d1aa1293c495453c7bb7bf3079aa9d2e03c799715d2835d9a09034b9917"",""unique_count"":100},""beta_reuses_alpha"":true,""combined_input_sha256"":""1d928136c75b5deedcb2c11db761ed345aaa597dd9fa947d1b41ee63cafa3f5f"",""connectivity"":{""alpha"":{""determinants"":100,""directed_double_edges"":4508,""directed_single_edges"":1336,""double_degree_max"":61,""double_degree_mean"":45.08,""double_degree_min"":29,""double_edge_density"":0.45535353535353534,""single_degree_max"":35,""single_degree_mean"":13.36,""single_degree_min"":5,""single_edge_density"":0.13494949494949496,""unordered_pair_comparisons"":4950},""beta"":{""determinants"":100,""directed_double_edges"":4508,""directed_single_edges"":1336,""double_degree_max"":61,""double_degree_mean"":45.08,""double_degree_min"":29,""double_edge_density"":0.45535353535353534,""single_degree_max"":35,""single_degree_mean"":13.36,""single_degree_min"":5,""single_edge_density"":0.13494949494949496,""unordered_pair_comparisons"":4950},""pair_comparisons"":9900},""connectivity_pair_limit"":1000000,""fcidump"":{""compact_two_electron_slots"":14706,""core_integrals"":1,""exact_zero_integrals"":0,""file_bytes"":437951,""integral_records"":10325,""isym"":1,""max_abs_integral"":28.13104666664194,""ms2"":0,""n_electrons"":14,""n_orbitals"":18,""one_electron_integrals"":122,""orbsym"":[1,1,1,1,1,1,1,1,1,1,1,1,1,1,1,1,1,1],""path"":""/home/nagan/autosbd-sc26-rg/external/riken-sbd/data/n2/fcidump.txt"",""sha256"":""dee67eb5e8aee2f099953a52d7910db59bc7b284ad03a8fa7ffd2a4ba8efcf33"",""source_integral_doubles"":16650,""sum_abs_integrals"":500.99976876026955,""two_electron_fill_density"":0.6937304501563988,""two_electron_integrals"":10202},""log1p_method0_work_proxy"":14.90194803345196,""log1p_n_configurations"":9.210440366976517,""method0_work_proxy"":2963696,""n_configurations"":10000}"
554e9873bc7f588495a0c8845b9d2360098c1352301ecb07cf52a0971770cc46,433bf329ca5da080c31303361116ede5c7a58b3446f21451e093184c885e934a,0,2026-08-01T17:10:04.379627Z,2026-08-01T17:10:05.546466Z,true,,measured,0,n2,N2,6-31G,n2-prefix-0100,1d928136c75b5deedcb2c11db761ed345aaa597dd9fa947d1b41ee63cafa3f5f,amd-cpu-16,cpu,16,1.1113481970096473,0.540318,0.003514,,,18,100,100,10000,2963696,23.5234375,,"{""alpha"":{""bit_length"":18,""count"":100,""file_bytes"":1900,""occupancy_max"":7,""occupancy_mean"":7.0,""occupancy_min"":7,""occupancy_variance"":0.0,""path"":""/home/nagan/autosbd-sc26-rg/data/derived/phase_b_prefixes/n2/AlphaDets_n0100.txt"",""sha256"":""bc288d1aa1293c495453c7bb7bf3079aa9d2e03c799715d2835d9a09034b9917"",""unique_count"":100},""beta"":{""bit_length"":18,""count"":100,""file_bytes"":1900,""occupancy_max"":7,""occupancy_mean"":7.0,""occupancy_min"":7,""occupancy_variance"":0.0,""path"":""/home/nagan/autosbd-sc26-rg/data/derived/phase_b_prefixes/n2/AlphaDets_n0100.txt"",""sha256"":""bc288d1aa1293c495453c7bb7bf3079aa9d2e03c799715d2835d9a09034b9917"",""unique_count"":100},""beta_reuses_alpha"":true,""combined_input_sha256"":""1d928136c75b5deedcb2c11db761ed345aaa597dd9fa947d1b41ee63cafa3f5f"",""connectivity"":{""alpha"":{""determinants"":100,""directed_double_edges"":4508,""directed_single_edges"":1336,""double_degree_max"":61,""double_degree_mean"":45.08,""double_degree_min"":29,""double_edge_density"":0.45535353535353534,""single_degree_max"":35,""single_degree_mean"":13.36,""single_degree_min"":5,""single_edge_density"":0.13494949494949496,""unordered_pair_comparisons"":4950},""beta"":{""determinants"":100,""directed_double_edges"":4508,""directed_single_edges"":1336,""double_degree_max"":61,""double_degree_mean"":45.08,""double_degree_min"":29,""double_edge_density"":0.45535353535353534,""single_degree_max"":35,""single_degree_mean"":13.36,""single_degree_min"":5,""single_edge_density"":0.13494949494949496,""unordered_pair_comparisons"":4950},""pair_comparisons"":9900},""connectivity_pair_limit"":1000000,""fcidump"":{""compact_two_electron_slots"":14706,""core_integrals"":1,""exact_zero_integrals"":0,""file_bytes"":437951,""integral_records"":10325,""isym"":1,""max_abs_integral"":28.13104666664194,""ms2"":0,""n_electrons"":14,""n_orbitals"":18,""one_electron_integrals"":122,""orbsym"":[1,1,1,1,1,1,1,1,1,1,1,1,1,1,1,1,1,1],""path"":""/home/nagan/autosbd-sc26-rg/external/riken-sbd/data/n2/fcidump.txt"",""sha256"":""dee67eb5e8aee2f099953a52d7910db59bc7b284ad03a8fa7ffd2a4ba8efcf33"",""source_integral_doubles"":16650,""sum_abs_integrals"":500.99976876026955,""two_electron_fill_density"":0.6937304501563988,""two_electron_integrals"":10202},""log1p_method0_work_proxy"":14.90194803345196,""log1p_n_configurations"":9.210440366976517,""method0_work_proxy"":2963696,""n_configurations"":10000}"
2f052e065eb84d076229a35a6fffddeb33eccd11c574343e3448e7ff73a99877,2c094c24900fb992317c016927f9751a889cd13dc8eb55a3117c2bfc279ff012,0,2026-08-01T17:10:05.681275Z,2026-08-01T17:10:06.453326Z,true,,measured,0,h2o,H2O,cc-pVDZ,h2o-prefix-0055,d0872935a2dc0f51499913dbc2f2300c4158877041671b5eb2d7406276f4b6e4,amd-cpu-16,cpu,16,0.7084348049975233,0.132592,0.003042,,,24,55,55,3025,564481,22.8203125,,"{""alpha"":{""bit_length"":24,""count"":55,""file_bytes"":1375,""occupancy_max"":5,""occupancy_mean"":5.0,""occupancy_min"":5,""occupancy_variance"":0.0,""path"":""/home/nagan/autosbd-sc26-rg/data/derived/phase_b_prefixes/h2o/AlphaDets_n0055.txt"",""sha256"":""5e4b39a5043f24f7cdaabbc08de83d9d0b1d7e7bd44d0ee17093d9434de09463"",""unique_count"":55},""beta"":{""bit_length"":24,""count"":55,""file_bytes"":1375,""occupancy_max"":5,""occupancy_mean"":5.0,""occupancy_min"":5,""occupancy_variance"":0.0,""path"":""/home/nagan/autosbd-sc26-rg/data/derived/phase_b_prefixes/h2o/AlphaDets_n0055.txt"",""sha256"":""5e4b39a5043f24f7cdaabbc08de83d9d0b1d7e7bd44d0ee17093d9434de09463"",""unique_count"":55},""beta_reuses_alpha"":true,""combined_input_sha256"":""d0872935a2dc0f51499913dbc2f2300c4158877041671b5eb2d7406276f4b6e4"",""connectivity"":{""alpha"":{""determinants"":55,""directed_double_edges"":1512,""directed_single_edges"":576,""double_degree_max"":36,""double_degree_mean"":27.490909090909092,""double_degree_min"":16,""double_edge_density"":0.509090909090909,""single_degree_max"":27,""single_degree_mean"":10.472727272727273,""single_degree_min"":4,""single_edge_density"":0.19393939393939394,""unordered_pair_comparisons"":1485},""beta"":{""determinants"":55,""directed_double_edges"":1512,""directed_single_edges"":576,""double_degree_max"":36,""double_degree_mean"":27.490909090909092,""double_degree_min"":16,""double_edge_density"":0.509090909090909,""single_degree_max"":27,""single_degree_mean"":10.472727272727273,""single_degree_min"":4,""single_edge_density"":0.19393939393939394,""unordered_pair_comparisons"":1485},""pair_comparisons"":2970},""connectivity_pair_limit"":1000000,""fcidump"":{""compact_two_electron_slots"":45150,""core_integrals"":1,""exact_zero_integrals"":0,""file_bytes"":1124056,""integral_records"":26647,""isym"":1,""max_abs_integral"":33.02799415966381,""ms2"":0,""n_electrons"":10,""n_orbitals"":24,""one_electron_integrals"":202,""orbsym"":[1,1,1,1,1,1,1,1,1,1,1,1,1,1,1,1,1,1,1,1,1,1,1,1],""path"":""/home/nagan/autosbd-sc26-rg/external/riken-sbd/data/h2o/fcidump.txt"",""sha256"":""a3c2302834a33dce7260e8050a3f5180e05dbba1bb748f3e2f6410a7eacbd94d"",""source_integral_doubles"":48606,""sum_abs_integrals"":783.0966481208136,""two_electron_fill_density"":0.5856921373200443,""two_electron_integrals"":26444},""log1p_method0_work_proxy"":13.243663775438133,""log1p_n_configurations"":8.0149968943483,""method0_work_proxy"":564481,""n_configurations"":3025}"
5172c5ae7e421d21f24e8a0b0c4d22a0b17f333ce9147636fac28dcf34a6e56e,01c55d0ae419716315ce91ec0404be19546d8a49612e4128fd71e0fbb53e0f3e,0,2026-08-01T17:10:06.593146Z,2026-08-01T17:10:07.671349Z,true,,measured,0,h2o,H2O,cc-pVDZ,h2o-prefix-0055,d0872935a2dc0f51499913dbc2f2300c4158877041671b5eb2d7406276f4b6e4,amd-l4-default,gpu,1,1.012347633994068,0.070049,0.001224,,,24,55,55,3025,564481,79.390625,16.0,"{""alpha"":{""bit_length"":24,""count"":55,""file_bytes"":1375,""occupancy_max"":5,""occupancy_mean"":5.0,""occupancy_min"":5,""occupancy_variance"":0.0,""path"":""/home/nagan/autosbd-sc26-rg/data/derived/phase_b_prefixes/h2o/AlphaDets_n0055.txt"",""sha256"":""5e4b39a5043f24f7cdaabbc08de83d9d0b1d7e7bd44d0ee17093d9434de09463"",""unique_count"":55},""beta"":{""bit_length"":24,""count"":55,""file_bytes"":1375,""occupancy_max"":5,""occupancy_mean"":5.0,""occupancy_min"":5,""occupancy_variance"":0.0,""path"":""/home/nagan/autosbd-sc26-rg/data/derived/phase_b_prefixes/h2o/AlphaDets_n0055.txt"",""sha256"":""5e4b39a5043f24f7cdaabbc08de83d9d0b1d7e7bd44d0ee17093d9434de09463"",""unique_count"":55},""beta_reuses_alpha"":true,""combined_input_sha256"":""d0872935a2dc0f51499913dbc2f2300c4158877041671b5eb2d7406276f4b6e4"",""connectivity"":{""alpha"":{""determinants"":55,""directed_double_edges"":1512,""directed_single_edges"":576,""double_degree_max"":36,""double_degree_mean"":27.490909090909092,""double_degree_min"":16,""double_edge_density"":0.509090909090909,""single_degree_max"":27,""single_degree_mean"":10.472727272727273,""single_degree_min"":4,""single_edge_density"":0.19393939393939394,""unordered_pair_comparisons"":1485},""beta"":{""determinants"":55,""directed_double_edges"":1512,""directed_single_edges"":576,""double_degree_max"":36,""double_degree_mean"":27.490909090909092,""double_degree_min"":16,""double_edge_density"":0.509090909090909,""single_degree_max"":27,""single_degree_mean"":10.472727272727273,""single_degree_min"":4,""single_edge_density"":0.19393939393939394,""unordered_pair_comparisons"":1485},""pair_comparisons"":2970},""connectivity_pair_limit"":1000000,""fcidump"":{""compact_two_electron_slots"":45150,""core_integrals"":1,""exact_zero_integrals"":0,""file_bytes"":1124056,""integral_records"":26647,""isym"":1,""max_abs_integral"":33.02799415966381,""ms2"":0,""n_electrons"":10,""n_orbitals"":24,""one_electron_integrals"":202,""orbsym"":[1,1,1,1,1,1,1,1,1,1,1,1,1,1,1,1,1,1,1,1,1,1,1,1],""path"":""/home/nagan/autosbd-sc26-rg/external/riken-sbd/data/h2o/fcidump.txt"",""sha256"":""a3c2302834a33dce7260e8050a3f5180e05dbba1bb748f3e2f6410a7eacbd94d"",""source_integral_doubles"":48606,""sum_abs_integrals"":783.0966481208136,""two_electron_fill_density"":0.5856921373200443,""two_electron_integrals"":26444},""log1p_method0_work_proxy"":13.243663775438133,""log1p_n_configurations"":8.0149968943483,""method0_work_proxy"":564481,""n_configurations"":3025}"
434f9f108be40028b9d3a043be8237ddca827e78f5c49993d489ad0337b4497b,3cd1dd09790b6c8dff238e60c48a7e25ee687fb9b3f473b4b017724979c32c0d,0,2026-08-01T17:10:07.806876Z,2026-08-01T17:10:09.178274Z,true,,measured,0,h2o,H2O,cc-pVDZ,h2o-prefix-0100,8f6d951383efdfa90bdfdc8fc43e537f3e939861f6d1cd6b81d4217d95861751,amd-cpu-16,cpu,16,1.3111682730086613,0.677183,0.003104,,,24,100,100,10000,2899216,24.33984375,,"{""alpha"":{""bit_length"":24,""count"":100,""file_bytes"":2500,""occupancy_max"":5,""occupancy_mean"":5.0,""occupancy_min"":5,""occupancy_variance"":0.0,""path"":""/home/nagan/autosbd-sc26-rg/data/derived/phase_b_prefixes/h2o/AlphaDets_n0100.txt"",""sha256"":""e9839cc16b450597bac2d0e1c9e8357d6de0e76b6755aab0d3e73419ab329ce3"",""unique_count"":100},""beta"":{""bit_length"":24,""count"":100,""file_bytes"":2500,""occupancy_max"":5,""occupancy_mean"":5.0,""occupancy_min"":5,""occupancy_variance"":0.0,""path"":""/home/nagan/autosbd-sc26-rg/data/derived/phase_b_prefixes/h2o/AlphaDets_n0100.txt"",""sha256"":""e9839cc16b450597bac2d0e1c9e8357d6de0e76b6755aab0d3e73419ab329ce3"",""unique_count"":100},""beta_reuses_alpha"":true,""combined_input_sha256"":""8f6d951383efdfa90bdfdc8fc43e537f3e939861f6d1cd6b81d4217d95861751"",""connectivity"":{""alpha"":{""determinants"":100,""directed_double_edges"":4640,""directed_single_edges"":1304,""double_degree_max"":66,""double_degree_mean"":46.4,""double_degree_min"":21,""double_edge_density"":0.4686868686868687,""single_degree_max"":41,""single_degree_mean"":13.04,""single_degree_min"":4,""single_edge_density"":0.1317171717171717,""unordered_pair_comparisons"":4950},""beta"":{""determinants"":100,""directed_double_edges"":4640,""directed_single_edges"":1304,""double_degree_max"":66,""double_degree_mean"":46.4,""double_degree_min"":21,""double_edge_density"":0.4686868686868687,""single_degree_max"":41,""single_degree_mean"":13.04,""single_degree_min"":4,""single_edge_density"":0.1317171717171717,""unordered_pair_comparisons"":4950},""pair_comparisons"":9900},""connectivity_pair_limit"":1000000,""fcidump"":{""compact_two_electron_slots"":45150,""core_integrals"":1,""exact_zero_integrals"":0,""file_bytes"":1124056,""integral_records"":26647,""isym"":1,""max_abs_integral"":33.02799415966381,""ms2"":0,""n_electrons"":10,""n_orbitals"":24,""one_electron_integrals"":202,""orbsym"":[1,1,1,1,1,1,1,1,1,1,1,1,1,1,1,1,1,1,1,1,1,1,1,1],""path"":""/home/nagan/autosbd-sc26-rg/external/riken-sbd/data/h2o/fcidump.txt"",""sha256"":""a3c2302834a33dce7260e8050a3f5180e05dbba1bb748f3e2f6410a7eacbd94d"",""source_integral_doubles"":48606,""sum_abs_integrals"":783.0966481208136,""two_electron_fill_density"":0.5856921373200443,""two_electron_integrals"":26444},""log1p_method0_work_proxy"":14.87995125850014,""log1p_n_configurations"":9.210440366976517,""method0_work_proxy"":2899216,""n_configurations"":10000}"
1971d33da7db7c7dd5c1c71e21387a0ddabacc381a74361e64bed29f390bb856,30464649497fe9e397a7f0b9e6f42c9b6b6c28b50aaae5ae311684621902325b,0,2026-08-01T17:10:09.316647Z,2026-08-01T17:10:10.368020Z,true,,measured,0,h2o,H2O,cc-pVDZ,h2o-prefix-0100,8f6d951383efdfa90bdfdc8fc43e537f3e939861f6d1cd6b81d4217d95861751,amd-l4-default,gpu,1,0.9908766419976018,0.172906,0.003552,,,24,100,100,10000,2899216,120.875,192.0,"{""alpha"":{""bit_length"":24,""count"":100,""file_bytes"":2500,""occupancy_max"":5,""occupancy_mean"":5.0,""occupancy_min"":5,""occupancy_variance"":0.0,""path"":""/home/nagan/autosbd-sc26-rg/data/derived/phase_b_prefixes/h2o/AlphaDets_n0100.txt"",""sha256"":""e9839cc16b450597bac2d0e1c9e8357d6de0e76b6755aab0d3e73419ab329ce3"",""unique_count"":100},""beta"":{""bit_length"":24,""count"":100,""file_bytes"":2500,""occupancy_max"":5,""occupancy_mean"":5.0,""occupancy_min"":5,""occupancy_variance"":0.0,""path"":""/home/nagan/autosbd-sc26-rg/data/derived/phase_b_prefixes/h2o/AlphaDets_n0100.txt"",""sha256"":""e9839cc16b450597bac2d0e1c9e8357d6de0e76b6755aab0d3e73419ab329ce3"",""unique_count"":100},""beta_reuses_alpha"":true,""combined_input_sha256"":""8f6d951383efdfa90bdfdc8fc43e537f3e939861f6d1cd6b81d4217d95861751"",""connectivity"":{""alpha"":{""determinants"":100,""directed_double_edges"":4640,""directed_single_edges"":1304,""double_degree_max"":66,""double_degree_mean"":46.4,""double_degree_min"":21,""double_edge_density"":0.4686868686868687,""single_degree_max"":41,""single_degree_mean"":13.04,""single_degree_min"":4,""single_edge_density"":0.1317171717171717,""unordered_pair_comparisons"":4950},""beta"":{""determinants"":100,""directed_double_edges"":4640,""directed_single_edges"":1304,""double_degree_max"":66,""double_degree_mean"":46.4,""double_degree_min"":21,""double_edge_density"":0.4686868686868687,""single_degree_max"":41,""single_degree_mean"":13.04,""single_degree_min"":4,""single_edge_density"":0.1317171717171717,""unordered_pair_comparisons"":4950},""pair_comparisons"":9900},""connectivity_pair_limit"":1000000,""fcidump"":{""compact_two_electron_slots"":45150,""core_integrals"":1,""exact_zero_integrals"":0,""file_bytes"":1124056,""integral_records"":26647,""isym"":1,""max_abs_integral"":33.02799415966381,""ms2"":0,""n_electrons"":10,""n_orbitals"":24,""one_electron_integrals"":202,""orbsym"":[1,1,1,1,1,1,1,1,1,1,1,1,1,1,1,1,1,1,1,1,1,1,1,1],""path"":""/home/nagan/autosbd-sc26-rg/external/riken-sbd/data/h2o/fcidump.txt"",""sha256"":""a3c2302834a33dce7260e8050a3f5180e05dbba1bb748f3e2f6410a7eacbd94d"",""source_integral_doubles"":48606,""sum_abs_integrals"":783.0966481208136,""two_electron_fill_density"":0.5856921373200443,""two_electron_integrals"":26444},""log1p_method0_work_proxy"":14.87995125850014,""log1p_n_configurations"":9.210440366976517,""method0_work_proxy"":2899216,""n_configurations"":10000}"
8873846ea1614eab0fa28ca88ce910d9b89f6493b31670c1ba9b9680f873535c,8673517f1aee5644e3f2570af5b3f41378920c57e1417370ae346acb446c13be,0,2026-08-01T17:10:10.430156Z,2026-08-01T17:10:11.194831Z,true,,measured,1,n2,N2,6-31G,n2-prefix-0055,4507b50dbe257a7a5d0b15b1536c16526f2f0ab957eead9d7e17d765571a3637,amd-cpu-16,cpu,16,0.7082737710006768,0.132812,0.002965,,,18,55,55,3025,712569,21.609375,,"{""alpha"":{""bit_length"":18,""count"":55,""file_bytes"":1045,""occupancy_max"":7,""occupancy_mean"":7.0,""occupancy_min"":7,""occupancy_variance"":0.0,""path"":""/home/nagan/autosbd-sc26-rg/data/derived/phase_b_prefixes/n2/AlphaDets_n0055.txt"",""sha256"":""75b771bea9661bb23f98f6e2bdd165e47841cee8e8de91c13959eb40abc54d79"",""unique_count"":55},""beta"":{""bit_length"":18,""count"":55,""file_bytes"":1045,""occupancy_max"":7,""occupancy_mean"":7.0,""occupancy_min"":7,""occupancy_variance"":0.0,""path"":""/home/nagan/autosbd-sc26-rg/data/derived/phase_b_prefixes/n2/AlphaDets_n0055.txt"",""sha256"":""75b771bea9661bb23f98f6e2bdd165e47841cee8e8de91c13959eb40abc54d79"",""unique_count"":55},""beta_reuses_alpha"":true,""combined_input_sha256"":""4507b50dbe257a7a5d0b15b1536c16526f2f0ab957eead9d7e17d765571a3637"",""connectivity"":{""alpha"":{""determinants"":55,""directed_double_edges"":1540,""directed_single_edges"":682,""double_degree_max"":32,""double_degree_mean"":28.0,""double_degree_min"":22,""double_edge_density"":0.5185185185185185,""single_degree_max"":20,""single_degree_mean"":12.4,""single_degree_min"":7,""single_edge_density"":0.22962962962962963,""unordered_pair_comparisons"":1485},""beta"":{""determinants"":55,""directed_double_edges"":1540,""directed_single_edges"":682,""double_degree_max"":32,""double_degree_mean"":28.0,""double_degree_min"":22,""double_edge_density"":0.5185185185185185,""single_degree_max"":20,""single_degree_mean"":12.4,""single_degree_min"":7,""single_edge_density"":0.22962962962962963,""unordered_pair_comparisons"":1485},""pair_comparisons"":2970},""connectivity_pair_limit"":1000000,""fcidump"":{""compact_two_electron_slots"":14706,""core_integrals"":1,""exact_zero_integrals"":0,""file_bytes"":437951,""integral_records"":10325,""isym"":1,""max_abs_integral"":28.13104666664194,""ms2"":0,""n_electrons"":14,""n_orbitals"":18,""one_electron_integrals"":122,""orbsym"":[1,1,1,1,1,1,1,1,1,1,1,1,1,1,1,1,1,1],""path"":""/home/nagan/autosbd-sc26-rg/external/riken-sbd/data/n2/fcidump.txt"",""sha256"":""dee67eb5e8aee2f099953a52d7910db59bc7b284ad03a8fa7ffd2a4ba8efcf33"",""source_integral_doubles"":16650,""sum_abs_integrals"":500.99976876026955,""two_electron_fill_density"":0.6937304501563988,""two_electron_integrals"":10202},""log1p_method0_work_proxy"":13.476633431913193,""log1p_n_configurations"":8.0149968943483,""method0_work_proxy"":712569,""n_configurations"":3025}"
e0dbffe289887127450fe4f859266661805df348c0a2a117f745871334cfa3b0,5f4c505b4f223a6da74e5f3c44336ef8c0296a37b3b3b47b4e91495bb697676c,0,2026-08-01T17:10:11.262189Z,2026-08-01T17:10:12.102218Z,true,,measured,1,n2,N2,6-31G,n2-prefix-0055,4507b50dbe257a7a5d0b15b1536c16526f2f0ab957eead9d7e17d765571a3637,amd-l4-default,gpu,1,0.7849586869997438,0.037907,0.001145,,,18,55,55,3025,712569,110.89453125,192.0,"{""alpha"":{""bit_length"":18,""count"":55,""file_bytes"":1045,""occupancy_max"":7,""occupancy_mean"":7.0,""occupancy_min"":7,""occupancy_variance"":0.0,""path"":""/home/nagan/autosbd-sc26-rg/data/derived/phase_b_prefixes/n2/AlphaDets_n0055.txt"",""sha256"":""75b771bea9661bb23f98f6e2bdd165e47841cee8e8de91c13959eb40abc54d79"",""unique_count"":55},""beta"":{""bit_length"":18,""count"":55,""file_bytes"":1045,""occupancy_max"":7,""occupancy_mean"":7.0,""occupancy_min"":7,""occupancy_variance"":0.0,""path"":""/home/nagan/autosbd-sc26-rg/data/derived/phase_b_prefixes/n2/AlphaDets_n0055.txt"",""sha256"":""75b771bea9661bb23f98f6e2bdd165e47841cee8e8de91c13959eb40abc54d79"",""unique_count"":55},""beta_reuses_alpha"":true,""combined_input_sha256"":""4507b50dbe257a7a5d0b15b1536c16526f2f0ab957eead9d7e17d765571a3637"",""connectivity"":{""alpha"":{""determinants"":55,""directed_double_edges"":1540,""directed_single_edges"":682,""double_degree_max"":32,""double_degree_mean"":28.0,""double_degree_min"":22,""double_edge_density"":0.5185185185185185,""single_degree_max"":20,""single_degree_mean"":12.4,""single_degree_min"":7,""single_edge_density"":0.22962962962962963,""unordered_pair_comparisons"":1485},""beta"":{""determinants"":55,""directed_double_edges"":1540,""directed_single_edges"":682,""double_degree_max"":32,""double_degree_mean"":28.0,""double_degree_min"":22,""double_edge_density"":0.5185185185185185,""single_degree_max"":20,""single_degree_mean"":12.4,""single_degree_min"":7,""single_edge_density"":0.22962962962962963,""unordered_pair_comparisons"":1485},""pair_comparisons"":2970},""connectivity_pair_limit"":1000000,""fcidump"":{""compact_two_electron_slots"":14706,""core_integrals"":1,""exact_zero_integrals"":0,""file_bytes"":437951,""integral_records"":10325,""isym"":1,""max_abs_integral"":28.13104666664194,""ms2"":0,""n_electrons"":14,""n_orbitals"":18,""one_electron_integrals"":122,""orbsym"":[1,1,1,1,1,1,1,1,1,1,1,1,1,1,1,1,1,1],""path"":""/home/nagan/autosbd-sc26-rg/external/riken-sbd/data/n2/fcidump.txt"",""sha256"":""dee67eb5e8aee2f099953a52d7910db59bc7b284ad03a8fa7ffd2a4ba8efcf33"",""source_integral_doubles"":16650,""sum_abs_integrals"":500.99976876026955,""two_electron_fill_density"":0.6937304501563988,""two_electron_integrals"":10202},""log1p_method0_work_proxy"":13.476633431913193,""log1p_n_configurations"":8.0149968943483,""method0_work_proxy"":712569,""n_configurations"":3025}"
8c6372b2126d6157d234c9d4f895c2a86a391c99962fb29c1f9bb285b8c5e34c,98ced508eb077f1dc7cb791979c45d7d6b8a8567af831a3872bdf321af6569e5,0,2026-08-01T17:10:12.165548Z,2026-08-01T17:10:13.329831Z,true,,measured,1,n2,N2,6-31G,n2-prefix-0100,1d928136c75b5deedcb2c11db761ed345aaa597dd9fa947d1b41ee63cafa3f5f,amd-cpu-16,cpu,16,1.1115570510010002,0.538051,0.003289,,,18,100,100,10000,2963696,23.51953125,,"{""alpha"":{""bit_length"":18,""count"":100,""file_bytes"":1900,""occupancy_max"":7,""occupancy_mean"":7.0,""occupancy_min"":7,""occupancy_variance"":0.0,""path"":""/home/nagan/autosbd-sc26-rg/data/derived/phase_b_prefixes/n2/AlphaDets_n0100.txt"",""sha256"":""bc288d1aa1293c495453c7bb7bf3079aa9d2e03c799715d2835d9a09034b9917"",""unique_count"":100},""beta"":{""bit_length"":18,""count"":100,""file_bytes"":1900,""occupancy_max"":7,""occupancy_mean"":7.0,""occupancy_min"":7,""occupancy_variance"":0.0,""path"":""/home/nagan/autosbd-sc26-rg/data/derived/phase_b_prefixes/n2/AlphaDets_n0100.txt"",""sha256"":""bc288d1aa1293c495453c7bb7bf3079aa9d2e03c799715d2835d9a09034b9917"",""unique_count"":100},""beta_reuses_alpha"":true,""combined_input_sha256"":""1d928136c75b5deedcb2c11db761ed345aaa597dd9fa947d1b41ee63cafa3f5f"",""connectivity"":{""alpha"":{""determinants"":100,""directed_double_edges"":4508,""directed_single_edges"":1336,""double_degree_max"":61,""double_degree_mean"":45.08,""double_degree_min"":29,""double_edge_density"":0.45535353535353534,""single_degree_max"":35,""single_degree_mean"":13.36,""single_degree_min"":5,""single_edge_density"":0.13494949494949496,""unordered_pair_comparisons"":4950},""beta"":{""determinants"":100,""directed_double_edges"":4508,""directed_single_edges"":1336,""double_degree_max"":61,""double_degree_mean"":45.08,""double_degree_min"":29,""double_edge_density"":0.45535353535353534,""single_degree_max"":35,""single_degree_mean"":13.36,""single_degree_min"":5,""single_edge_density"":0.13494949494949496,""unordered_pair_comparisons"":4950},""pair_comparisons"":9900},""connectivity_pair_limit"":1000000,""fcidump"":{""compact_two_electron_slots"":14706,""core_integrals"":1,""exact_zero_integrals"":0,""file_bytes"":437951,""integral_records"":10325,""isym"":1,""max_abs_integral"":28.13104666664194,""ms2"":0,""n_electrons"":14,""n_orbitals"":18,""one_electron_integrals"":122,""orbsym"":[1,1,1,1,1,1,1,1,1,1,1,1,1,1,1,1,1,1],""path"":""/home/nagan/autosbd-sc26-rg/external/riken-sbd/data/n2/fcidump.txt"",""sha256"":""dee67eb5e8aee2f099953a52d7910db59bc7b284ad03a8fa7ffd2a4ba8efcf33"",""source_integral_doubles"":16650,""sum_abs_integrals"":500.99976876026955,""two_electron_fill_density"":0.6937304501563988,""two_electron_integrals"":10202},""log1p_method0_work_proxy"":14.90194803345196,""log1p_n_configurations"":9.210440366976517,""method0_work_proxy"":2963696,""n_configurations"":10000}"
5cd6f2cd8da1af42fa868b627829d35a12af5ddbd293f4cf3022822da87ea640,43cc13f66907d55184bdcc6c7615aeec0dd5988d01caa5ebe504013703099efd,0,2026-08-01T17:10:13.398062Z,2026-08-01T17:10:14.451573Z,true,,measured,1,n2,N2,6-31G,n2-prefix-0100,1d928136c75b5deedcb2c11db761ed345aaa597dd9fa947d1b41ee63cafa3f5f,amd-l4-default,gpu,1,0.9952696120017208,0.102925,0.0034070000000000003,,,18,100,100,10000,2963696,110.95703125,192.0,"{""alpha"":{""bit_length"":18,""count"":100,""file_bytes"":1900,""occupancy_max"":7,""occupancy_mean"":7.0,""occupancy_min"":7,""occupancy_variance"":0.0,""path"":""/home/nagan/autosbd-sc26-rg/data/derived/phase_b_prefixes/n2/AlphaDets_n0100.txt"",""sha256"":""bc288d1aa1293c495453c7bb7bf3079aa9d2e03c799715d2835d9a09034b9917"",""unique_count"":100},""beta"":{""bit_length"":18,""count"":100,""file_bytes"":1900,""occupancy_max"":7,""occupancy_mean"":7.0,""occupancy_min"":7,""occupancy_variance"":0.0,""path"":""/home/nagan/autosbd-sc26-rg/data/derived/phase_b_prefixes/n2/AlphaDets_n0100.txt"",""sha256"":""bc288d1aa1293c495453c7bb7bf3079aa9d2e03c799715d2835d9a09034b9917"",""unique_count"":100},""beta_reuses_alpha"":true,""combined_input_sha256"":""1d928136c75b5deedcb2c11db761ed345aaa597dd9fa947d1b41ee63cafa3f5f"",""connectivity"":{""alpha"":{""determinants"":100,""directed_double_edges"":4508,""directed_single_edges"":1336,""double_degree_max"":61,""double_degree_mean"":45.08,""double_degree_min"":29,""double_edge_density"":0.45535353535353534,""single_degree_max"":35,""single_degree_mean"":13.36,""single_degree_min"":5,""single_edge_density"":0.13494949494949496,""unordered_pair_comparisons"":4950},""beta"":{""determinants"":100,""directed_double_edges"":4508,""directed_single_edges"":1336,""double_degree_max"":61,""double_degree_mean"":45.08,""double_degree_min"":29,""double_edge_density"":0.45535353535353534,""single_degree_max"":35,""single_degree_mean"":13.36,""single_degree_min"":5,""single_edge_density"":0.13494949494949496,""unordered_pair_comparisons"":4950},""pair_comparisons"":9900},""connectivity_pair_limit"":1000000,""fcidump"":{""compact_two_electron_slots"":14706,""core_integrals"":1,""exact_zero_integrals"":0,""file_bytes"":437951,""integral_records"":10325,""isym"":1,""max_abs_integral"":28.13104666664194,""ms2"":0,""n_electrons"":14,""n_orbitals"":18,""one_electron_integrals"":122,""orbsym"":[1,1,1,1,1,1,1,1,1,1,1,1,1,1,1,1,1,1],""path"":""/home/nagan/autosbd-sc26-rg/external/riken-sbd/data/n2/fcidump.txt"",""sha256"":""dee67eb5e8aee2f099953a52d7910db59bc7b284ad03a8fa7ffd2a4ba8efcf33"",""source_integral_doubles"":16650,""sum_abs_integrals"":500.99976876026955,""two_electron_fill_density"":0.6937304501563988,""two_electron_integrals"":10202},""log1p_method0_work_proxy"":14.90194803345196,""log1p_n_configurations"":9.210440366976517,""method0_work_proxy"":2963696,""n_configurations"":10000}"
ab75586d5e84211264de38f247849e42e610428b8f2202af12ce9c0772feee31,e6bd39bd5714cd139b13f331a0ad62a9baa26522ba5501def51ae8d2fc588574,0,2026-08-01T17:10:14.585649Z,2026-08-01T17:10:15.354226Z,true,,measured,1,h2o,H2O,cc-pVDZ,h2o-prefix-0055,d0872935a2dc0f51499913dbc2f2300c4158877041671b5eb2d7406276f4b6e4,amd-cpu-16,cpu,16,0.7080061099986779,0.129133,0.00268,,,24,55,55,3025,564481,22.79296875,,"{""alpha"":{""bit_length"":24,""count"":55,""file_bytes"":1375,""occupancy_max"":5,""occupancy_mean"":5.0,""occupancy_min"":5,""occupancy_variance"":0.0,""path"":""/home/nagan/autosbd-sc26-rg/data/derived/phase_b_prefixes/h2o/AlphaDets_n0055.txt"",""sha256"":""5e4b39a5043f24f7cdaabbc08de83d9d0b1d7e7bd44d0ee17093d9434de09463"",""unique_count"":55},""beta"":{""bit_length"":24,""count"":55,""file_bytes"":1375,""occupancy_max"":5,""occupancy_mean"":5.0,""occupancy_min"":5,""occupancy_variance"":0.0,""path"":""/home/nagan/autosbd-sc26-rg/data/derived/phase_b_prefixes/h2o/AlphaDets_n0055.txt"",""sha256"":""5e4b39a5043f24f7cdaabbc08de83d9d0b1d7e7bd44d0ee17093d9434de09463"",""unique_count"":55},""beta_reuses_alpha"":true,""combined_input_sha256"":""d0872935a2dc0f51499913dbc2f2300c4158877041671b5eb2d7406276f4b6e4"",""connectivity"":{""alpha"":{""determinants"":55,""directed_double_edges"":1512,""directed_single_edges"":576,""double_degree_max"":36,""double_degree_mean"":27.490909090909092,""double_degree_min"":16,""double_edge_density"":0.509090909090909,""single_degree_max"":27,""single_degree_mean"":10.472727272727273,""single_degree_min"":4,""single_edge_density"":0.19393939393939394,""unordered_pair_comparisons"":1485},""beta"":{""determinants"":55,""directed_double_edges"":1512,""directed_single_edges"":576,""double_degree_max"":36,""double_degree_mean"":27.490909090909092,""double_degree_min"":16,""double_edge_density"":0.509090909090909,""single_degree_max"":27,""single_degree_mean"":10.472727272727273,""single_degree_min"":4,""single_edge_density"":0.19393939393939394,""unordered_pair_comparisons"":1485},""pair_comparisons"":2970},""connectivity_pair_limit"":1000000,""fcidump"":{""compact_two_electron_slots"":45150,""core_integrals"":1,""exact_zero_integrals"":0,""file_bytes"":1124056,""integral_records"":26647,""isym"":1,""max_abs_integral"":33.02799415966381,""ms2"":0,""n_electrons"":10,""n_orbitals"":24,""one_electron_integrals"":202,""orbsym"":[1,1,1,1,1,1,1,1,1,1,1,1,1,1,1,1,1,1,1,1,1,1,1,1],""path"":""/home/nagan/autosbd-sc26-rg/external/riken-sbd/data/h2o/fcidump.txt"",""sha256"":""a3c2302834a33dce7260e8050a3f5180e05dbba1bb748f3e2f6410a7eacbd94d"",""source_integral_doubles"":48606,""sum_abs_integrals"":783.0966481208136,""two_electron_fill_density"":0.5856921373200443,""two_electron_integrals"":26444},""log1p_method0_work_proxy"":13.243663775438133,""log1p_n_configurations"":8.0149968943483,""method0_work_proxy"":564481,""n_configurations"":3025}"
7f60ab54f50bf383cbb19af19dcf4dc1e2a62c3ac77d19e747adb7d563ca3370,b1308ce2b8359ee0a545e4bc93ed27d3edced1b896f5d3389baf0e243c0189fe,0,2026-08-01T17:10:15.493166Z,2026-08-01T17:10:16.510411Z,true,,measured,1,h2o,H2O,cc-pVDZ,h2o-prefix-0055,d0872935a2dc0f51499913dbc2f2300c4158877041671b5eb2d7406276f4b6e4,amd-l4-default,gpu,1,0.9579940550029278,0.07039999999999999,0.00121,,,24,55,55,3025,564481,79.2734375,14.0,"{""alpha"":{""bit_length"":24,""count"":55,""file_bytes"":1375,""occupancy_max"":5,""occupancy_mean"":5.0,""occupancy_min"":5,""occupancy_variance"":0.0,""path"":""/home/nagan/autosbd-sc26-rg/data/derived/phase_b_prefixes/h2o/AlphaDets_n0055.txt"",""sha256"":""5e4b39a5043f24f7cdaabbc08de83d9d0b1d7e7bd44d0ee17093d9434de09463"",""unique_count"":55},""beta"":{""bit_length"":24,""count"":55,""file_bytes"":1375,""occupancy_max"":5,""occupancy_mean"":5.0,""occupancy_min"":5,""occupancy_variance"":0.0,""path"":""/home/nagan/autosbd-sc26-rg/data/derived/phase_b_prefixes/h2o/AlphaDets_n0055.txt"",""sha256"":""5e4b39a5043f24f7cdaabbc08de83d9d0b1d7e7bd44d0ee17093d9434de09463"",""unique_count"":55},""beta_reuses_alpha"":true,""combined_input_sha256"":""d0872935a2dc0f51499913dbc2f2300c4158877041671b5eb2d7406276f4b6e4"",""connectivity"":{""alpha"":{""determinants"":55,""directed_double_edges"":1512,""directed_single_edges"":576,""double_degree_max"":36,""double_degree_mean"":27.490909090909092,""double_degree_min"":16,""double_edge_density"":0.509090909090909,""single_degree_max"":27,""single_degree_mean"":10.472727272727273,""single_degree_min"":4,""single_edge_density"":0.19393939393939394,""unordered_pair_comparisons"":1485},""beta"":{""determinants"":55,""directed_double_edges"":1512,""directed_single_edges"":576,""double_degree_max"":36,""double_degree_mean"":27.490909090909092,""double_degree_min"":16,""double_edge_density"":0.509090909090909,""single_degree_max"":27,""single_degree_mean"":10.472727272727273,""single_degree_min"":4,""single_edge_density"":0.19393939393939394,""unordered_pair_comparisons"":1485},""pair_comparisons"":2970},""connectivity_pair_limit"":1000000,""fcidump"":{""compact_two_electron_slots"":45150,""core_integrals"":1,""exact_zero_integrals"":0,""file_bytes"":1124056,""integral_records"":26647,""isym"":1,""max_abs_integral"":33.02799415966381,""ms2"":0,""n_electrons"":10,""n_orbitals"":24,""one_electron_integrals"":202,""orbsym"":[1,1,1,1,1,1,1,1,1,1,1,1,1,1,1,1,1,1,1,1,1,1,1,1],""path"":""/home/nagan/autosbd-sc26-rg/external/riken-sbd/data/h2o/fcidump.txt"",""sha256"":""a3c2302834a33dce7260e8050a3f5180e05dbba1bb748f3e2f6410a7eacbd94d"",""source_integral_doubles"":48606,""sum_abs_integrals"":783.0966481208136,""two_electron_fill_density"":0.5856921373200443,""two_electron_integrals"":26444},""log1p_method0_work_proxy"":13.243663775438133,""log1p_n_configurations"":8.0149968943483,""method0_work_proxy"":564481,""n_configurations"":3025}"
acd4b5e3df8c31ee18002e97a018432660f9d20a1eb84767351f399411420d73,73dd6949c4ffe7358d58139b96aa1569b3390f27cd58580a1a1073dc22d1a975,0,2026-08-01T17:10:16.645556Z,2026-08-01T17:10:18.017872Z,true,,measured,1,h2o,H2O,cc-pVDZ,h2o-prefix-0100,8f6d951383efdfa90bdfdc8fc43e537f3e939861f6d1cd6b81d4217d95861751,amd-cpu-16,cpu,16,1.3114063190005254,0.6759,0.003258,,,24,100,100,10000,2899216,24.24609375,,"{""alpha"":{""bit_length"":24,""count"":100,""file_bytes"":2500,""occupancy_max"":5,""occupancy_mean"":5.0,""occupancy_min"":5,""occupancy_variance"":0.0,""path"":""/home/nagan/autosbd-sc26-rg/data/derived/phase_b_prefixes/h2o/AlphaDets_n0100.txt"",""sha256"":""e9839cc16b450597bac2d0e1c9e8357d6de0e76b6755aab0d3e73419ab329ce3"",""unique_count"":100},""beta"":{""bit_length"":24,""count"":100,""file_bytes"":2500,""occupancy_max"":5,""occupancy_mean"":5.0,""occupancy_min"":5,""occupancy_variance"":0.0,""path"":""/home/nagan/autosbd-sc26-rg/data/derived/phase_b_prefixes/h2o/AlphaDets_n0100.txt"",""sha256"":""e9839cc16b450597bac2d0e1c9e8357d6de0e76b6755aab0d3e73419ab329ce3"",""unique_count"":100},""beta_reuses_alpha"":true,""combined_input_sha256"":""8f6d951383efdfa90bdfdc8fc43e537f3e939861f6d1cd6b81d4217d95861751"",""connectivity"":{""alpha"":{""determinants"":100,""directed_double_edges"":4640,""directed_single_edges"":1304,""double_degree_max"":66,""double_degree_mean"":46.4,""double_degree_min"":21,""double_edge_density"":0.4686868686868687,""single_degree_max"":41,""single_degree_mean"":13.04,""single_degree_min"":4,""single_edge_density"":0.1317171717171717,""unordered_pair_comparisons"":4950},""beta"":{""determinants"":100,""directed_double_edges"":4640,""directed_single_edges"":1304,""double_degree_max"":66,""double_degree_mean"":46.4,""double_degree_min"":21,""double_edge_density"":0.4686868686868687,""single_degree_max"":41,""single_degree_mean"":13.04,""single_degree_min"":4,""single_edge_density"":0.1317171717171717,""unordered_pair_comparisons"":4950},""pair_comparisons"":9900},""connectivity_pair_limit"":1000000,""fcidump"":{""compact_two_electron_slots"":45150,""core_integrals"":1,""exact_zero_integrals"":0,""file_bytes"":1124056,""integral_records"":26647,""isym"":1,""max_abs_integral"":33.02799415966381,""ms2"":0,""n_electrons"":10,""n_orbitals"":24,""one_electron_integrals"":202,""orbsym"":[1,1,1,1,1,1,1,1,1,1,1,1,1,1,1,1,1,1,1,1,1,1,1,1],""path"":""/home/nagan/autosbd-sc26-rg/external/riken-sbd/data/h2o/fcidump.txt"",""sha256"":""a3c2302834a33dce7260e8050a3f5180e05dbba1bb748f3e2f6410a7eacbd94d"",""source_integral_doubles"":48606,""sum_abs_integrals"":783.0966481208136,""two_electron_fill_density"":0.5856921373200443,""two_electron_integrals"":26444},""log1p_method0_work_proxy"":14.87995125850014,""log1p_n_configurations"":9.210440366976517,""method0_work_proxy"":2899216,""n_configurations"":10000}"
53bd165138d6a0aab06c16e7b296b8b2834f500dfe6851f750af488fe4b81c45,5abe39d7759bc6ae3545a71ee590bf009461e4a1fcda514f50fa620c24a312fd,0,2026-08-01T17:10:18.158411Z,2026-08-01T17:10:19.210978Z,true,,measured,1,h2o,H2O,cc-pVDZ,h2o-prefix-0100,8f6d951383efdfa90bdfdc8fc43e537f3e939861f6d1cd6b81d4217d95861751,amd-l4-default,gpu,1,0.993561792987748,0.173511,0.00365,,,24,100,100,10000,2899216,120.91015625,192.0,"{""alpha"":{""bit_length"":24,""count"":100,""file_bytes"":2500,""occupancy_max"":5,""occupancy_mean"":5.0,""occupancy_min"":5,""occupancy_variance"":0.0,""path"":""/home/nagan/autosbd-sc26-rg/data/derived/phase_b_prefixes/h2o/AlphaDets_n0100.txt"",""sha256"":""e9839cc16b450597bac2d0e1c9e8357d6de0e76b6755aab0d3e73419ab329ce3"",""unique_count"":100},""beta"":{""bit_length"":24,""count"":100,""file_bytes"":2500,""occupancy_max"":5,""occupancy_mean"":5.0,""occupancy_min"":5,""occupancy_variance"":0.0,""path"":""/home/nagan/autosbd-sc26-rg/data/derived/phase_b_prefixes/h2o/AlphaDets_n0100.txt"",""sha256"":""e9839cc16b450597bac2d0e1c9e8357d6de0e76b6755aab0d3e73419ab329ce3"",""unique_count"":100},""beta_reuses_alpha"":true,""combined_input_sha256"":""8f6d951383efdfa90bdfdc8fc43e537f3e939861f6d1cd6b81d4217d95861751"",""connectivity"":{""alpha"":{""determinants"":100,""directed_double_edges"":4640,""directed_single_edges"":1304,""double_degree_max"":66,""double_degree_mean"":46.4,""double_degree_min"":21,""double_edge_density"":0.4686868686868687,""single_degree_max"":41,""single_degree_mean"":13.04,""single_degree_min"":4,""single_edge_density"":0.1317171717171717,""unordered_pair_comparisons"":4950},""beta"":{""determinants"":100,""directed_double_edges"":4640,""directed_single_edges"":1304,""double_degree_max"":66,""double_degree_mean"":46.4,""double_degree_min"":21,""double_edge_density"":0.4686868686868687,""single_degree_max"":41,""single_degree_mean"":13.04,""single_degree_min"":4,""single_edge_density"":0.1317171717171717,""unordered_pair_comparisons"":4950},""pair_comparisons"":9900},""connectivity_pair_limit"":1000000,""fcidump"":{""compact_two_electron_slots"":45150,""core_integrals"":1,""exact_zero_integrals"":0,""file_bytes"":1124056,""integral_records"":26647,""isym"":1,""max_abs_integral"":33.02799415966381,""ms2"":0,""n_electrons"":10,""n_orbitals"":24,""one_electron_integrals"":202,""orbsym"":[1,1,1,1,1,1,1,1,1,1,1,1,1,1,1,1,1,1,1,1,1,1,1,1],""path"":""/home/nagan/autosbd-sc26-rg/external/riken-sbd/data/h2o/fcidump.txt"",""sha256"":""a3c2302834a33dce7260e8050a3f5180e05dbba1bb748f3e2f6410a7eacbd94d"",""source_integral_doubles"":48606,""sum_abs_integrals"":783.0966481208136,""two_electron_fill_density"":0.5856921373200443,""two_electron_integrals"":26444},""log1p_method0_work_proxy"":14.87995125850014,""log1p_n_configurations"":9.210440366976517,""method0_work_proxy"":2899216,""n_configurations"":10000}"
037d8d05c7a1c6aca8f52a193786cb433edcbbbdeb47b95edec66e3c03a584ef,23017bd8de2c80079a6f1b53c190aaaca29405c12f21c8e7058040cd90f1a3d6,0,2026-08-01T17:10:19.277174Z,2026-08-01T17:10:20.121673Z,true,,measured,2,n2,N2,6-31G,n2-prefix-0055,4507b50dbe257a7a5d0b15b1536c16526f2f0ab957eead9d7e17d765571a3637,amd-l4-default,gpu,1,0.790318446001038,0.038106,0.001117,,,18,55,55,3025,712569,115.1875,192.0,"{""alpha"":{""bit_length"":18,""count"":55,""file_bytes"":1045,""occupancy_max"":7,""occupancy_mean"":7.0,""occupancy_min"":7,""occupancy_variance"":0.0,""path"":""/home/nagan/autosbd-sc26-rg/data/derived/phase_b_prefixes/n2/AlphaDets_n0055.txt"",""sha256"":""75b771bea9661bb23f98f6e2bdd165e47841cee8e8de91c13959eb40abc54d79"",""unique_count"":55},""beta"":{""bit_length"":18,""count"":55,""file_bytes"":1045,""occupancy_max"":7,""occupancy_mean"":7.0,""occupancy_min"":7,""occupancy_variance"":0.0,""path"":""/home/nagan/autosbd-sc26-rg/data/derived/phase_b_prefixes/n2/AlphaDets_n0055.txt"",""sha256"":""75b771bea9661bb23f98f6e2bdd165e47841cee8e8de91c13959eb40abc54d79"",""unique_count"":55},""beta_reuses_alpha"":true,""combined_input_sha256"":""4507b50dbe257a7a5d0b15b1536c16526f2f0ab957eead9d7e17d765571a3637"",""connectivity"":{""alpha"":{""determinants"":55,""directed_double_edges"":1540,""directed_single_edges"":682,""double_degree_max"":32,""double_degree_mean"":28.0,""double_degree_min"":22,""double_edge_density"":0.5185185185185185,""single_degree_max"":20,""single_degree_mean"":12.4,""single_degree_min"":7,""single_edge_density"":0.22962962962962963,""unordered_pair_comparisons"":1485},""beta"":{""determinants"":55,""directed_double_edges"":1540,""directed_single_edges"":682,""double_degree_max"":32,""double_degree_mean"":28.0,""double_degree_min"":22,""double_edge_density"":0.5185185185185185,""single_degree_max"":20,""single_degree_mean"":12.4,""single_degree_min"":7,""single_edge_density"":0.22962962962962963,""unordered_pair_comparisons"":1485},""pair_comparisons"":2970},""connectivity_pair_limit"":1000000,""fcidump"":{""compact_two_electron_slots"":14706,""core_integrals"":1,""exact_zero_integrals"":0,""file_bytes"":437951,""integral_records"":10325,""isym"":1,""max_abs_integral"":28.13104666664194,""ms2"":0,""n_electrons"":14,""n_orbitals"":18,""one_electron_integrals"":122,""orbsym"":[1,1,1,1,1,1,1,1,1,1,1,1,1,1,1,1,1,1],""path"":""/home/nagan/autosbd-sc26-rg/external/riken-sbd/data/n2/fcidump.txt"",""sha256"":""dee67eb5e8aee2f099953a52d7910db59bc7b284ad03a8fa7ffd2a4ba8efcf33"",""source_integral_doubles"":16650,""sum_abs_integrals"":500.99976876026955,""two_electron_fill_density"":0.6937304501563988,""two_electron_integrals"":10202},""log1p_method0_work_proxy"":13.476633431913193,""log1p_n_configurations"":8.0149968943483,""method0_work_proxy"":712569,""n_configurations"":3025}"
63097306ec30613cf73460ff9bd4250fa3c42c37a60be7eee984cea6be765e7d,12136cc274d0ce1af57b0bd97a566b6835963086cdb31a95dc2542766b813f8f,0,2026-08-01T17:10:20.184413Z,2026-08-01T17:10:20.944971Z,true,,measured,2,n2,N2,6-31G,n2-prefix-0055,4507b50dbe257a7a5d0b15b1536c16526f2f0ab957eead9d7e17d765571a3637,amd-cpu-16,cpu,16,0.7078859379980713,0.130747,0.002569,,,18,55,55,3025,712569,21.58984375,,"{""alpha"":{""bit_length"":18,""count"":55,""file_bytes"":1045,""occupancy_max"":7,""occupancy_mean"":7.0,""occupancy_min"":7,""occupancy_variance"":0.0,""path"":""/home/nagan/autosbd-sc26-rg/data/derived/phase_b_prefixes/n2/AlphaDets_n0055.txt"",""sha256"":""75b771bea9661bb23f98f6e2bdd165e47841cee8e8de91c13959eb40abc54d79"",""unique_count"":55},""beta"":{""bit_length"":18,""count"":55,""file_bytes"":1045,""occupancy_max"":7,""occupancy_mean"":7.0,""occupancy_min"":7,""occupancy_variance"":0.0,""path"":""/home/nagan/autosbd-sc26-rg/data/derived/phase_b_prefixes/n2/AlphaDets_n0055.txt"",""sha256"":""75b771bea9661bb23f98f6e2bdd165e47841cee8e8de91c13959eb40abc54d79"",""unique_count"":55},""beta_reuses_alpha"":true,""combined_input_sha256"":""4507b50dbe257a7a5d0b15b1536c16526f2f0ab957eead9d7e17d765571a3637"",""connectivity"":{""alpha"":{""determinants"":55,""directed_double_edges"":1540,""directed_single_edges"":682,""double_degree_max"":32,""double_degree_mean"":28.0,""double_degree_min"":22,""double_edge_density"":0.5185185185185185,""single_degree_max"":20,""single_degree_mean"":12.4,""single_degree_min"":7,""single_edge_density"":0.22962962962962963,""unordered_pair_comparisons"":1485},""beta"":{""determinants"":55,""directed_double_edges"":1540,""directed_single_edges"":682,""double_degree_max"":32,""double_degree_mean"":28.0,""double_degree_min"":22,""double_edge_density"":0.5185185185185185,""single_degree_max"":20,""single_degree_mean"":12.4,""single_degree_min"":7,""single_edge_density"":0.22962962962962963,""unordered_pair_comparisons"":1485},""pair_comparisons"":2970},""connectivity_pair_limit"":1000000,""fcidump"":{""compact_two_electron_slots"":14706,""core_integrals"":1,""exact_zero_integrals"":0,""file_bytes"":437951,""integral_records"":10325,""isym"":1,""max_abs_integral"":28.13104666664194,""ms2"":0,""n_electrons"":14,""n_orbitals"":18,""one_electron_integrals"":122,""orbsym"":[1,1,1,1,1,1,1,1,1,1,1,1,1,1,1,1,1,1],""path"":""/home/nagan/autosbd-sc26-rg/external/riken-sbd/data/n2/fcidump.txt"",""sha256"":""dee67eb5e8aee2f099953a52d7910db59bc7b284ad03a8fa7ffd2a4ba8efcf33"",""source_integral_doubles"":16650,""sum_abs_integrals"":500.99976876026955,""two_electron_fill_density"":0.6937304501563988,""two_electron_integrals"":10202},""log1p_method0_work_proxy"":13.476633431913193,""log1p_n_configurations"":8.0149968943483,""method0_work_proxy"":712569,""n_configurations"":3025}"
5730bfdcd3a2bde9e935426e09a4aaf7df5e03d1f77c211a316184f9fbc16bf7,e2795141f6d1f0fb4a0dae677210f4abb91cf5e34edaf0ad292f33977aa8238e,0,2026-08-01T17:10:21.008247Z,2026-08-01T17:10:22.173619Z,true,,measured,2,n2,N2,6-31G,n2-prefix-0100,1d928136c75b5deedcb2c11db761ed345aaa597dd9fa947d1b41ee63cafa3f5f,amd-cpu-16,cpu,16,1.1102234999998473,0.5197269999999999,0.0033369999999999997,,,18,100,100,10000,2963696,23.50390625,,"{""alpha"":{""bit_length"":18,""count"":100,""file_bytes"":1900,""occupancy_max"":7,""occupancy_mean"":7.0,""occupancy_min"":7,""occupancy_variance"":0.0,""path"":""/home/nagan/autosbd-sc26-rg/data/derived/phase_b_prefixes/n2/AlphaDets_n0100.txt"",""sha256"":""bc288d1aa1293c495453c7bb7bf3079aa9d2e03c799715d2835d9a09034b9917"",""unique_count"":100},""beta"":{""bit_length"":18,""count"":100,""file_bytes"":1900,""occupancy_max"":7,""occupancy_mean"":7.0,""occupancy_min"":7,""occupancy_variance"":0.0,""path"":""/home/nagan/autosbd-sc26-rg/data/derived/phase_b_prefixes/n2/AlphaDets_n0100.txt"",""sha256"":""bc288d1aa1293c495453c7bb7bf3079aa9d2e03c799715d2835d9a09034b9917"",""unique_count"":100},""beta_reuses_alpha"":true,""combined_input_sha256"":""1d928136c75b5deedcb2c11db761ed345aaa597dd9fa947d1b41ee63cafa3f5f"",""connectivity"":{""alpha"":{""determinants"":100,""directed_double_edges"":4508,""directed_single_edges"":1336,""double_degree_max"":61,""double_degree_mean"":45.08,""double_degree_min"":29,""double_edge_density"":0.45535353535353534,""single_degree_max"":35,""single_degree_mean"":13.36,""single_degree_min"":5,""single_edge_density"":0.13494949494949496,""unordered_pair_comparisons"":4950},""beta"":{""determinants"":100,""directed_double_edges"":4508,""directed_single_edges"":1336,""double_degree_max"":61,""double_degree_mean"":45.08,""double_degree_min"":29,""double_edge_density"":0.45535353535353534,""single_degree_max"":35,""single_degree_mean"":13.36,""single_degree_min"":5,""single_edge_density"":0.13494949494949496,""unordered_pair_comparisons"":4950},""pair_comparisons"":9900},""connectivity_pair_limit"":1000000,""fcidump"":{""compact_two_electron_slots"":14706,""core_integrals"":1,""exact_zero_integrals"":0,""file_bytes"":437951,""integral_records"":10325,""isym"":1,""max_abs_integral"":28.13104666664194,""ms2"":0,""n_electrons"":14,""n_orbitals"":18,""one_electron_integrals"":122,""orbsym"":[1,1,1,1,1,1,1,1,1,1,1,1,1,1,1,1,1,1],""path"":""/home/nagan/autosbd-sc26-rg/external/riken-sbd/data/n2/fcidump.txt"",""sha256"":""dee67eb5e8aee2f099953a52d7910db59bc7b284ad03a8fa7ffd2a4ba8efcf33"",""source_integral_doubles"":16650,""sum_abs_integrals"":500.99976876026955,""two_electron_fill_density"":0.6937304501563988,""two_electron_integrals"":10202},""log1p_method0_work_proxy"":14.90194803345196,""log1p_n_configurations"":9.210440366976517,""method0_work_proxy"":2963696,""n_configurations"":10000}"
08d7f7b90f30286a3b09dbd3142800bf43b772b70bf8e1777262e40a57832319,89d042fdde4a146549c4b863d7fb9649ead20d3c2f194002a147240cf7f3f001,0,2026-08-01T17:10:22.241746Z,2026-08-01T17:10:23.296550Z,true,,measured,2,n2,N2,6-31G,n2-prefix-0100,1d928136c75b5deedcb2c11db761ed345aaa597dd9fa947d1b41ee63cafa3f5f,amd-l4-default,gpu,1,0.9960944119957276,0.103217,0.003372,,,18,100,100,10000,2963696,113.01171875,192.0,"{""alpha"":{""bit_length"":18,""count"":100,""file_bytes"":1900,""occupancy_max"":7,""occupancy_mean"":7.0,""occupancy_min"":7,""occupancy_variance"":0.0,""path"":""/home/nagan/autosbd-sc26-rg/data/derived/phase_b_prefixes/n2/AlphaDets_n0100.txt"",""sha256"":""bc288d1aa1293c495453c7bb7bf3079aa9d2e03c799715d2835d9a09034b9917"",""unique_count"":100},""beta"":{""bit_length"":18,""count"":100,""file_bytes"":1900,""occupancy_max"":7,""occupancy_mean"":7.0,""occupancy_min"":7,""occupancy_variance"":0.0,""path"":""/home/nagan/autosbd-sc26-rg/data/derived/phase_b_prefixes/n2/AlphaDets_n0100.txt"",""sha256"":""bc288d1aa1293c495453c7bb7bf3079aa9d2e03c799715d2835d9a09034b9917"",""unique_count"":100},""beta_reuses_alpha"":true,""combined_input_sha256"":""1d928136c75b5deedcb2c11db761ed345aaa597dd9fa947d1b41ee63cafa3f5f"",""connectivity"":{""alpha"":{""determinants"":100,""directed_double_edges"":4508,""directed_single_edges"":1336,""double_degree_max"":61,""double_degree_mean"":45.08,""double_degree_min"":29,""double_edge_density"":0.45535353535353534,""single_degree_max"":35,""single_degree_mean"":13.36,""single_degree_min"":5,""single_edge_density"":0.13494949494949496,""unordered_pair_comparisons"":4950},""beta"":{""determinants"":100,""directed_double_edges"":4508,""directed_single_edges"":1336,""double_degree_max"":61,""double_degree_mean"":45.08,""double_degree_min"":29,""double_edge_density"":0.45535353535353534,""single_degree_max"":35,""single_degree_mean"":13.36,""single_degree_min"":5,""single_edge_density"":0.13494949494949496,""unordered_pair_comparisons"":4950},""pair_comparisons"":9900},""connectivity_pair_limit"":1000000,""fcidump"":{""compact_two_electron_slots"":14706,""core_integrals"":1,""exact_zero_integrals"":0,""file_bytes"":437951,""integral_records"":10325,""isym"":1,""max_abs_integral"":28.13104666664194,""ms2"":0,""n_electrons"":14,""n_orbitals"":18,""one_electron_integrals"":122,""orbsym"":[1,1,1,1,1,1,1,1,1,1,1,1,1,1,1,1,1,1],""path"":""/home/nagan/autosbd-sc26-rg/external/riken-sbd/data/n2/fcidump.txt"",""sha256"":""dee67eb5e8aee2f099953a52d7910db59bc7b284ad03a8fa7ffd2a4ba8efcf33"",""source_integral_doubles"":16650,""sum_abs_integrals"":500.99976876026955,""two_electron_fill_density"":0.6937304501563988,""two_electron_integrals"":10202},""log1p_method0_work_proxy"":14.90194803345196,""log1p_n_configurations"":9.210440366976517,""method0_work_proxy"":2963696,""n_configurations"":10000}"
f03815a98e56af13025f0fa50ea683a03cb5b327095a59d3af4a945c86cf1956,12b497903c652bf2b19e2af75ef0c29410e1afb974f4b7f47a3a1c9b0ee7efd3,0,2026-08-01T17:10:23.431438Z,2026-08-01T17:10:24.200983Z,true,,measured,2,h2o,H2O,cc-pVDZ,h2o-prefix-0055,d0872935a2dc0f51499913dbc2f2300c4158877041671b5eb2d7406276f4b6e4,amd-cpu-16,cpu,16,0.7084147349960404,0.129544,0.002747,,,24,55,55,3025,564481,22.88671875,,"{""alpha"":{""bit_length"":24,""count"":55,""file_bytes"":1375,""occupancy_max"":5,""occupancy_mean"":5.0,""occupancy_min"":5,""occupancy_variance"":0.0,""path"":""/home/nagan/autosbd-sc26-rg/data/derived/phase_b_prefixes/h2o/AlphaDets_n0055.txt"",""sha256"":""5e4b39a5043f24f7cdaabbc08de83d9d0b1d7e7bd44d0ee17093d9434de09463"",""unique_count"":55},""beta"":{""bit_length"":24,""count"":55,""file_bytes"":1375,""occupancy_max"":5,""occupancy_mean"":5.0,""occupancy_min"":5,""occupancy_variance"":0.0,""path"":""/home/nagan/autosbd-sc26-rg/data/derived/phase_b_prefixes/h2o/AlphaDets_n0055.txt"",""sha256"":""5e4b39a5043f24f7cdaabbc08de83d9d0b1d7e7bd44d0ee17093d9434de09463"",""unique_count"":55},""beta_reuses_alpha"":true,""combined_input_sha256"":""d0872935a2dc0f51499913dbc2f2300c4158877041671b5eb2d7406276f4b6e4"",""connectivity"":{""alpha"":{""determinants"":55,""directed_double_edges"":1512,""directed_single_edges"":576,""double_degree_max"":36,""double_degree_mean"":27.490909090909092,""double_degree_min"":16,""double_edge_density"":0.509090909090909,""single_degree_max"":27,""single_degree_mean"":10.472727272727273,""single_degree_min"":4,""single_edge_density"":0.19393939393939394,""unordered_pair_comparisons"":1485},""beta"":{""determinants"":55,""directed_double_edges"":1512,""directed_single_edges"":576,""double_degree_max"":36,""double_degree_mean"":27.490909090909092,""double_degree_min"":16,""double_edge_density"":0.509090909090909,""single_degree_max"":27,""single_degree_mean"":10.472727272727273,""single_degree_min"":4,""single_edge_density"":0.19393939393939394,""unordered_pair_comparisons"":1485},""pair_comparisons"":2970},""connectivity_pair_limit"":1000000,""fcidump"":{""compact_two_electron_slots"":45150,""core_integrals"":1,""exact_zero_integrals"":0,""file_bytes"":1124056,""integral_records"":26647,""isym"":1,""max_abs_integral"":33.02799415966381,""ms2"":0,""n_electrons"":10,""n_orbitals"":24,""one_electron_integrals"":202,""orbsym"":[1,1,1,1,1,1,1,1,1,1,1,1,1,1,1,1,1,1,1,1,1,1,1,1],""path"":""/home/nagan/autosbd-sc26-rg/external/riken-sbd/data/h2o/fcidump.txt"",""sha256"":""a3c2302834a33dce7260e8050a3f5180e05dbba1bb748f3e2f6410a7eacbd94d"",""source_integral_doubles"":48606,""sum_abs_integrals"":783.0966481208136,""two_electron_fill_density"":0.5856921373200443,""two_electron_integrals"":26444},""log1p_method0_work_proxy"":13.243663775438133,""log1p_n_configurations"":8.0149968943483,""method0_work_proxy"":564481,""n_configurations"":3025}"
124596a13abd34f8614fa0a1bc54e3eb763741a220b30eef255c343db5fb98dd,3ceb2dc30c8d27b5e5203d217690cb9f291cd5bd6d8ffba52d598e25e55c7af4,0,2026-08-01T17:10:24.340942Z,2026-08-01T17:10:25.383886Z,true,,measured,2,h2o,H2O,cc-pVDZ,h2o-prefix-0055,d0872935a2dc0f51499913dbc2f2300c4158877041671b5eb2d7406276f4b6e4,amd-l4-default,gpu,1,0.9805703449965222,0.069594,0.0012180000000000001,,,24,55,55,3025,564481,79.5703125,20.0,"{""alpha"":{""bit_length"":24,""count"":55,""file_bytes"":1375,""occupancy_max"":5,""occupancy_mean"":5.0,""occupancy_min"":5,""occupancy_variance"":0.0,""path"":""/home/nagan/autosbd-sc26-rg/data/derived/phase_b_prefixes/h2o/AlphaDets_n0055.txt"",""sha256"":""5e4b39a5043f24f7cdaabbc08de83d9d0b1d7e7bd44d0ee17093d9434de09463"",""unique_count"":55},""beta"":{""bit_length"":24,""count"":55,""file_bytes"":1375,""occupancy_max"":5,""occupancy_mean"":5.0,""occupancy_min"":5,""occupancy_variance"":0.0,""path"":""/home/nagan/autosbd-sc26-rg/data/derived/phase_b_prefixes/h2o/AlphaDets_n0055.txt"",""sha256"":""5e4b39a5043f24f7cdaabbc08de83d9d0b1d7e7bd44d0ee17093d9434de09463"",""unique_count"":55},""beta_reuses_alpha"":true,""combined_input_sha256"":""d0872935a2dc0f51499913dbc2f2300c4158877041671b5eb2d7406276f4b6e4"",""connectivity"":{""alpha"":{""determinants"":55,""directed_double_edges"":1512,""directed_single_edges"":576,""double_degree_max"":36,""double_degree_mean"":27.490909090909092,""double_degree_min"":16,""double_edge_density"":0.509090909090909,""single_degree_max"":27,""single_degree_mean"":10.472727272727273,""single_degree_min"":4,""single_edge_density"":0.19393939393939394,""unordered_pair_comparisons"":1485},""beta"":{""determinants"":55,""directed_double_edges"":1512,""directed_single_edges"":576,""double_degree_max"":36,""double_degree_mean"":27.490909090909092,""double_degree_min"":16,""double_edge_density"":0.509090909090909,""single_degree_max"":27,""single_degree_mean"":10.472727272727273,""single_degree_min"":4,""single_edge_density"":0.19393939393939394,""unordered_pair_comparisons"":1485},""pair_comparisons"":2970},""connectivity_pair_limit"":1000000,""fcidump"":{""compact_two_electron_slots"":45150,""core_integrals"":1,""exact_zero_integrals"":0,""file_bytes"":1124056,""integral_records"":26647,""isym"":1,""max_abs_integral"":33.02799415966381,""ms2"":0,""n_electrons"":10,""n_orbitals"":24,""one_electron_integrals"":202,""orbsym"":[1,1,1,1,1,1,1,1,1,1,1,1,1,1,1,1,1,1,1,1,1,1,1,1],""path"":""/home/nagan/autosbd-sc26-rg/external/riken-sbd/data/h2o/fcidump.txt"",""sha256"":""a3c2302834a33dce7260e8050a3f5180e05dbba1bb748f3e2f6410a7eacbd94d"",""source_integral_doubles"":48606,""sum_abs_integrals"":783.0966481208136,""two_electron_fill_density"":0.5856921373200443,""two_electron_integrals"":26444},""log1p_method0_work_proxy"":13.243663775438133,""log1p_n_configurations"":8.0149968943483,""method0_work_proxy"":564481,""n_configurations"":3025}"
5a753b6eb01311db3f1754c2f42eba6839ddad41241f568c41d268e19991fee0,d7b63d9ce40925997d31f3c427967915e431af5853a47637eb9b9ddb363a6dd8,0,2026-08-01T17:10:25.519294Z,2026-08-01T17:10:26.889558Z,true,,measured,2,h2o,H2O,cc-pVDZ,h2o-prefix-0100,8f6d951383efdfa90bdfdc8fc43e537f3e939861f6d1cd6b81d4217d95861751,amd-cpu-16,cpu,16,1.3115716489992337,0.670385,0.00327,,,24,100,100,10000,2899216,24.2890625,,"{""alpha"":{""bit_length"":24,""count"":100,""file_bytes"":2500,""occupancy_max"":5,""occupancy_mean"":5.0,""occupancy_min"":5,""occupancy_variance"":0.0,""path"":""/home/nagan/autosbd-sc26-rg/data/derived/phase_b_prefixes/h2o/AlphaDets_n0100.txt"",""sha256"":""e9839cc16b450597bac2d0e1c9e8357d6de0e76b6755aab0d3e73419ab329ce3"",""unique_count"":100},""beta"":{""bit_length"":24,""count"":100,""file_bytes"":2500,""occupancy_max"":5,""occupancy_mean"":5.0,""occupancy_min"":5,""occupancy_variance"":0.0,""path"":""/home/nagan/autosbd-sc26-rg/data/derived/phase_b_prefixes/h2o/AlphaDets_n0100.txt"",""sha256"":""e9839cc16b450597bac2d0e1c9e8357d6de0e76b6755aab0d3e73419ab329ce3"",""unique_count"":100},""beta_reuses_alpha"":true,""combined_input_sha256"":""8f6d951383efdfa90bdfdc8fc43e537f3e939861f6d1cd6b81d4217d95861751"",""connectivity"":{""alpha"":{""determinants"":100,""directed_double_edges"":4640,""directed_single_edges"":1304,""double_degree_max"":66,""double_degree_mean"":46.4,""double_degree_min"":21,""double_edge_density"":0.4686868686868687,""single_degree_max"":41,""single_degree_mean"":13.04,""single_degree_min"":4,""single_edge_density"":0.1317171717171717,""unordered_pair_comparisons"":4950},""beta"":{""determinants"":100,""directed_double_edges"":4640,""directed_single_edges"":1304,""double_degree_max"":66,""double_degree_mean"":46.4,""double_degree_min"":21,""double_edge_density"":0.4686868686868687,""single_degree_max"":41,""single_degree_mean"":13.04,""single_degree_min"":4,""single_edge_density"":0.1317171717171717,""unordered_pair_comparisons"":4950},""pair_comparisons"":9900},""connectivity_pair_limit"":1000000,""fcidump"":{""compact_two_electron_slots"":45150,""core_integrals"":1,""exact_zero_integrals"":0,""file_bytes"":1124056,""integral_records"":26647,""isym"":1,""max_abs_integral"":33.02799415966381,""ms2"":0,""n_electrons"":10,""n_orbitals"":24,""one_electron_integrals"":202,""orbsym"":[1,1,1,1,1,1,1,1,1,1,1,1,1,1,1,1,1,1,1,1,1,1,1,1],""path"":""/home/nagan/autosbd-sc26-rg/external/riken-sbd/data/h2o/fcidump.txt"",""sha256"":""a3c2302834a33dce7260e8050a3f5180e05dbba1bb748f3e2f6410a7eacbd94d"",""source_integral_doubles"":48606,""sum_abs_integrals"":783.0966481208136,""two_electron_fill_density"":0.5856921373200443,""two_electron_integrals"":26444},""log1p_method0_work_proxy"":14.87995125850014,""log1p_n_configurations"":9.210440366976517,""method0_work_proxy"":2899216,""n_configurations"":10000}"
8fef94e0a8a645e8409be5135008255db63b2a4e12d97e7f8e70f061d1e8b39b,9a7f897250398a19601772637f443774707317f3a4ee724c4c2bbf8c53a91283,0,2026-08-01T17:10:27.030990Z,2026-08-01T17:10:28.089875Z,true,,measured,2,h2o,H2O,cc-pVDZ,h2o-prefix-0100,8f6d951383efdfa90bdfdc8fc43e537f3e939861f6d1cd6b81d4217d95861751,amd-l4-default,gpu,1,0.9931319280003663,0.172173,0.003623,,,24,100,100,10000,2899216,120.95703125,192.0,"{""alpha"":{""bit_length"":24,""count"":100,""file_bytes"":2500,""occupancy_max"":5,""occupancy_mean"":5.0,""occupancy_min"":5,""occupancy_variance"":0.0,""path"":""/home/nagan/autosbd-sc26-rg/data/derived/phase_b_prefixes/h2o/AlphaDets_n0100.txt"",""sha256"":""e9839cc16b450597bac2d0e1c9e8357d6de0e76b6755aab0d3e73419ab329ce3"",""unique_count"":100},""beta"":{""bit_length"":24,""count"":100,""file_bytes"":2500,""occupancy_max"":5,""occupancy_mean"":5.0,""occupancy_min"":5,""occupancy_variance"":0.0,""path"":""/home/nagan/autosbd-sc26-rg/data/derived/phase_b_prefixes/h2o/AlphaDets_n0100.txt"",""sha256"":""e9839cc16b450597bac2d0e1c9e8357d6de0e76b6755aab0d3e73419ab329ce3"",""unique_count"":100},""beta_reuses_alpha"":true,""combined_input_sha256"":""8f6d951383efdfa90bdfdc8fc43e537f3e939861f6d1cd6b81d4217d95861751"",""connectivity"":{""alpha"":{""determinants"":100,""directed_double_edges"":4640,""directed_single_edges"":1304,""double_degree_max"":66,""double_degree_mean"":46.4,""double_degree_min"":21,""double_edge_density"":0.4686868686868687,""single_degree_max"":41,""single_degree_mean"":13.04,""single_degree_min"":4,""single_edge_density"":0.1317171717171717,""unordered_pair_comparisons"":4950},""beta"":{""determinants"":100,""directed_double_edges"":4640,""directed_single_edges"":1304,""double_degree_max"":66,""double_degree_mean"":46.4,""double_degree_min"":21,""double_edge_density"":0.4686868686868687,""single_degree_max"":41,""single_degree_mean"":13.04,""single_degree_min"":4,""single_edge_density"":0.1317171717171717,""unordered_pair_comparisons"":4950},""pair_comparisons"":9900},""connectivity_pair_limit"":1000000,""fcidump"":{""compact_two_electron_slots"":45150,""core_integrals"":1,""exact_zero_integrals"":0,""file_bytes"":1124056,""integral_records"":26647,""isym"":1,""max_abs_integral"":33.02799415966381,""ms2"":0,""n_electrons"":10,""n_orbitals"":24,""one_electron_integrals"":202,""orbsym"":[1,1,1,1,1,1,1,1,1,1,1,1,1,1,1,1,1,1,1,1,1,1,1,1],""path"":""/home/nagan/autosbd-sc26-rg/external/riken-sbd/data/h2o/fcidump.txt"",""sha256"":""a3c2302834a33dce7260e8050a3f5180e05dbba1bb748f3e2f6410a7eacbd94d"",""source_integral_doubles"":48606,""sum_abs_integrals"":783.0966481208136,""two_electron_fill_density"":0.5856921373200443,""two_electron_integrals"":26444},""log1p_method0_work_proxy"":14.87995125850014,""log1p_n_configurations"":9.210440366976517,""method0_work_proxy"":2899216,""n_configurations"":10000}"
8c107466878ce004722f136a71a29eebbc578e16d98c80ae2aa2d620aaf5472a,8d41ead193b73f57a44d69850bf6f482fb694923a01df4089a07214841bf0ecb,0,2026-08-01T17:10:28.156890Z,2026-08-01T17:10:28.994680Z,true,,measured,3,n2,N2,6-31G,n2-prefix-0055,4507b50dbe257a7a5d0b15b1536c16526f2f0ab957eead9d7e17d765571a3637,amd-l4-default,gpu,1,0.782102657991345,0.0384,0.0011660000000000002,,,18,55,55,3025,712569,113.1015625,192.0,"{""alpha"":{""bit_length"":18,""count"":55,""file_bytes"":1045,""occupancy_max"":7,""occupancy_mean"":7.0,""occupancy_min"":7,""occupancy_variance"":0.0,""path"":""/home/nagan/autosbd-sc26-rg/data/derived/phase_b_prefixes/n2/AlphaDets_n0055.txt"",""sha256"":""75b771bea9661bb23f98f6e2bdd165e47841cee8e8de91c13959eb40abc54d79"",""unique_count"":55},""beta"":{""bit_length"":18,""count"":55,""file_bytes"":1045,""occupancy_max"":7,""occupancy_mean"":7.0,""occupancy_min"":7,""occupancy_variance"":0.0,""path"":""/home/nagan/autosbd-sc26-rg/data/derived/phase_b_prefixes/n2/AlphaDets_n0055.txt"",""sha256"":""75b771bea9661bb23f98f6e2bdd165e47841cee8e8de91c13959eb40abc54d79"",""unique_count"":55},""beta_reuses_alpha"":true,""combined_input_sha256"":""4507b50dbe257a7a5d0b15b1536c16526f2f0ab957eead9d7e17d765571a3637"",""connectivity"":{""alpha"":{""determinants"":55,""directed_double_edges"":1540,""directed_single_edges"":682,""double_degree_max"":32,""double_degree_mean"":28.0,""double_degree_min"":22,""double_edge_density"":0.5185185185185185,""single_degree_max"":20,""single_degree_mean"":12.4,""single_degree_min"":7,""single_edge_density"":0.22962962962962963,""unordered_pair_comparisons"":1485},""beta"":{""determinants"":55,""directed_double_edges"":1540,""directed_single_edges"":682,""double_degree_max"":32,""double_degree_mean"":28.0,""double_degree_min"":22,""double_edge_density"":0.5185185185185185,""single_degree_max"":20,""single_degree_mean"":12.4,""single_degree_min"":7,""single_edge_density"":0.22962962962962963,""unordered_pair_comparisons"":1485},""pair_comparisons"":2970},""connectivity_pair_limit"":1000000,""fcidump"":{""compact_two_electron_slots"":14706,""core_integrals"":1,""exact_zero_integrals"":0,""file_bytes"":437951,""integral_records"":10325,""isym"":1,""max_abs_integral"":28.13104666664194,""ms2"":0,""n_electrons"":14,""n_orbitals"":18,""one_electron_integrals"":122,""orbsym"":[1,1,1,1,1,1,1,1,1,1,1,1,1,1,1,1,1,1],""path"":""/home/nagan/autosbd-sc26-rg/external/riken-sbd/data/n2/fcidump.txt"",""sha256"":""dee67eb5e8aee2f099953a52d7910db59bc7b284ad03a8fa7ffd2a4ba8efcf33"",""source_integral_doubles"":16650,""sum_abs_integrals"":500.99976876026955,""two_electron_fill_density"":0.6937304501563988,""two_electron_integrals"":10202},""log1p_method0_work_proxy"":13.476633431913193,""log1p_n_configurations"":8.0149968943483,""method0_work_proxy"":712569,""n_configurations"":3025}"
db41ee0f178a610aa6d59b939f22fecd346a93bab0424c19ee396a4883fac935,5f9de2974247b83a949a654760906bb0f33572aa067587728cf5e2996e604021,0,2026-08-01T17:10:29.056967Z,2026-08-01T17:10:29.819237Z,true,,measured,3,n2,N2,6-31G,n2-prefix-0055,4507b50dbe257a7a5d0b15b1536c16526f2f0ab957eead9d7e17d765571a3637,amd-cpu-16,cpu,16,0.7074246609990951,0.133166,0.002659,,,18,55,55,3025,712569,21.5390625,,"{""alpha"":{""bit_length"":18,""count"":55,""file_bytes"":1045,""occupancy_max"":7,""occupancy_mean"":7.0,""occupancy_min"":7,""occupancy_variance"":0.0,""path"":""/home/nagan/autosbd-sc26-rg/data/derived/phase_b_prefixes/n2/AlphaDets_n0055.txt"",""sha256"":""75b771bea9661bb23f98f6e2bdd165e47841cee8e8de91c13959eb40abc54d79"",""unique_count"":55},""beta"":{""bit_length"":18,""count"":55,""file_bytes"":1045,""occupancy_max"":7,""occupancy_mean"":7.0,""occupancy_min"":7,""occupancy_variance"":0.0,""path"":""/home/nagan/autosbd-sc26-rg/data/derived/phase_b_prefixes/n2/AlphaDets_n0055.txt"",""sha256"":""75b771bea9661bb23f98f6e2bdd165e47841cee8e8de91c13959eb40abc54d79"",""unique_count"":55},""beta_reuses_alpha"":true,""combined_input_sha256"":""4507b50dbe257a7a5d0b15b1536c16526f2f0ab957eead9d7e17d765571a3637"",""connectivity"":{""alpha"":{""determinants"":55,""directed_double_edges"":1540,""directed_single_edges"":682,""double_degree_max"":32,""double_degree_mean"":28.0,""double_degree_min"":22,""double_edge_density"":0.5185185185185185,""single_degree_max"":20,""single_degree_mean"":12.4,""single_degree_min"":7,""single_edge_density"":0.22962962962962963,""unordered_pair_comparisons"":1485},""beta"":{""determinants"":55,""directed_double_edges"":1540,""directed_single_edges"":682,""double_degree_max"":32,""double_degree_mean"":28.0,""double_degree_min"":22,""double_edge_density"":0.5185185185185185,""single_degree_max"":20,""single_degree_mean"":12.4,""single_degree_min"":7,""single_edge_density"":0.22962962962962963,""unordered_pair_comparisons"":1485},""pair_comparisons"":2970},""connectivity_pair_limit"":1000000,""fcidump"":{""compact_two_electron_slots"":14706,""core_integrals"":1,""exact_zero_integrals"":0,""file_bytes"":437951,""integral_records"":10325,""isym"":1,""max_abs_integral"":28.13104666664194,""ms2"":0,""n_electrons"":14,""n_orbitals"":18,""one_electron_integrals"":122,""orbsym"":[1,1,1,1,1,1,1,1,1,1,1,1,1,1,1,1,1,1],""path"":""/home/nagan/autosbd-sc26-rg/external/riken-sbd/data/n2/fcidump.txt"",""sha256"":""dee67eb5e8aee2f099953a52d7910db59bc7b284ad03a8fa7ffd2a4ba8efcf33"",""source_integral_doubles"":16650,""sum_abs_integrals"":500.99976876026955,""two_electron_fill_density"":0.6937304501563988,""two_electron_integrals"":10202},""log1p_method0_work_proxy"":13.476633431913193,""log1p_n_configurations"":8.0149968943483,""method0_work_proxy"":712569,""n_configurations"":3025}"
354c862a5fd68e94fe2bcaa8da7f59d52cff376cd55c00d4e587d8174c8ff57f,813da75b6964e858c87c802c4aa0d1da57c6c52fec3dd412fc6bae4e57f0f188,0,2026-08-01T17:10:29.887784Z,2026-08-01T17:10:30.935244Z,true,,measured,3,n2,N2,6-31G,n2-prefix-0100,1d928136c75b5deedcb2c11db761ed345aaa597dd9fa947d1b41ee63cafa3f5f,amd-l4-default,gpu,1,0.9913277689920506,0.103039,0.003379,,,18,100,100,10000,2963696,115.76171875,192.0,"{""alpha"":{""bit_length"":18,""count"":100,""file_bytes"":1900,""occupancy_max"":7,""occupancy_mean"":7.0,""occupancy_min"":7,""occupancy_variance"":0.0,""path"":""/home/nagan/autosbd-sc26-rg/data/derived/phase_b_prefixes/n2/AlphaDets_n0100.txt"",""sha256"":""bc288d1aa1293c495453c7bb7bf3079aa9d2e03c799715d2835d9a09034b9917"",""unique_count"":100},""beta"":{""bit_length"":18,""count"":100,""file_bytes"":1900,""occupancy_max"":7,""occupancy_mean"":7.0,""occupancy_min"":7,""occupancy_variance"":0.0,""path"":""/home/nagan/autosbd-sc26-rg/data/derived/phase_b_prefixes/n2/AlphaDets_n0100.txt"",""sha256"":""bc288d1aa1293c495453c7bb7bf3079aa9d2e03c799715d2835d9a09034b9917"",""unique_count"":100},""beta_reuses_alpha"":true,""combined_input_sha256"":""1d928136c75b5deedcb2c11db761ed345aaa597dd9fa947d1b41ee63cafa3f5f"",""connectivity"":{""alpha"":{""determinants"":100,""directed_double_edges"":4508,""directed_single_edges"":1336,""double_degree_max"":61,""double_degree_mean"":45.08,""double_degree_min"":29,""double_edge_density"":0.45535353535353534,""single_degree_max"":35,""single_degree_mean"":13.36,""single_degree_min"":5,""single_edge_density"":0.13494949494949496,""unordered_pair_comparisons"":4950},""beta"":{""determinants"":100,""directed_double_edges"":4508,""directed_single_edges"":1336,""double_degree_max"":61,""double_degree_mean"":45.08,""double_degree_min"":29,""double_edge_density"":0.45535353535353534,""single_degree_max"":35,""single_degree_mean"":13.36,""single_degree_min"":5,""single_edge_density"":0.13494949494949496,""unordered_pair_comparisons"":4950},""pair_comparisons"":9900},""connectivity_pair_limit"":1000000,""fcidump"":{""compact_two_electron_slots"":14706,""core_integrals"":1,""exact_zero_integrals"":0,""file_bytes"":437951,""integral_records"":10325,""isym"":1,""max_abs_integral"":28.13104666664194,""ms2"":0,""n_electrons"":14,""n_orbitals"":18,""one_electron_integrals"":122,""orbsym"":[1,1,1,1,1,1,1,1,1,1,1,1,1,1,1,1,1,1],""path"":""/home/nagan/autosbd-sc26-rg/external/riken-sbd/data/n2/fcidump.txt"",""sha256"":""dee67eb5e8aee2f099953a52d7910db59bc7b284ad03a8fa7ffd2a4ba8efcf33"",""source_integral_doubles"":16650,""sum_abs_integrals"":500.99976876026955,""two_electron_fill_density"":0.6937304501563988,""two_electron_integrals"":10202},""log1p_method0_work_proxy"":14.90194803345196,""log1p_n_configurations"":9.210440366976517,""method0_work_proxy"":2963696,""n_configurations"":10000}"
92fa400de7305e35c7219b575a59946e44b8e0846e64ef113ba63bd304fbbe36,99e4b048f244002081396a406a2d9a03c651200ddf7ecff7b590d6a2d839cfe9,0,2026-08-01T17:10:30.998945Z,2026-08-01T17:10:32.162335Z,true,,measured,3,n2,N2,6-31G,n2-prefix-0100,1d928136c75b5deedcb2c11db761ed345aaa597dd9fa947d1b41ee63cafa3f5f,amd-cpu-16,cpu,16,1.110516175001976,0.520925,0.003402,,,18,100,100,10000,2963696,23.5390625,,"{""alpha"":{""bit_length"":18,""count"":100,""file_bytes"":1900,""occupancy_max"":7,""occupancy_mean"":7.0,""occupancy_min"":7,""occupancy_variance"":0.0,""path"":""/home/nagan/autosbd-sc26-rg/data/derived/phase_b_prefixes/n2/AlphaDets_n0100.txt"",""sha256"":""bc288d1aa1293c495453c7bb7bf3079aa9d2e03c799715d2835d9a09034b9917"",""unique_count"":100},""beta"":{""bit_length"":18,""count"":100,""file_bytes"":1900,""occupancy_max"":7,""occupancy_mean"":7.0,""occupancy_min"":7,""occupancy_variance"":0.0,""path"":""/home/nagan/autosbd-sc26-rg/data/derived/phase_b_prefixes/n2/AlphaDets_n0100.txt"",""sha256"":""bc288d1aa1293c495453c7bb7bf3079aa9d2e03c799715d2835d9a09034b9917"",""unique_count"":100},""beta_reuses_alpha"":true,""combined_input_sha256"":""1d928136c75b5deedcb2c11db761ed345aaa597dd9fa947d1b41ee63cafa3f5f"",""connectivity"":{""alpha"":{""determinants"":100,""directed_double_edges"":4508,""directed_single_edges"":1336,""double_degree_max"":61,""double_degree_mean"":45.08,""double_degree_min"":29,""double_edge_density"":0.45535353535353534,""single_degree_max"":35,""single_degree_mean"":13.36,""single_degree_min"":5,""single_edge_density"":0.13494949494949496,""unordered_pair_comparisons"":4950},""beta"":{""determinants"":100,""directed_double_edges"":4508,""directed_single_edges"":1336,""double_degree_max"":61,""double_degree_mean"":45.08,""double_degree_min"":29,""double_edge_density"":0.45535353535353534,""single_degree_max"":35,""single_degree_mean"":13.36,""single_degree_min"":5,""single_edge_density"":0.13494949494949496,""unordered_pair_comparisons"":4950},""pair_comparisons"":9900},""connectivity_pair_limit"":1000000,""fcidump"":{""compact_two_electron_slots"":14706,""core_integrals"":1,""exact_zero_integrals"":0,""file_bytes"":437951,""integral_records"":10325,""isym"":1,""max_abs_integral"":28.13104666664194,""ms2"":0,""n_electrons"":14,""n_orbitals"":18,""one_electron_integrals"":122,""orbsym"":[1,1,1,1,1,1,1,1,1,1,1,1,1,1,1,1,1,1],""path"":""/home/nagan/autosbd-sc26-rg/external/riken-sbd/data/n2/fcidump.txt"",""sha256"":""dee67eb5e8aee2f099953a52d7910db59bc7b284ad03a8fa7ffd2a4ba8efcf33"",""source_integral_doubles"":16650,""sum_abs_integrals"":500.99976876026955,""two_electron_fill_density"":0.6937304501563988,""two_electron_integrals"":10202},""log1p_method0_work_proxy"":14.90194803345196,""log1p_n_configurations"":9.210440366976517,""method0_work_proxy"":2963696,""n_configurations"":10000}"
a0e019032e928ba0f8484aca7840bb150ced84d7b363b15cf55623ec8e409851,7ff84fd83d5eaeb7c017bc693f291c39c06de62c5a63890036471bb82268257a,0,2026-08-01T17:10:32.296881Z,2026-08-01T17:10:33.063356Z,true,,measured,3,h2o,H2O,cc-pVDZ,h2o-prefix-0055,d0872935a2dc0f51499913dbc2f2300c4158877041671b5eb2d7406276f4b6e4,amd-cpu-16,cpu,16,0.7084061130008195,0.128178,0.002777,,,24,55,55,3025,564481,22.85546875,,"{""alpha"":{""bit_length"":24,""count"":55,""file_bytes"":1375,""occupancy_max"":5,""occupancy_mean"":5.0,""occupancy_min"":5,""occupancy_variance"":0.0,""path"":""/home/nagan/autosbd-sc26-rg/data/derived/phase_b_prefixes/h2o/AlphaDets_n0055.txt"",""sha256"":""5e4b39a5043f24f7cdaabbc08de83d9d0b1d7e7bd44d0ee17093d9434de09463"",""unique_count"":55},""beta"":{""bit_length"":24,""count"":55,""file_bytes"":1375,""occupancy_max"":5,""occupancy_mean"":5.0,""occupancy_min"":5,""occupancy_variance"":0.0,""path"":""/home/nagan/autosbd-sc26-rg/data/derived/phase_b_prefixes/h2o/AlphaDets_n0055.txt"",""sha256"":""5e4b39a5043f24f7cdaabbc08de83d9d0b1d7e7bd44d0ee17093d9434de09463"",""unique_count"":55},""beta_reuses_alpha"":true,""combined_input_sha256"":""d0872935a2dc0f51499913dbc2f2300c4158877041671b5eb2d7406276f4b6e4"",""connectivity"":{""alpha"":{""determinants"":55,""directed_double_edges"":1512,""directed_single_edges"":576,""double_degree_max"":36,""double_degree_mean"":27.490909090909092,""double_degree_min"":16,""double_edge_density"":0.509090909090909,""single_degree_max"":27,""single_degree_mean"":10.472727272727273,""single_degree_min"":4,""single_edge_density"":0.19393939393939394,""unordered_pair_comparisons"":1485},""beta"":{""determinants"":55,""directed_double_edges"":1512,""directed_single_edges"":576,""double_degree_max"":36,""double_degree_mean"":27.490909090909092,""double_degree_min"":16,""double_edge_density"":0.509090909090909,""single_degree_max"":27,""single_degree_mean"":10.472727272727273,""single_degree_min"":4,""single_edge_density"":0.19393939393939394,""unordered_pair_comparisons"":1485},""pair_comparisons"":2970},""connectivity_pair_limit"":1000000,""fcidump"":{""compact_two_electron_slots"":45150,""core_integrals"":1,""exact_zero_integrals"":0,""file_bytes"":1124056,""integral_records"":26647,""isym"":1,""max_abs_integral"":33.02799415966381,""ms2"":0,""n_electrons"":10,""n_orbitals"":24,""one_electron_integrals"":202,""orbsym"":[1,1,1,1,1,1,1,1,1,1,1,1,1,1,1,1,1,1,1,1,1,1,1,1],""path"":""/home/nagan/autosbd-sc26-rg/external/riken-sbd/data/h2o/fcidump.txt"",""sha256"":""a3c2302834a33dce7260e8050a3f5180e05dbba1bb748f3e2f6410a7eacbd94d"",""source_integral_doubles"":48606,""sum_abs_integrals"":783.0966481208136,""two_electron_fill_density"":0.5856921373200443,""two_electron_integrals"":26444},""log1p_method0_work_proxy"":13.243663775438133,""log1p_n_configurations"":8.0149968943483,""method0_work_proxy"":564481,""n_configurations"":3025}"
7602f28b93f9e165b1540defb8f2474147f62961633f7349ea6e842b965181d6,40047b51b518daba35f7fd9cbea019b6543e4cbf1ac2c5ee6ac2bee7c3dba613,0,2026-08-01T17:10:33.202583Z,2026-08-01T17:10:34.275741Z,true,,measured,3,h2o,H2O,cc-pVDZ,h2o-prefix-0055,d0872935a2dc0f51499913dbc2f2300c4158877041671b5eb2d7406276f4b6e4,amd-l4-default,gpu,1,1.0103753970033722,0.069809,0.001227,,,24,55,55,3025,564481,79.26953125,16.0,"{""alpha"":{""bit_length"":24,""count"":55,""file_bytes"":1375,""occupancy_max"":5,""occupancy_mean"":5.0,""occupancy_min"":5,""occupancy_variance"":0.0,""path"":""/home/nagan/autosbd-sc26-rg/data/derived/phase_b_prefixes/h2o/AlphaDets_n0055.txt"",""sha256"":""5e4b39a5043f24f7cdaabbc08de83d9d0b1d7e7bd44d0ee17093d9434de09463"",""unique_count"":55},""beta"":{""bit_length"":24,""count"":55,""file_bytes"":1375,""occupancy_max"":5,""occupancy_mean"":5.0,""occupancy_min"":5,""occupancy_variance"":0.0,""path"":""/home/nagan/autosbd-sc26-rg/data/derived/phase_b_prefixes/h2o/AlphaDets_n0055.txt"",""sha256"":""5e4b39a5043f24f7cdaabbc08de83d9d0b1d7e7bd44d0ee17093d9434de09463"",""unique_count"":55},""beta_reuses_alpha"":true,""combined_input_sha256"":""d0872935a2dc0f51499913dbc2f2300c4158877041671b5eb2d7406276f4b6e4"",""connectivity"":{""alpha"":{""determinants"":55,""directed_double_edges"":1512,""directed_single_edges"":576,""double_degree_max"":36,""double_degree_mean"":27.490909090909092,""double_degree_min"":16,""double_edge_density"":0.509090909090909,""single_degree_max"":27,""single_degree_mean"":10.472727272727273,""single_degree_min"":4,""single_edge_density"":0.19393939393939394,""unordered_pair_comparisons"":1485},""beta"":{""determinants"":55,""directed_double_edges"":1512,""directed_single_edges"":576,""double_degree_max"":36,""double_degree_mean"":27.490909090909092,""double_degree_min"":16,""double_edge_density"":0.509090909090909,""single_degree_max"":27,""single_degree_mean"":10.472727272727273,""single_degree_min"":4,""single_edge_density"":0.19393939393939394,""unordered_pair_comparisons"":1485},""pair_comparisons"":2970},""connectivity_pair_limit"":1000000,""fcidump"":{""compact_two_electron_slots"":45150,""core_integrals"":1,""exact_zero_integrals"":0,""file_bytes"":1124056,""integral_records"":26647,""isym"":1,""max_abs_integral"":33.02799415966381,""ms2"":0,""n_electrons"":10,""n_orbitals"":24,""one_electron_integrals"":202,""orbsym"":[1,1,1,1,1,1,1,1,1,1,1,1,1,1,1,1,1,1,1,1,1,1,1,1],""path"":""/home/nagan/autosbd-sc26-rg/external/riken-sbd/data/h2o/fcidump.txt"",""sha256"":""a3c2302834a33dce7260e8050a3f5180e05dbba1bb748f3e2f6410a7eacbd94d"",""source_integral_doubles"":48606,""sum_abs_integrals"":783.0966481208136,""two_electron_fill_density"":0.5856921373200443,""two_electron_integrals"":26444},""log1p_method0_work_proxy"":13.243663775438133,""log1p_n_configurations"":8.0149968943483,""method0_work_proxy"":564481,""n_configurations"":3025}"
1784bbb132f8cffd9185eb43827ab450a8f949b331417860b722d99d44ef63bb,20b22de6e05d8adcecfa73d2a8e0e50d6a3f3fef4935bf00f4c1c690b2492003,0,2026-08-01T17:10:34.415386Z,2026-08-01T17:10:35.408662Z,true,,measured,3,h2o,H2O,cc-pVDZ,h2o-prefix-0100,8f6d951383efdfa90bdfdc8fc43e537f3e939861f6d1cd6b81d4217d95861751,amd-l4-default,gpu,1,0.933295488008298,0.172531,0.0035870000000000003,,,24,100,100,10000,2899216,120.9140625,192.0,"{""alpha"":{""bit_length"":24,""count"":100,""file_bytes"":2500,""occupancy_max"":5,""occupancy_mean"":5.0,""occupancy_min"":5,""occupancy_variance"":0.0,""path"":""/home/nagan/autosbd-sc26-rg/data/derived/phase_b_prefixes/h2o/AlphaDets_n0100.txt"",""sha256"":""e9839cc16b450597bac2d0e1c9e8357d6de0e76b6755aab0d3e73419ab329ce3"",""unique_count"":100},""beta"":{""bit_length"":24,""count"":100,""file_bytes"":2500,""occupancy_max"":5,""occupancy_mean"":5.0,""occupancy_min"":5,""occupancy_variance"":0.0,""path"":""/home/nagan/autosbd-sc26-rg/data/derived/phase_b_prefixes/h2o/AlphaDets_n0100.txt"",""sha256"":""e9839cc16b450597bac2d0e1c9e8357d6de0e76b6755aab0d3e73419ab329ce3"",""unique_count"":100},""beta_reuses_alpha"":true,""combined_input_sha256"":""8f6d951383efdfa90bdfdc8fc43e537f3e939861f6d1cd6b81d4217d95861751"",""connectivity"":{""alpha"":{""determinants"":100,""directed_double_edges"":4640,""directed_single_edges"":1304,""double_degree_max"":66,""double_degree_mean"":46.4,""double_degree_min"":21,""double_edge_density"":0.4686868686868687,""single_degree_max"":41,""single_degree_mean"":13.04,""single_degree_min"":4,""single_edge_density"":0.1317171717171717,""unordered_pair_comparisons"":4950},""beta"":{""determinants"":100,""directed_double_edges"":4640,""directed_single_edges"":1304,""double_degree_max"":66,""double_degree_mean"":46.4,""double_degree_min"":21,""double_edge_density"":0.4686868686868687,""single_degree_max"":41,""single_degree_mean"":13.04,""single_degree_min"":4,""single_edge_density"":0.1317171717171717,""unordered_pair_comparisons"":4950},""pair_comparisons"":9900},""connectivity_pair_limit"":1000000,""fcidump"":{""compact_two_electron_slots"":45150,""core_integrals"":1,""exact_zero_integrals"":0,""file_bytes"":1124056,""integral_records"":26647,""isym"":1,""max_abs_integral"":33.02799415966381,""ms2"":0,""n_electrons"":10,""n_orbitals"":24,""one_electron_integrals"":202,""orbsym"":[1,1,1,1,1,1,1,1,1,1,1,1,1,1,1,1,1,1,1,1,1,1,1,1],""path"":""/home/nagan/autosbd-sc26-rg/external/riken-sbd/data/h2o/fcidump.txt"",""sha256"":""a3c2302834a33dce7260e8050a3f5180e05dbba1bb748f3e2f6410a7eacbd94d"",""source_integral_doubles"":48606,""sum_abs_integrals"":783.0966481208136,""two_electron_fill_density"":0.5856921373200443,""two_electron_integrals"":26444},""log1p_method0_work_proxy"":14.87995125850014,""log1p_n_configurations"":9.210440366976517,""method0_work_proxy"":2899216,""n_configurations"":10000}"
ff2d68d94d49963209881affcd9b7239acd195d1b3e82dade37768e296e75987,131ad5eec742dbcb93fae39806aad890831c8e373ae8f745990474f201dc061f,0,2026-08-01T17:10:35.542420Z,2026-08-01T17:10:36.914311Z,true,,measured,3,h2o,H2O,cc-pVDZ,h2o-prefix-0100,8f6d951383efdfa90bdfdc8fc43e537f3e939861f6d1cd6b81d4217d95861751,amd-cpu-16,cpu,16,1.3115626000071643,0.674674,0.003062,,,24,100,100,10000,2899216,24.296875,,"{""alpha"":{""bit_length"":24,""count"":100,""file_bytes"":2500,""occupancy_max"":5,""occupancy_mean"":5.0,""occupancy_min"":5,""occupancy_variance"":0.0,""path"":""/home/nagan/autosbd-sc26-rg/data/derived/phase_b_prefixes/h2o/AlphaDets_n0100.txt"",""sha256"":""e9839cc16b450597bac2d0e1c9e8357d6de0e76b6755aab0d3e73419ab329ce3"",""unique_count"":100},""beta"":{""bit_length"":24,""count"":100,""file_bytes"":2500,""occupancy_max"":5,""occupancy_mean"":5.0,""occupancy_min"":5,""occupancy_variance"":0.0,""path"":""/home/nagan/autosbd-sc26-rg/data/derived/phase_b_prefixes/h2o/AlphaDets_n0100.txt"",""sha256"":""e9839cc16b450597bac2d0e1c9e8357d6de0e76b6755aab0d3e73419ab329ce3"",""unique_count"":100},""beta_reuses_alpha"":true,""combined_input_sha256"":""8f6d951383efdfa90bdfdc8fc43e537f3e939861f6d1cd6b81d4217d95861751"",""connectivity"":{""alpha"":{""determinants"":100,""directed_double_edges"":4640,""directed_single_edges"":1304,""double_degree_max"":66,""double_degree_mean"":46.4,""double_degree_min"":21,""double_edge_density"":0.4686868686868687,""single_degree_max"":41,""single_degree_mean"":13.04,""single_degree_min"":4,""single_edge_density"":0.1317171717171717,""unordered_pair_comparisons"":4950},""beta"":{""determinants"":100,""directed_double_edges"":4640,""directed_single_edges"":1304,""double_degree_max"":66,""double_degree_mean"":46.4,""double_degree_min"":21,""double_edge_density"":0.4686868686868687,""single_degree_max"":41,""single_degree_mean"":13.04,""single_degree_min"":4,""single_edge_density"":0.1317171717171717,""unordered_pair_comparisons"":4950},""pair_comparisons"":9900},""connectivity_pair_limit"":1000000,""fcidump"":{""compact_two_electron_slots"":45150,""core_integrals"":1,""exact_zero_integrals"":0,""file_bytes"":1124056,""integral_records"":26647,""isym"":1,""max_abs_integral"":33.02799415966381,""ms2"":0,""n_electrons"":10,""n_orbitals"":24,""one_electron_integrals"":202,""orbsym"":[1,1,1,1,1,1,1,1,1,1,1,1,1,1,1,1,1,1,1,1,1,1,1,1],""path"":""/home/nagan/autosbd-sc26-rg/external/riken-sbd/data/h2o/fcidump.txt"",""sha256"":""a3c2302834a33dce7260e8050a3f5180e05dbba1bb748f3e2f6410a7eacbd94d"",""source_integral_doubles"":48606,""sum_abs_integrals"":783.0966481208136,""two_electron_fill_density"":0.5856921373200443,""two_electron_integrals"":26444},""log1p_method0_work_proxy"":14.87995125850014,""log1p_n_configurations"":9.210440366976517,""method0_work_proxy"":2899216,""n_configurations"":10000}"
4984b60035bc8eda05003a4dc1ade25c295debca75b1ca4ab3685e9ebc9008cd,4e74032d3c3d91d1832b69285f5b456f1e111b2734d2c5019af35e0f1d51ae4a,0,2026-08-01T17:10:36.977181Z,2026-08-01T17:10:37.739601Z,true,,measured,4,n2,N2,6-31G,n2-prefix-0055,4507b50dbe257a7a5d0b15b1536c16526f2f0ab957eead9d7e17d765571a3637,amd-cpu-16,cpu,16,0.7079017229989404,0.142881,0.002603,,,18,55,55,3025,712569,21.5859375,,"{""alpha"":{""bit_length"":18,""count"":55,""file_bytes"":1045,""occupancy_max"":7,""occupancy_mean"":7.0,""occupancy_min"":7,""occupancy_variance"":0.0,""path"":""/home/nagan/autosbd-sc26-rg/data/derived/phase_b_prefixes/n2/AlphaDets_n0055.txt"",""sha256"":""75b771bea9661bb23f98f6e2bdd165e47841cee8e8de91c13959eb40abc54d79"",""unique_count"":55},""beta"":{""bit_length"":18,""count"":55,""file_bytes"":1045,""occupancy_max"":7,""occupancy_mean"":7.0,""occupancy_min"":7,""occupancy_variance"":0.0,""path"":""/home/nagan/autosbd-sc26-rg/data/derived/phase_b_prefixes/n2/AlphaDets_n0055.txt"",""sha256"":""75b771bea9661bb23f98f6e2bdd165e47841cee8e8de91c13959eb40abc54d79"",""unique_count"":55},""beta_reuses_alpha"":true,""combined_input_sha256"":""4507b50dbe257a7a5d0b15b1536c16526f2f0ab957eead9d7e17d765571a3637"",""connectivity"":{""alpha"":{""determinants"":55,""directed_double_edges"":1540,""directed_single_edges"":682,""double_degree_max"":32,""double_degree_mean"":28.0,""double_degree_min"":22,""double_edge_density"":0.5185185185185185,""single_degree_max"":20,""single_degree_mean"":12.4,""single_degree_min"":7,""single_edge_density"":0.22962962962962963,""unordered_pair_comparisons"":1485},""beta"":{""determinants"":55,""directed_double_edges"":1540,""directed_single_edges"":682,""double_degree_max"":32,""double_degree_mean"":28.0,""double_degree_min"":22,""double_edge_density"":0.5185185185185185,""single_degree_max"":20,""single_degree_mean"":12.4,""single_degree_min"":7,""single_edge_density"":0.22962962962962963,""unordered_pair_comparisons"":1485},""pair_comparisons"":2970},""connectivity_pair_limit"":1000000,""fcidump"":{""compact_two_electron_slots"":14706,""core_integrals"":1,""exact_zero_integrals"":0,""file_bytes"":437951,""integral_records"":10325,""isym"":1,""max_abs_integral"":28.13104666664194,""ms2"":0,""n_electrons"":14,""n_orbitals"":18,""one_electron_integrals"":122,""orbsym"":[1,1,1,1,1,1,1,1,1,1,1,1,1,1,1,1,1,1],""path"":""/home/nagan/autosbd-sc26-rg/external/riken-sbd/data/n2/fcidump.txt"",""sha256"":""dee67eb5e8aee2f099953a52d7910db59bc7b284ad03a8fa7ffd2a4ba8efcf33"",""source_integral_doubles"":16650,""sum_abs_integrals"":500.99976876026955,""two_electron_fill_density"":0.6937304501563988,""two_electron_integrals"":10202},""log1p_method0_work_proxy"":13.476633431913193,""log1p_n_configurations"":8.0149968943483,""method0_work_proxy"":712569,""n_configurations"":3025}"
e96183b5f34c95aac3310d3b6925e63a19d59b40d3342ca9c39c211fb46f85f4,c6225b6435aa8bff5db66ec0060917095f98d2a33f9db15fe93b51fcd739e968,0,2026-08-01T17:10:37.804945Z,2026-08-01T17:10:38.734055Z,true,,measured,4,n2,N2,6-31G,n2-prefix-0055,4507b50dbe257a7a5d0b15b1536c16526f2f0ab957eead9d7e17d765571a3637,amd-l4-default,gpu,1,0.8699598509992938,0.038818,0.0010650000000000002,,,18,55,55,3025,712569,117.0390625,192.0,"{""alpha"":{""bit_length"":18,""count"":55,""file_bytes"":1045,""occupancy_max"":7,""occupancy_mean"":7.0,""occupancy_min"":7,""occupancy_variance"":0.0,""path"":""/home/nagan/autosbd-sc26-rg/data/derived/phase_b_prefixes/n2/AlphaDets_n0055.txt"",""sha256"":""75b771bea9661bb23f98f6e2bdd165e47841cee8e8de91c13959eb40abc54d79"",""unique_count"":55},""beta"":{""bit_length"":18,""count"":55,""file_bytes"":1045,""occupancy_max"":7,""occupancy_mean"":7.0,""occupancy_min"":7,""occupancy_variance"":0.0,""path"":""/home/nagan/autosbd-sc26-rg/data/derived/phase_b_prefixes/n2/AlphaDets_n0055.txt"",""sha256"":""75b771bea9661bb23f98f6e2bdd165e47841cee8e8de91c13959eb40abc54d79"",""unique_count"":55},""beta_reuses_alpha"":true,""combined_input_sha256"":""4507b50dbe257a7a5d0b15b1536c16526f2f0ab957eead9d7e17d765571a3637"",""connectivity"":{""alpha"":{""determinants"":55,""directed_double_edges"":1540,""directed_single_edges"":682,""double_degree_max"":32,""double_degree_mean"":28.0,""double_degree_min"":22,""double_edge_density"":0.5185185185185185,""single_degree_max"":20,""single_degree_mean"":12.4,""single_degree_min"":7,""single_edge_density"":0.22962962962962963,""unordered_pair_comparisons"":1485},""beta"":{""determinants"":55,""directed_double_edges"":1540,""directed_single_edges"":682,""double_degree_max"":32,""double_degree_mean"":28.0,""double_degree_min"":22,""double_edge_density"":0.5185185185185185,""single_degree_max"":20,""single_degree_mean"":12.4,""single_degree_min"":7,""single_edge_density"":0.22962962962962963,""unordered_pair_comparisons"":1485},""pair_comparisons"":2970},""connectivity_pair_limit"":1000000,""fcidump"":{""compact_two_electron_slots"":14706,""core_integrals"":1,""exact_zero_integrals"":0,""file_bytes"":437951,""integral_records"":10325,""isym"":1,""max_abs_integral"":28.13104666664194,""ms2"":0,""n_electrons"":14,""n_orbitals"":18,""one_electron_integrals"":122,""orbsym"":[1,1,1,1,1,1,1,1,1,1,1,1,1,1,1,1,1,1],""path"":""/home/nagan/autosbd-sc26-rg/external/riken-sbd/data/n2/fcidump.txt"",""sha256"":""dee67eb5e8aee2f099953a52d7910db59bc7b284ad03a8fa7ffd2a4ba8efcf33"",""source_integral_doubles"":16650,""sum_abs_integrals"":500.99976876026955,""two_electron_fill_density"":0.6937304501563988,""two_electron_integrals"":10202},""log1p_method0_work_proxy"":13.476633431913193,""log1p_n_configurations"":8.0149968943483,""method0_work_proxy"":712569,""n_configurations"":3025}"
99ace22f5424459fc61da222e3342bb1d8ec2c1830f0f3c71a91728f044ffa81,150f52c1f21c6b1667e98dd4db8dd26312c514a337fd55a7b7a3cc847a007f21,0,2026-08-01T17:10:38.797317Z,2026-08-01T17:10:39.962563Z,true,,measured,4,n2,N2,6-31G,n2-prefix-0100,1d928136c75b5deedcb2c11db761ed345aaa597dd9fa947d1b41ee63cafa3f5f,amd-cpu-16,cpu,16,1.1093343760003336,0.524304,0.003172,,,18,100,100,10000,2963696,23.49609375,,"{""alpha"":{""bit_length"":18,""count"":100,""file_bytes"":1900,""occupancy_max"":7,""occupancy_mean"":7.0,""occupancy_min"":7,""occupancy_variance"":0.0,""path"":""/home/nagan/autosbd-sc26-rg/data/derived/phase_b_prefixes/n2/AlphaDets_n0100.txt"",""sha256"":""bc288d1aa1293c495453c7bb7bf3079aa9d2e03c799715d2835d9a09034b9917"",""unique_count"":100},""beta"":{""bit_length"":18,""count"":100,""file_bytes"":1900,""occupancy_max"":7,""occupancy_mean"":7.0,""occupancy_min"":7,""occupancy_variance"":0.0,""path"":""/home/nagan/autosbd-sc26-rg/data/derived/phase_b_prefixes/n2/AlphaDets_n0100.txt"",""sha256"":""bc288d1aa1293c495453c7bb7bf3079aa9d2e03c799715d2835d9a09034b9917"",""unique_count"":100},""beta_reuses_alpha"":true,""combined_input_sha256"":""1d928136c75b5deedcb2c11db761ed345aaa597dd9fa947d1b41ee63cafa3f5f"",""connectivity"":{""alpha"":{""determinants"":100,""directed_double_edges"":4508,""directed_single_edges"":1336,""double_degree_max"":61,""double_degree_mean"":45.08,""double_degree_min"":29,""double_edge_density"":0.45535353535353534,""single_degree_max"":35,""single_degree_mean"":13.36,""single_degree_min"":5,""single_edge_density"":0.13494949494949496,""unordered_pair_comparisons"":4950},""beta"":{""determinants"":100,""directed_double_edges"":4508,""directed_single_edges"":1336,""double_degree_max"":61,""double_degree_mean"":45.08,""double_degree_min"":29,""double_edge_density"":0.45535353535353534,""single_degree_max"":35,""single_degree_mean"":13.36,""single_degree_min"":5,""single_edge_density"":0.13494949494949496,""unordered_pair_comparisons"":4950},""pair_comparisons"":9900},""connectivity_pair_limit"":1000000,""fcidump"":{""compact_two_electron_slots"":14706,""core_integrals"":1,""exact_zero_integrals"":0,""file_bytes"":437951,""integral_records"":10325,""isym"":1,""max_abs_integral"":28.13104666664194,""ms2"":0,""n_electrons"":14,""n_orbitals"":18,""one_electron_integrals"":122,""orbsym"":[1,1,1,1,1,1,1,1,1,1,1,1,1,1,1,1,1,1],""path"":""/home/nagan/autosbd-sc26-rg/external/riken-sbd/data/n2/fcidump.txt"",""sha256"":""dee67eb5e8aee2f099953a52d7910db59bc7b284ad03a8fa7ffd2a4ba8efcf33"",""source_integral_doubles"":16650,""sum_abs_integrals"":500.99976876026955,""two_electron_fill_density"":0.6937304501563988,""two_electron_integrals"":10202},""log1p_method0_work_proxy"":14.90194803345196,""log1p_n_configurations"":9.210440366976517,""method0_work_proxy"":2963696,""n_configurations"":10000}"
35028f33cc81632d809be7348bc9348db1dfa5881a1f8710e3fa63edbac02a7e,a589c915918c65a908c54a92b2989a73f503bfe3d4531f283d2adda045c5ab4c,0,2026-08-01T17:10:40.030457Z,2026-08-01T17:10:41.095906Z,true,,measured,4,n2,N2,6-31G,n2-prefix-0100,1d928136c75b5deedcb2c11db761ed345aaa597dd9fa947d1b41ee63cafa3f5f,amd-l4-default,gpu,1,1.0104476479900768,0.103663,0.00344,,,18,100,100,10000,2963696,109.171875,190.0,"{""alpha"":{""bit_length"":18,""count"":100,""file_bytes"":1900,""occupancy_max"":7,""occupancy_mean"":7.0,""occupancy_min"":7,""occupancy_variance"":0.0,""path"":""/home/nagan/autosbd-sc26-rg/data/derived/phase_b_prefixes/n2/AlphaDets_n0100.txt"",""sha256"":""bc288d1aa1293c495453c7bb7bf3079aa9d2e03c799715d2835d9a09034b9917"",""unique_count"":100},""beta"":{""bit_length"":18,""count"":100,""file_bytes"":1900,""occupancy_max"":7,""occupancy_mean"":7.0,""occupancy_min"":7,""occupancy_variance"":0.0,""path"":""/home/nagan/autosbd-sc26-rg/data/derived/phase_b_prefixes/n2/AlphaDets_n0100.txt"",""sha256"":""bc288d1aa1293c495453c7bb7bf3079aa9d2e03c799715d2835d9a09034b9917"",""unique_count"":100},""beta_reuses_alpha"":true,""combined_input_sha256"":""1d928136c75b5deedcb2c11db761ed345aaa597dd9fa947d1b41ee63cafa3f5f"",""connectivity"":{""alpha"":{""determinants"":100,""directed_double_edges"":4508,""directed_single_edges"":1336,""double_degree_max"":61,""double_degree_mean"":45.08,""double_degree_min"":29,""double_edge_density"":0.45535353535353534,""single_degree_max"":35,""single_degree_mean"":13.36,""single_degree_min"":5,""single_edge_density"":0.13494949494949496,""unordered_pair_comparisons"":4950},""beta"":{""determinants"":100,""directed_double_edges"":4508,""directed_single_edges"":1336,""double_degree_max"":61,""double_degree_mean"":45.08,""double_degree_min"":29,""double_edge_density"":0.45535353535353534,""single_degree_max"":35,""single_degree_mean"":13.36,""single_degree_min"":5,""single_edge_density"":0.13494949494949496,""unordered_pair_comparisons"":4950},""pair_comparisons"":9900},""connectivity_pair_limit"":1000000,""fcidump"":{""compact_two_electron_slots"":14706,""core_integrals"":1,""exact_zero_integrals"":0,""file_bytes"":437951,""integral_records"":10325,""isym"":1,""max_abs_integral"":28.13104666664194,""ms2"":0,""n_electrons"":14,""n_orbitals"":18,""one_electron_integrals"":122,""orbsym"":[1,1,1,1,1,1,1,1,1,1,1,1,1,1,1,1,1,1],""path"":""/home/nagan/autosbd-sc26-rg/external/riken-sbd/data/n2/fcidump.txt"",""sha256"":""dee67eb5e8aee2f099953a52d7910db59bc7b284ad03a8fa7ffd2a4ba8efcf33"",""source_integral_doubles"":16650,""sum_abs_integrals"":500.99976876026955,""two_electron_fill_density"":0.6937304501563988,""two_electron_integrals"":10202},""log1p_method0_work_proxy"":14.90194803345196,""log1p_n_configurations"":9.210440366976517,""method0_work_proxy"":2963696,""n_configurations"":10000}"
99df8763001536f2064480c3c0b9556cf16c9a3a3bd501744f9995ee87b622be,169f4ea69637f1c41063bbbcaa6358d73c47cc18987afaf7a50f963cf84ddf66,0,2026-08-01T17:10:41.233662Z,2026-08-01T17:10:42.236244Z,true,,measured,4,h2o,H2O,cc-pVDZ,h2o-prefix-0055,d0872935a2dc0f51499913dbc2f2300c4158877041671b5eb2d7406276f4b6e4,amd-l4-default,gpu,1,0.9429002200049581,0.070727,0.001216,,,24,55,55,3025,564481,79.5546875,20.0,"{""alpha"":{""bit_length"":24,""count"":55,""file_bytes"":1375,""occupancy_max"":5,""occupancy_mean"":5.0,""occupancy_min"":5,""occupancy_variance"":0.0,""path"":""/home/nagan/autosbd-sc26-rg/data/derived/phase_b_prefixes/h2o/AlphaDets_n0055.txt"",""sha256"":""5e4b39a5043f24f7cdaabbc08de83d9d0b1d7e7bd44d0ee17093d9434de09463"",""unique_count"":55},""beta"":{""bit_length"":24,""count"":55,""file_bytes"":1375,""occupancy_max"":5,""occupancy_mean"":5.0,""occupancy_min"":5,""occupancy_variance"":0.0,""path"":""/home/nagan/autosbd-sc26-rg/data/derived/phase_b_prefixes/h2o/AlphaDets_n0055.txt"",""sha256"":""5e4b39a5043f24f7cdaabbc08de83d9d0b1d7e7bd44d0ee17093d9434de09463"",""unique_count"":55},""beta_reuses_alpha"":true,""combined_input_sha256"":""d0872935a2dc0f51499913dbc2f2300c4158877041671b5eb2d7406276f4b6e4"",""connectivity"":{""alpha"":{""determinants"":55,""directed_double_edges"":1512,""directed_single_edges"":576,""double_degree_max"":36,""double_degree_mean"":27.490909090909092,""double_degree_min"":16,""double_edge_density"":0.509090909090909,""single_degree_max"":27,""single_degree_mean"":10.472727272727273,""single_degree_min"":4,""single_edge_density"":0.19393939393939394,""unordered_pair_comparisons"":1485},""beta"":{""determinants"":55,""directed_double_edges"":1512,""directed_single_edges"":576,""double_degree_max"":36,""double_degree_mean"":27.490909090909092,""double_degree_min"":16,""double_edge_density"":0.509090909090909,""single_degree_max"":27,""single_degree_mean"":10.472727272727273,""single_degree_min"":4,""single_edge_density"":0.19393939393939394,""unordered_pair_comparisons"":1485},""pair_comparisons"":2970},""connectivity_pair_limit"":1000000,""fcidump"":{""compact_two_electron_slots"":45150,""core_integrals"":1,""exact_zero_integrals"":0,""file_bytes"":1124056,""integral_records"":26647,""isym"":1,""max_abs_integral"":33.02799415966381,""ms2"":0,""n_electrons"":10,""n_orbitals"":24,""one_electron_integrals"":202,""orbsym"":[1,1,1,1,1,1,1,1,1,1,1,1,1,1,1,1,1,1,1,1,1,1,1,1],""path"":""/home/nagan/autosbd-sc26-rg/external/riken-sbd/data/h2o/fcidump.txt"",""sha256"":""a3c2302834a33dce7260e8050a3f5180e05dbba1bb748f3e2f6410a7eacbd94d"",""source_integral_doubles"":48606,""sum_abs_integrals"":783.0966481208136,""two_electron_fill_density"":0.5856921373200443,""two_electron_integrals"":26444},""log1p_method0_work_proxy"":13.243663775438133,""log1p_n_configurations"":8.0149968943483,""method0_work_proxy"":564481,""n_configurations"":3025}"
ef872a7195032735b07114a30f2185b580511e161012a6ef626a357e62f83bac,22ef2e025488fd5f96a298848665519b2c11d01da2b54068e3f9ddfdc8a8372c,0,2026-08-01T17:10:42.369676Z,2026-08-01T17:10:43.136903Z,true,,measured,4,h2o,H2O,cc-pVDZ,h2o-prefix-0055,d0872935a2dc0f51499913dbc2f2300c4158877041671b5eb2d7406276f4b6e4,amd-cpu-16,cpu,16,0.7081096579931909,0.140741,0.002986,,,24,55,55,3025,564481,22.84765625,,"{""alpha"":{""bit_length"":24,""count"":55,""file_bytes"":1375,""occupancy_max"":5,""occupancy_mean"":5.0,""occupancy_min"":5,""occupancy_variance"":0.0,""path"":""/home/nagan/autosbd-sc26-rg/data/derived/phase_b_prefixes/h2o/AlphaDets_n0055.txt"",""sha256"":""5e4b39a5043f24f7cdaabbc08de83d9d0b1d7e7bd44d0ee17093d9434de09463"",""unique_count"":55},""beta"":{""bit_length"":24,""count"":55,""file_bytes"":1375,""occupancy_max"":5,""occupancy_mean"":5.0,""occupancy_min"":5,""occupancy_variance"":0.0,""path"":""/home/nagan/autosbd-sc26-rg/data/derived/phase_b_prefixes/h2o/AlphaDets_n0055.txt"",""sha256"":""5e4b39a5043f24f7cdaabbc08de83d9d0b1d7e7bd44d0ee17093d9434de09463"",""unique_count"":55},""beta_reuses_alpha"":true,""combined_input_sha256"":""d0872935a2dc0f51499913dbc2f2300c4158877041671b5eb2d7406276f4b6e4"",""connectivity"":{""alpha"":{""determinants"":55,""directed_double_edges"":1512,""directed_single_edges"":576,""double_degree_max"":36,""double_degree_mean"":27.490909090909092,""double_degree_min"":16,""double_edge_density"":0.509090909090909,""single_degree_max"":27,""single_degree_mean"":10.472727272727273,""single_degree_min"":4,""single_edge_density"":0.19393939393939394,""unordered_pair_comparisons"":1485},""beta"":{""determinants"":55,""directed_double_edges"":1512,""directed_single_edges"":576,""double_degree_max"":36,""double_degree_mean"":27.490909090909092,""double_degree_min"":16,""double_edge_density"":0.509090909090909,""single_degree_max"":27,""single_degree_mean"":10.472727272727273,""single_degree_min"":4,""single_edge_density"":0.19393939393939394,""unordered_pair_comparisons"":1485},""pair_comparisons"":2970},""connectivity_pair_limit"":1000000,""fcidump"":{""compact_two_electron_slots"":45150,""core_integrals"":1,""exact_zero_integrals"":0,""file_bytes"":1124056,""integral_records"":26647,""isym"":1,""max_abs_integral"":33.02799415966381,""ms2"":0,""n_electrons"":10,""n_orbitals"":24,""one_electron_integrals"":202,""orbsym"":[1,1,1,1,1,1,1,1,1,1,1,1,1,1,1,1,1,1,1,1,1,1,1,1],""path"":""/home/nagan/autosbd-sc26-rg/external/riken-sbd/data/h2o/fcidump.txt"",""sha256"":""a3c2302834a33dce7260e8050a3f5180e05dbba1bb748f3e2f6410a7eacbd94d"",""source_integral_doubles"":48606,""sum_abs_integrals"":783.0966481208136,""two_electron_fill_density"":0.5856921373200443,""two_electron_integrals"":26444},""log1p_method0_work_proxy"":13.243663775438133,""log1p_n_configurations"":8.0149968943483,""method0_work_proxy"":564481,""n_configurations"":3025}"
8f97d175fd861e5539bb2553bfdb362b64bb103b91ff0a886327f30be38281dd,d6ab2518bf4cdde245e3f69a51aeb09187b2df60e07328343a75e34061668dba,0,2026-08-01T17:10:43.272763Z,2026-08-01T17:10:44.642794Z,true,,measured,4,h2o,H2O,cc-pVDZ,h2o-prefix-0100,8f6d951383efdfa90bdfdc8fc43e537f3e939861f6d1cd6b81d4217d95861751,amd-cpu-16,cpu,16,1.3110065899963956,0.668061,0.003211,,,24,100,100,10000,2899216,24.32421875,,"{""alpha"":{""bit_length"":24,""count"":100,""file_bytes"":2500,""occupancy_max"":5,""occupancy_mean"":5.0,""occupancy_min"":5,""occupancy_variance"":0.0,""path"":""/home/nagan/autosbd-sc26-rg/data/derived/phase_b_prefixes/h2o/AlphaDets_n0100.txt"",""sha256"":""e9839cc16b450597bac2d0e1c9e8357d6de0e76b6755aab0d3e73419ab329ce3"",""unique_count"":100},""beta"":{""bit_length"":24,""count"":100,""file_bytes"":2500,""occupancy_max"":5,""occupancy_mean"":5.0,""occupancy_min"":5,""occupancy_variance"":0.0,""path"":""/home/nagan/autosbd-sc26-rg/data/derived/phase_b_prefixes/h2o/AlphaDets_n0100.txt"",""sha256"":""e9839cc16b450597bac2d0e1c9e8357d6de0e76b6755aab0d3e73419ab329ce3"",""unique_count"":100},""beta_reuses_alpha"":true,""combined_input_sha256"":""8f6d951383efdfa90bdfdc8fc43e537f3e939861f6d1cd6b81d4217d95861751"",""connectivity"":{""alpha"":{""determinants"":100,""directed_double_edges"":4640,""directed_single_edges"":1304,""double_degree_max"":66,""double_degree_mean"":46.4,""double_degree_min"":21,""double_edge_density"":0.4686868686868687,""single_degree_max"":41,""single_degree_mean"":13.04,""single_degree_min"":4,""single_edge_density"":0.1317171717171717,""unordered_pair_comparisons"":4950},""beta"":{""determinants"":100,""directed_double_edges"":4640,""directed_single_edges"":1304,""double_degree_max"":66,""double_degree_mean"":46.4,""double_degree_min"":21,""double_edge_density"":0.4686868686868687,""single_degree_max"":41,""single_degree_mean"":13.04,""single_degree_min"":4,""single_edge_density"":0.1317171717171717,""unordered_pair_comparisons"":4950},""pair_comparisons"":9900},""connectivity_pair_limit"":1000000,""fcidump"":{""compact_two_electron_slots"":45150,""core_integrals"":1,""exact_zero_integrals"":0,""file_bytes"":1124056,""integral_records"":26647,""isym"":1,""max_abs_integral"":33.02799415966381,""ms2"":0,""n_electrons"":10,""n_orbitals"":24,""one_electron_integrals"":202,""orbsym"":[1,1,1,1,1,1,1,1,1,1,1,1,1,1,1,1,1,1,1,1,1,1,1,1],""path"":""/home/nagan/autosbd-sc26-rg/external/riken-sbd/data/h2o/fcidump.txt"",""sha256"":""a3c2302834a33dce7260e8050a3f5180e05dbba1bb748f3e2f6410a7eacbd94d"",""source_integral_doubles"":48606,""sum_abs_integrals"":783.0966481208136,""two_electron_fill_density"":0.5856921373200443,""two_electron_integrals"":26444},""log1p_method0_work_proxy"":14.87995125850014,""log1p_n_configurations"":9.210440366976517,""method0_work_proxy"":2899216,""n_configurations"":10000}"
0096d515b2a97f43bfdb03204e8179c590ef6d6ba05db89cba5410da5325d148,95e169fcd512a428d002abf759b96167f788f0fca56d0e7a40d335c5807bae66,0,2026-08-01T17:10:44.782562Z,2026-08-01T17:10:45.841300Z,true,,measured,4,h2o,H2O,cc-pVDZ,h2o-prefix-0100,8f6d951383efdfa90bdfdc8fc43e537f3e939861f6d1cd6b81d4217d95861751,amd-l4-default,gpu,1,0.9939108139951713,0.17189,0.0035789999999999997,,,24,100,100,10000,2899216,120.88671875,192.0,"{""alpha"":{""bit_length"":24,""count"":100,""file_bytes"":2500,""occupancy_max"":5,""occupancy_mean"":5.0,""occupancy_min"":5,""occupancy_variance"":0.0,""path"":""/home/nagan/autosbd-sc26-rg/data/derived/phase_b_prefixes/h2o/AlphaDets_n0100.txt"",""sha256"":""e9839cc16b450597bac2d0e1c9e8357d6de0e76b6755aab0d3e73419ab329ce3"",""unique_count"":100},""beta"":{""bit_length"":24,""count"":100,""file_bytes"":2500,""occupancy_max"":5,""occupancy_mean"":5.0,""occupancy_min"":5,""occupancy_variance"":0.0,""path"":""/home/nagan/autosbd-sc26-rg/data/derived/phase_b_prefixes/h2o/AlphaDets_n0100.txt"",""sha256"":""e9839cc16b450597bac2d0e1c9e8357d6de0e76b6755aab0d3e73419ab329ce3"",""unique_count"":100},""beta_reuses_alpha"":true,""combined_input_sha256"":""8f6d951383efdfa90bdfdc8fc43e537f3e939861f6d1cd6b81d4217d95861751"",""connectivity"":{""alpha"":{""determinants"":100,""directed_double_edges"":4640,""directed_single_edges"":1304,""double_degree_max"":66,""double_degree_mean"":46.4,""double_degree_min"":21,""double_edge_density"":0.4686868686868687,""single_degree_max"":41,""single_degree_mean"":13.04,""single_degree_min"":4,""single_edge_density"":0.1317171717171717,""unordered_pair_comparisons"":4950},""beta"":{""determinants"":100,""directed_double_edges"":4640,""directed_single_edges"":1304,""double_degree_max"":66,""double_degree_mean"":46.4,""double_degree_min"":21,""double_edge_density"":0.4686868686868687,""single_degree_max"":41,""single_degree_mean"":13.04,""single_degree_min"":4,""single_edge_density"":0.1317171717171717,""unordered_pair_comparisons"":4950},""pair_comparisons"":9900},""connectivity_pair_limit"":1000000,""fcidump"":{""compact_two_electron_slots"":45150,""core_integrals"":1,""exact_zero_integrals"":0,""file_bytes"":1124056,""integral_records"":26647,""isym"":1,""max_abs_integral"":33.02799415966381,""ms2"":0,""n_electrons"":10,""n_orbitals"":24,""one_electron_integrals"":202,""orbsym"":[1,1,1,1,1,1,1,1,1,1,1,1,1,1,1,1,1,1,1,1,1,1,1,1],""path"":""/home/nagan/autosbd-sc26-rg/external/riken-sbd/data/h2o/fcidump.txt"",""sha256"":""a3c2302834a33dce7260e8050a3f5180e05dbba1bb748f3e2f6410a7eacbd94d"",""source_integral_doubles"":48606,""sum_abs_integrals"":783.0966481208136,""two_electron_fill_density"":0.5856921373200443,""two_electron_integrals"":26444},""log1p_method0_work_proxy"":14.87995125850014,""log1p_n_configurations"":9.210440366976517,""method0_work_proxy"":2899216,""n_configurations"":10000}"
7e1efc587a6f6e1482fe64985d0a356bd32ddd2ff4e56d535d767d2259e40a72,5832b0f5a0573cfeadf648e8b775e19fb3cdd48599047b65a23538ebc1a1a93c,0,2026-08-01T17:11:13.717571Z,2026-08-01T17:11:14.384169Z,false,timing_ineligible;warmup,warmup,0,n2,N2,6-31G,n2-prefix-0032,ec17e257f65c7e916b64077cad82f26ee99ce1d11991cf89affedccaafd1aa76,amd-cpu-16,cpu,16,0.6072189059923403,0.03413,0.002527,,,18,32,32,1024,170180,21.0078125,,"{""alpha"":{""bit_length"":18,""count"":32,""file_bytes"":608,""occupancy_max"":7,""occupancy_mean"":7.0,""occupancy_min"":7,""occupancy_variance"":0.0,""path"":""/home/nagan/autosbd-sc26-rg/data/derived/phase_b_prefixes/n2/AlphaDets_n0032.txt"",""sha256"":""3d2406670cadd5ba16089fa08af208b469208d3afaf09ff6268aa6bfd2ea7b7d"",""unique_count"":32},""beta"":{""bit_length"":18,""count"":32,""file_bytes"":608,""occupancy_max"":7,""occupancy_mean"":7.0,""occupancy_min"":7,""occupancy_variance"":0.0,""path"":""/home/nagan/autosbd-sc26-rg/data/derived/phase_b_prefixes/n2/AlphaDets_n0032.txt"",""sha256"":""3d2406670cadd5ba16089fa08af208b469208d3afaf09ff6268aa6bfd2ea7b7d"",""unique_count"":32},""beta_reuses_alpha"":true,""combined_input_sha256"":""ec17e257f65c7e916b64077cad82f26ee99ce1d11991cf89affedccaafd1aa76"",""connectivity"":{""alpha"":{""determinants"":32,""directed_double_edges"":520,""directed_single_edges"":338,""double_degree_max"":19,""double_degree_mean"":16.25,""double_degree_min"":14,""double_edge_density"":0.5241935483870968,""single_degree_max"":15,""single_degree_mean"":10.5625,""single_degree_min"":8,""single_edge_density"":0.3407258064516129,""unordered_pair_comparisons"":496},""beta"":{""determinants"":32,""directed_double_edges"":520,""directed_single_edges"":338,""double_degree_max"":19,""double_degree_mean"":16.25,""double_degree_min"":14,""double_edge_density"":0.5241935483870968,""single_degree_max"":15,""single_degree_mean"":10.5625,""single_degree_min"":8,""single_edge_density"":0.3407258064516129,""unordered_pair_comparisons"":496},""pair_comparisons"":992},""connectivity_pair_limit"":1000000,""fcidump"":{""compact_two_electron_slots"":14706,""core_integrals"":1,""exact_zero_integrals"":0,""file_bytes"":437951,""integral_records"":10325,""isym"":1,""max_abs_integral"":28.13104666664194,""ms2"":0,""n_electrons"":14,""n_orbitals"":18,""one_electron_integrals"":122,""orbsym"":[1,1,1,1,1,1,1,1,1,1,1,1,1,1,1,1,1,1],""path"":""/home/nagan/autosbd-sc26-rg/external/riken-sbd/data/n2/fcidump.txt"",""sha256"":""dee67eb5e8aee2f099953a52d7910db59bc7b284ad03a8fa7ffd2a4ba8efcf33"",""source_integral_doubles"":16650,""sum_abs_integrals"":500.99976876026955,""two_electron_fill_density"":0.6937304501563988,""two_electron_integrals"":10202},""log1p_method0_work_proxy"":12.044617855517439,""log1p_n_configurations"":6.932447891572509,""method0_work_proxy"":170180,""n_configurations"":1024}"
a1f1d537cb703e320563f439f1946015d60fa5e556e77b94884a2d19ab8880d2,867c1320559ae7433dc297c78b8f44dc300d81d399a395d2d57b365ae1be5697,0,2026-08-01T17:11:14.448807Z,2026-08-01T17:11:15.391033Z,false,timing_ineligible;warmup,warmup,0,n2,N2,6-31G,n2-prefix-0032,ec17e257f65c7e916b64077cad82f26ee99ce1d11991cf89affedccaafd1aa76,amd-l4-default,gpu,1,0.8821569360006833,0.023353,0.000367,,,18,32,32,1024,170180,116.9375,190.0,"{""alpha"":{""bit_length"":18,""count"":32,""file_bytes"":608,""occupancy_max"":7,""occupancy_mean"":7.0,""occupancy_min"":7,""occupancy_variance"":0.0,""path"":""/home/nagan/autosbd-sc26-rg/data/derived/phase_b_prefixes/n2/AlphaDets_n0032.txt"",""sha256"":""3d2406670cadd5ba16089fa08af208b469208d3afaf09ff6268aa6bfd2ea7b7d"",""unique_count"":32},""beta"":{""bit_length"":18,""count"":32,""file_bytes"":608,""occupancy_max"":7,""occupancy_mean"":7.0,""occupancy_min"":7,""occupancy_variance"":0.0,""path"":""/home/nagan/autosbd-sc26-rg/data/derived/phase_b_prefixes/n2/AlphaDets_n0032.txt"",""sha256"":""3d2406670cadd5ba16089fa08af208b469208d3afaf09ff6268aa6bfd2ea7b7d"",""unique_count"":32},""beta_reuses_alpha"":true,""combined_input_sha256"":""ec17e257f65c7e916b64077cad82f26ee99ce1d11991cf89affedccaafd1aa76"",""connectivity"":{""alpha"":{""determinants"":32,""directed_double_edges"":520,""directed_single_edges"":338,""double_degree_max"":19,""double_degree_mean"":16.25,""double_degree_min"":14,""double_edge_density"":0.5241935483870968,""single_degree_max"":15,""single_degree_mean"":10.5625,""single_degree_min"":8,""single_edge_density"":0.3407258064516129,""unordered_pair_comparisons"":496},""beta"":{""determinants"":32,""directed_double_edges"":520,""directed_single_edges"":338,""double_degree_max"":19,""double_degree_mean"":16.25,""double_degree_min"":14,""double_edge_density"":0.5241935483870968,""single_degree_max"":15,""single_degree_mean"":10.5625,""single_degree_min"":8,""single_edge_density"":0.3407258064516129,""unordered_pair_comparisons"":496},""pair_comparisons"":992},""connectivity_pair_limit"":1000000,""fcidump"":{""compact_two_electron_slots"":14706,""core_integrals"":1,""exact_zero_integrals"":0,""file_bytes"":437951,""integral_records"":10325,""isym"":1,""max_abs_integral"":28.13104666664194,""ms2"":0,""n_electrons"":14,""n_orbitals"":18,""one_electron_integrals"":122,""orbsym"":[1,1,1,1,1,1,1,1,1,1,1,1,1,1,1,1,1,1],""path"":""/home/nagan/autosbd-sc26-rg/external/riken-sbd/data/n2/fcidump.txt"",""sha256"":""dee67eb5e8aee2f099953a52d7910db59bc7b284ad03a8fa7ffd2a4ba8efcf33"",""source_integral_doubles"":16650,""sum_abs_integrals"":500.99976876026955,""two_electron_fill_density"":0.6937304501563988,""two_electron_integrals"":10202},""log1p_method0_work_proxy"":12.044617855517439,""log1p_n_configurations"":6.932447891572509,""method0_work_proxy"":170180,""n_configurations"":1024}"
b67e297ef1b191637a900d00025c69860df8d09b91a9346c3fdfbf8e2a57e4a0,faceead6364835dd292152c9fcb65c6dda058351bb501ebab0c5d00b9a05f506,0,2026-08-01T17:11:15.459395Z,2026-08-01T17:11:16.625501Z,false,timing_ineligible;warmup,warmup,0,n2,N2,6-31G,n2-prefix-0174,d1155d168110c036ee82b3dc7b49f5ee983c34dd893b4504304b8b36a4e23818,amd-l4-default,gpu,1,1.1089202000002842,0.284771,0.009439,,,18,174,174,30276,12076200,124.77734375,194.0,"{""alpha"":{""bit_length"":18,""count"":174,""file_bytes"":3306,""occupancy_max"":7,""occupancy_mean"":7.0,""occupancy_min"":7,""occupancy_variance"":0.0,""path"":""/home/nagan/autosbd-sc26-rg/data/derived/phase_b_prefixes/n2/AlphaDets_n0174.txt"",""sha256"":""89ff6a62b266baf5d449dbc21d728acf318fb5c2f13dfe5e786804033bfe4823"",""unique_count"":174},""beta"":{""bit_length"":18,""count"":174,""file_bytes"":3306,""occupancy_max"":7,""occupancy_mean"":7.0,""occupancy_min"":7,""occupancy_variance"":0.0,""path"":""/home/nagan/autosbd-sc26-rg/data/derived/phase_b_prefixes/n2/AlphaDets_n0174.txt"",""sha256"":""89ff6a62b266baf5d449dbc21d728acf318fb5c2f13dfe5e786804033bfe4823"",""unique_count"":174},""beta_reuses_alpha"":true,""combined_input_sha256"":""d1155d168110c036ee82b3dc7b49f5ee983c34dd893b4504304b8b36a4e23818"",""connectivity"":{""alpha"":{""determinants"":174,""directed_double_edges"":11850,""directed_single_edges"":2646,""double_degree_max"":117,""double_degree_mean"":68.10344827586206,""double_degree_min"":33,""double_edge_density"":0.3936615507275264,""single_degree_max"":50,""single_degree_mean"":15.206896551724139,""single_degree_min"":4,""single_edge_density"":0.08790113613713374,""unordered_pair_comparisons"":15051},""beta"":{""determinants"":174,""directed_double_edges"":11850,""directed_single_edges"":2646,""double_degree_max"":117,""double_degree_mean"":68.10344827586206,""double_degree_min"":33,""double_edge_density"":0.3936615507275264,""single_degree_max"":50,""single_degree_mean"":15.206896551724139,""single_degree_min"":4,""single_edge_density"":0.08790113613713374,""unordered_pair_comparisons"":15051},""pair_comparisons"":30102},""connectivity_pair_limit"":1000000,""fcidump"":{""compact_two_electron_slots"":14706,""core_integrals"":1,""exact_zero_integrals"":0,""file_bytes"":437951,""integral_records"":10325,""isym"":1,""max_abs_integral"":28.13104666664194,""ms2"":0,""n_electrons"":14,""n_orbitals"":18,""one_electron_integrals"":122,""orbsym"":[1,1,1,1,1,1,1,1,1,1,1,1,1,1,1,1,1,1],""path"":""/home/nagan/autosbd-sc26-rg/external/riken-sbd/data/n2/fcidump.txt"",""sha256"":""dee67eb5e8aee2f099953a52d7910db59bc7b284ad03a8fa7ffd2a4ba8efcf33"",""source_integral_doubles"":16650,""sum_abs_integrals"":500.99976876026955,""two_electron_fill_density"":0.6937304501563988,""two_electron_integrals"":10202},""log1p_method0_work_proxy"":16.306747214254646,""log1p_n_configurations"":10.318143627345878,""method0_work_proxy"":12076200,""n_configurations"":30276}"
c692ba130ab414d40ea1136d3bf0fefb8ea21d0c694f09c0b7f995c57fb15f4d,fa0aeb225d981ec98a89e48d1b1e4058753612eacfa97e4acae5de01b8a835c3,0,2026-08-01T17:11:16.689634Z,2026-08-01T17:11:19.765527Z,false,timing_ineligible;warmup,warmup,0,n2,N2,6-31G,n2-prefix-0174,d1155d168110c036ee82b3dc7b49f5ee983c34dd893b4504304b8b36a4e23818,amd-cpu-16,cpu,16,3.021267402000376,2.368642,0.004756999999999998,,,18,174,174,30276,12076200,28.6796875,,"{""alpha"":{""bit_length"":18,""count"":174,""file_bytes"":3306,""occupancy_max"":7,""occupancy_mean"":7.0,""occupancy_min"":7,""occupancy_variance"":0.0,""path"":""/home/nagan/autosbd-sc26-rg/data/derived/phase_b_prefixes/n2/AlphaDets_n0174.txt"",""sha256"":""89ff6a62b266baf5d449dbc21d728acf318fb5c2f13dfe5e786804033bfe4823"",""unique_count"":174},""beta"":{""bit_length"":18,""count"":174,""file_bytes"":3306,""occupancy_max"":7,""occupancy_mean"":7.0,""occupancy_min"":7,""occupancy_variance"":0.0,""path"":""/home/nagan/autosbd-sc26-rg/data/derived/phase_b_prefixes/n2/AlphaDets_n0174.txt"",""sha256"":""89ff6a62b266baf5d449dbc21d728acf318fb5c2f13dfe5e786804033bfe4823"",""unique_count"":174},""beta_reuses_alpha"":true,""combined_input_sha256"":""d1155d168110c036ee82b3dc7b49f5ee983c34dd893b4504304b8b36a4e23818"",""connectivity"":{""alpha"":{""determinants"":174,""directed_double_edges"":11850,""directed_single_edges"":2646,""double_degree_max"":117,""double_degree_mean"":68.10344827586206,""double_degree_min"":33,""double_edge_density"":0.3936615507275264,""single_degree_max"":50,""single_degree_mean"":15.206896551724139,""single_degree_min"":4,""single_edge_density"":0.08790113613713374,""unordered_pair_comparisons"":15051},""beta"":{""determinants"":174,""directed_double_edges"":11850,""directed_single_edges"":2646,""double_degree_max"":117,""double_degree_mean"":68.10344827586206,""double_degree_min"":33,""double_edge_density"":0.3936615507275264,""single_degree_max"":50,""single_degree_mean"":15.206896551724139,""single_degree_min"":4,""single_edge_density"":0.08790113613713374,""unordered_pair_comparisons"":15051},""pair_comparisons"":30102},""connectivity_pair_limit"":1000000,""fcidump"":{""compact_two_electron_slots"":14706,""core_integrals"":1,""exact_zero_integrals"":0,""file_bytes"":437951,""integral_records"":10325,""isym"":1,""max_abs_integral"":28.13104666664194,""ms2"":0,""n_electrons"":14,""n_orbitals"":18,""one_electron_integrals"":122,""orbsym"":[1,1,1,1,1,1,1,1,1,1,1,1,1,1,1,1,1,1],""path"":""/home/nagan/autosbd-sc26-rg/external/riken-sbd/data/n2/fcidump.txt"",""sha256"":""dee67eb5e8aee2f099953a52d7910db59bc7b284ad03a8fa7ffd2a4ba8efcf33"",""source_integral_doubles"":16650,""sum_abs_integrals"":500.99976876026955,""two_electron_fill_density"":0.6937304501563988,""two_electron_integrals"":10202},""log1p_method0_work_proxy"":16.306747214254646,""log1p_n_configurations"":10.318143627345878,""method0_work_proxy"":12076200,""n_configurations"":30276}"
0f9e4e3831572ce3b4cff365dd23afa1a123c2f8ff1eb37f4f6b1c2f2d2247d0,5acb725365d0115a609c77b386d4478c61bdfc83c146d60f04f49c3f81eed4c4,0,2026-08-01T17:11:19.896487Z,2026-08-01T17:11:20.569739Z,false,timing_ineligible;warmup,warmup,0,h2o,H2O,cc-pVDZ,h2o-prefix-0032,bc8b7df3cfd9b36edc9a7de5e173ba97c6d3260c199b68c67f44ddff94624373,amd-cpu-16,cpu,16,0.6075343850097852,0.031407,0.002771,,,24,32,32,1024,140176,20.9765625,,"{""alpha"":{""bit_length"":24,""count"":32,""file_bytes"":800,""occupancy_max"":5,""occupancy_mean"":5.0,""occupancy_min"":5,""occupancy_variance"":0.0,""path"":""/home/nagan/autosbd-sc26-rg/data/derived/phase_b_prefixes/h2o/AlphaDets_n0032.txt"",""sha256"":""6f1fcf262ca0e91cbede71522a4f756cc801a0c7730d2e16552876386f6da58f"",""unique_count"":32},""beta"":{""bit_length"":24,""count"":32,""file_bytes"":800,""occupancy_max"":5,""occupancy_mean"":5.0,""occupancy_min"":5,""occupancy_variance"":0.0,""path"":""/home/nagan/autosbd-sc26-rg/data/derived/phase_b_prefixes/h2o/AlphaDets_n0032.txt"",""sha256"":""6f1fcf262ca0e91cbede71522a4f756cc801a0c7730d2e16552876386f6da58f"",""unique_count"":32},""beta_reuses_alpha"":true,""combined_input_sha256"":""bc8b7df3cfd9b36edc9a7de5e173ba97c6d3260c199b68c67f44ddff94624373"",""connectivity"":{""alpha"":{""determinants"":32,""directed_double_edges"":550,""directed_single_edges"":292,""double_degree_max"":21,""double_degree_mean"":17.1875,""double_degree_min"":11,""double_edge_density"":0.5544354838709677,""single_degree_max"":20,""single_degree_mean"":9.125,""single_degree_min"":4,""single_edge_density"":0.29435483870967744,""unordered_pair_comparisons"":496},""beta"":{""determinants"":32,""directed_double_edges"":550,""directed_single_edges"":292,""double_degree_max"":21,""double_degree_mean"":17.1875,""double_degree_min"":11,""double_edge_density"":0.5544354838709677,""single_degree_max"":20,""single_degree_mean"":9.125,""single_degree_min"":4,""single_edge_density"":0.29435483870967744,""unordered_pair_comparisons"":496},""pair_comparisons"":992},""connectivity_pair_limit"":1000000,""fcidump"":{""compact_two_electron_slots"":45150,""core_integrals"":1,""exact_zero_integrals"":0,""file_bytes"":1124056,""integral_records"":26647,""isym"":1,""max_abs_integral"":33.02799415966381,""ms2"":0,""n_electrons"":10,""n_orbitals"":24,""one_electron_integrals"":202,""orbsym"":[1,1,1,1,1,1,1,1,1,1,1,1,1,1,1,1,1,1,1,1,1,1,1,1],""path"":""/home/nagan/autosbd-sc26-rg/external/riken-sbd/data/h2o/fcidump.txt"",""sha256"":""a3c2302834a33dce7260e8050a3f5180e05dbba1bb748f3e2f6410a7eacbd94d"",""source_integral_doubles"":48606,""sum_abs_integrals"":783.0966481208136,""two_electron_fill_density"":0.5856921373200443,""two_electron_integrals"":26444},""log1p_method0_work_proxy"":11.850661188769525,""log1p_n_configurations"":6.932447891572509,""method0_work_proxy"":140176,""n_configurations"":1024}"
3095e50e7c84dfe0923de3ee9e9a30ae4e1b887fa3b89ddb92bf658ce74cb988,39c3036c40ac34da0947bb57093b4b319401458921d0886c96aadb4a1632b04b,0,2026-08-01T17:11:20.705264Z,2026-08-01T17:11:21.615686Z,false,timing_ineligible;warmup,warmup,0,h2o,H2O,cc-pVDZ,h2o-prefix-0032,bc8b7df3cfd9b36edc9a7de5e173ba97c6d3260c199b68c67f44ddff94624373,amd-l4-default,gpu,1,0.8453204870020272,0.037321,0.00046,,,24,32,32,1024,140176,79.51953125,20.0,"{""alpha"":{""bit_length"":24,""count"":32,""file_bytes"":800,""occupancy_max"":5,""occupancy_mean"":5.0,""occupancy_min"":5,""occupancy_variance"":0.0,""path"":""/home/nagan/autosbd-sc26-rg/data/derived/phase_b_prefixes/h2o/AlphaDets_n0032.txt"",""sha256"":""6f1fcf262ca0e91cbede71522a4f756cc801a0c7730d2e16552876386f6da58f"",""unique_count"":32},""beta"":{""bit_length"":24,""count"":32,""file_bytes"":800,""occupancy_max"":5,""occupancy_mean"":5.0,""occupancy_min"":5,""occupancy_variance"":0.0,""path"":""/home/nagan/autosbd-sc26-rg/data/derived/phase_b_prefixes/h2o/AlphaDets_n0032.txt"",""sha256"":""6f1fcf262ca0e91cbede71522a4f756cc801a0c7730d2e16552876386f6da58f"",""unique_count"":32},""beta_reuses_alpha"":true,""combined_input_sha256"":""bc8b7df3cfd9b36edc9a7de5e173ba97c6d3260c199b68c67f44ddff94624373"",""connectivity"":{""alpha"":{""determinants"":32,""directed_double_edges"":550,""directed_single_edges"":292,""double_degree_max"":21,""double_degree_mean"":17.1875,""double_degree_min"":11,""double_edge_density"":0.5544354838709677,""single_degree_max"":20,""single_degree_mean"":9.125,""single_degree_min"":4,""single_edge_density"":0.29435483870967744,""unordered_pair_comparisons"":496},""beta"":{""determinants"":32,""directed_double_edges"":550,""directed_single_edges"":292,""double_degree_max"":21,""double_degree_mean"":17.1875,""double_degree_min"":11,""double_edge_density"":0.5544354838709677,""single_degree_max"":20,""single_degree_mean"":9.125,""single_degree_min"":4,""single_edge_density"":0.29435483870967744,""unordered_pair_comparisons"":496},""pair_comparisons"":992},""connectivity_pair_limit"":1000000,""fcidump"":{""compact_two_electron_slots"":45150,""core_integrals"":1,""exact_zero_integrals"":0,""file_bytes"":1124056,""integral_records"":26647,""isym"":1,""max_abs_integral"":33.02799415966381,""ms2"":0,""n_electrons"":10,""n_orbitals"":24,""one_electron_integrals"":202,""orbsym"":[1,1,1,1,1,1,1,1,1,1,1,1,1,1,1,1,1,1,1,1,1,1,1,1],""path"":""/home/nagan/autosbd-sc26-rg/external/riken-sbd/data/h2o/fcidump.txt"",""sha256"":""a3c2302834a33dce7260e8050a3f5180e05dbba1bb748f3e2f6410a7eacbd94d"",""source_integral_doubles"":48606,""sum_abs_integrals"":783.0966481208136,""two_electron_fill_density"":0.5856921373200443,""two_electron_integrals"":26444},""log1p_method0_work_proxy"":11.850661188769525,""log1p_n_configurations"":6.932447891572509,""method0_work_proxy"":140176,""n_configurations"":1024}"
04dd34d4c2898d2e3de120aa9642a02d23953edfa97611ffecba092c2c176789,72c82e2f36f4635de807d18a13de7221a7784f6671157459e8ae0d830e9a182c,0,2026-08-01T17:11:21.751087Z,2026-08-01T17:11:25.434664Z,false,timing_ineligible;warmup,warmup,0,h2o,H2O,cc-pVDZ,h2o-prefix-0174,54238461a8e4af6e254f60eecaa74512c6dee9fa209ca461041b5dea338aa659,amd-cpu-16,cpu,16,3.6241623060050188,2.879581,0.004451999999999999,,,24,174,174,30276,12665248,29.9140625,,"{""alpha"":{""bit_length"":24,""count"":174,""file_bytes"":4350,""occupancy_max"":5,""occupancy_mean"":5.0,""occupancy_min"":5,""occupancy_variance"":0.0,""path"":""/home/nagan/autosbd-sc26-rg/data/derived/phase_b_prefixes/h2o/AlphaDets_n0174.txt"",""sha256"":""5cb369df17d90da84c3fb7fb13ff45a490e56281d262c8ae968e235b93c82c10"",""unique_count"":174},""beta"":{""bit_length"":24,""count"":174,""file_bytes"":4350,""occupancy_max"":5,""occupancy_mean"":5.0,""occupancy_min"":5,""occupancy_variance"":0.0,""path"":""/home/nagan/autosbd-sc26-rg/data/derived/phase_b_prefixes/h2o/AlphaDets_n0174.txt"",""sha256"":""5cb369df17d90da84c3fb7fb13ff45a490e56281d262c8ae968e235b93c82c10"",""unique_count"":174},""beta_reuses_alpha"":true,""combined_input_sha256"":""54238461a8e4af6e254f60eecaa74512c6dee9fa209ca461041b5dea338aa659"",""connectivity"":{""alpha"":{""determinants"":174,""directed_double_edges"":12824,""directed_single_edges"":2690,""double_degree_max"":113,""double_degree_mean"":73.70114942528735,""double_degree_min"":31,""double_edge_density"":0.42601820477044716,""single_degree_max"":57,""single_degree_mean"":15.459770114942529,""single_degree_min"":4,""single_edge_density"":0.08936283303434987,""unordered_pair_comparisons"":15051},""beta"":{""determinants"":174,""directed_double_edges"":12824,""directed_single_edges"":2690,""double_degree_max"":113,""double_degree_mean"":73.70114942528735,""double_degree_min"":31,""double_edge_density"":0.42601820477044716,""single_degree_max"":57,""single_degree_mean"":15.459770114942529,""single_degree_min"":4,""single_edge_density"":0.08936283303434987,""unordered_pair_comparisons"":15051},""pair_comparisons"":30102},""connectivity_pair_limit"":1000000,""fcidump"":{""compact_two_electron_slots"":45150,""core_integrals"":1,""exact_zero_integrals"":0,""file_bytes"":1124056,""integral_records"":26647,""isym"":1,""max_abs_integral"":33.02799415966381,""ms2"":0,""n_electrons"":10,""n_orbitals"":24,""one_electron_integrals"":202,""orbsym"":[1,1,1,1,1,1,1,1,1,1,1,1,1,1,1,1,1,1,1,1,1,1,1,1],""path"":""/home/nagan/autosbd-sc26-rg/external/riken-sbd/data/h2o/fcidump.txt"",""sha256"":""a3c2302834a33dce7260e8050a3f5180e05dbba1bb748f3e2f6410a7eacbd94d"",""source_integral_doubles"":48606,""sum_abs_integrals"":783.0966481208136,""two_electron_fill_density"":0.5856921373200443,""two_electron_integrals"":26444},""log1p_method0_work_proxy"":16.35437250170629,""log1p_n_configurations"":10.318143627345878,""method0_work_proxy"":12665248,""n_configurations"":30276}"
f93bfda0f66f3dc93469c2b63c68b6f3844ffe5d887402a625ef1f7ea3bab01b,70a85d2d66509b42c7be8e045797022b32c5390c2d6d97f9c49c117b8b101dfd,0,2026-08-01T17:11:25.574289Z,2026-08-01T17:11:26.943533Z,false,timing_ineligible;warmup,warmup,0,h2o,H2O,cc-pVDZ,h2o-prefix-0174,54238461a8e4af6e254f60eecaa74512c6dee9fa209ca461041b5dea338aa659,amd-l4-default,gpu,1,1.305538027008879,0.408518,0.010326,,,24,174,174,30276,12665248,126.18359375,194.0,"{""alpha"":{""bit_length"":24,""count"":174,""file_bytes"":4350,""occupancy_max"":5,""occupancy_mean"":5.0,""occupancy_min"":5,""occupancy_variance"":0.0,""path"":""/home/nagan/autosbd-sc26-rg/data/derived/phase_b_prefixes/h2o/AlphaDets_n0174.txt"",""sha256"":""5cb369df17d90da84c3fb7fb13ff45a490e56281d262c8ae968e235b93c82c10"",""unique_count"":174},""beta"":{""bit_length"":24,""count"":174,""file_bytes"":4350,""occupancy_max"":5,""occupancy_mean"":5.0,""occupancy_min"":5,""occupancy_variance"":0.0,""path"":""/home/nagan/autosbd-sc26-rg/data/derived/phase_b_prefixes/h2o/AlphaDets_n0174.txt"",""sha256"":""5cb369df17d90da84c3fb7fb13ff45a490e56281d262c8ae968e235b93c82c10"",""unique_count"":174},""beta_reuses_alpha"":true,""combined_input_sha256"":""54238461a8e4af6e254f60eecaa74512c6dee9fa209ca461041b5dea338aa659"",""connectivity"":{""alpha"":{""determinants"":174,""directed_double_edges"":12824,""directed_single_edges"":2690,""double_degree_max"":113,""double_degree_mean"":73.70114942528735,""double_degree_min"":31,""double_edge_density"":0.42601820477044716,""single_degree_max"":57,""single_degree_mean"":15.459770114942529,""single_degree_min"":4,""single_edge_density"":0.08936283303434987,""unordered_pair_comparisons"":15051},""beta"":{""determinants"":174,""directed_double_edges"":12824,""directed_single_edges"":2690,""double_degree_max"":113,""double_degree_mean"":73.70114942528735,""double_degree_min"":31,""double_edge_density"":0.42601820477044716,""single_degree_max"":57,""single_degree_mean"":15.459770114942529,""single_degree_min"":4,""single_edge_density"":0.08936283303434987,""unordered_pair_comparisons"":15051},""pair_comparisons"":30102},""connectivity_pair_limit"":1000000,""fcidump"":{""compact_two_electron_slots"":45150,""core_integrals"":1,""exact_zero_integrals"":0,""file_bytes"":1124056,""integral_records"":26647,""isym"":1,""max_abs_integral"":33.02799415966381,""ms2"":0,""n_electrons"":10,""n_orbitals"":24,""one_electron_integrals"":202,""orbsym"":[1,1,1,1,1,1,1,1,1,1,1,1,1,1,1,1,1,1,1,1,1,1,1,1],""path"":""/home/nagan/autosbd-sc26-rg/external/riken-sbd/data/h2o/fcidump.txt"",""sha256"":""a3c2302834a33dce7260e8050a3f5180e05dbba1bb748f3e2f6410a7eacbd94d"",""source_integral_doubles"":48606,""sum_abs_integrals"":783.0966481208136,""two_electron_fill_density"":0.5856921373200443,""two_electron_integrals"":26444},""log1p_method0_work_proxy"":16.35437250170629,""log1p_n_configurations"":10.318143627345878,""method0_work_proxy"":12665248,""n_configurations"":30276}"
1094d460be08be2090cb4ae7e78d57024ea2840a8dcfd3704f857ab84d07ca94,eed5492729bf52914ba108287938531b1d3e63214c9525a2ebd4aee30fcb3436,0,2026-08-01T17:11:27.010822Z,2026-08-01T17:11:27.856582Z,true,,measured,0,n2,N2,6-31G,n2-prefix-0032,ec17e257f65c7e916b64077cad82f26ee99ce1d11991cf89affedccaafd1aa76,amd-l4-default,gpu,1,0.7917750219930895,0.02324,0.000394,,,18,32,32,1024,170180,116.02734375,192.0,"{""alpha"":{""bit_length"":18,""count"":32,""file_bytes"":608,""occupancy_max"":7,""occupancy_mean"":7.0,""occupancy_min"":7,""occupancy_variance"":0.0,""path"":""/home/nagan/autosbd-sc26-rg/data/derived/phase_b_prefixes/n2/AlphaDets_n0032.txt"",""sha256"":""3d2406670cadd5ba16089fa08af208b469208d3afaf09ff6268aa6bfd2ea7b7d"",""unique_count"":32},""beta"":{""bit_length"":18,""count"":32,""file_bytes"":608,""occupancy_max"":7,""occupancy_mean"":7.0,""occupancy_min"":7,""occupancy_variance"":0.0,""path"":""/home/nagan/autosbd-sc26-rg/data/derived/phase_b_prefixes/n2/AlphaDets_n0032.txt"",""sha256"":""3d2406670cadd5ba16089fa08af208b469208d3afaf09ff6268aa6bfd2ea7b7d"",""unique_count"":32},""beta_reuses_alpha"":true,""combined_input_sha256"":""ec17e257f65c7e916b64077cad82f26ee99ce1d11991cf89affedccaafd1aa76"",""connectivity"":{""alpha"":{""determinants"":32,""directed_double_edges"":520,""directed_single_edges"":338,""double_degree_max"":19,""double_degree_mean"":16.25,""double_degree_min"":14,""double_edge_density"":0.5241935483870968,""single_degree_max"":15,""single_degree_mean"":10.5625,""single_degree_min"":8,""single_edge_density"":0.3407258064516129,""unordered_pair_comparisons"":496},""beta"":{""determinants"":32,""directed_double_edges"":520,""directed_single_edges"":338,""double_degree_max"":19,""double_degree_mean"":16.25,""double_degree_min"":14,""double_edge_density"":0.5241935483870968,""single_degree_max"":15,""single_degree_mean"":10.5625,""single_degree_min"":8,""single_edge_density"":0.3407258064516129,""unordered_pair_comparisons"":496},""pair_comparisons"":992},""connectivity_pair_limit"":1000000,""fcidump"":{""compact_two_electron_slots"":14706,""core_integrals"":1,""exact_zero_integrals"":0,""file_bytes"":437951,""integral_records"":10325,""isym"":1,""max_abs_integral"":28.13104666664194,""ms2"":0,""n_electrons"":14,""n_orbitals"":18,""one_electron_integrals"":122,""orbsym"":[1,1,1,1,1,1,1,1,1,1,1,1,1,1,1,1,1,1],""path"":""/home/nagan/autosbd-sc26-rg/external/riken-sbd/data/n2/fcidump.txt"",""sha256"":""dee67eb5e8aee2f099953a52d7910db59bc7b284ad03a8fa7ffd2a4ba8efcf33"",""source_integral_doubles"":16650,""sum_abs_integrals"":500.99976876026955,""two_electron_fill_density"":0.6937304501563988,""two_electron_integrals"":10202},""log1p_method0_work_proxy"":12.044617855517439,""log1p_n_configurations"":6.932447891572509,""method0_work_proxy"":170180,""n_configurations"":1024}"
4a2cf63d4456923274a11e19df59a61ada97d725068859ab19ba614d31fae241,52f477119f7bd331e774f03d1df2ae8c5399b42c8c0d58a046f176c887fb533d,0,2026-08-01T17:11:27.918184Z,2026-08-01T17:11:28.580405Z,true,,measured,0,n2,N2,6-31G,n2-prefix-0032,ec17e257f65c7e916b64077cad82f26ee99ce1d11991cf89affedccaafd1aa76,amd-cpu-16,cpu,16,0.6074644440086558,0.034498,0.002538,,,18,32,32,1024,170180,21.015625,,"{""alpha"":{""bit_length"":18,""count"":32,""file_bytes"":608,""occupancy_max"":7,""occupancy_mean"":7.0,""occupancy_min"":7,""occupancy_variance"":0.0,""path"":""/home/nagan/autosbd-sc26-rg/data/derived/phase_b_prefixes/n2/AlphaDets_n0032.txt"",""sha256"":""3d2406670cadd5ba16089fa08af208b469208d3afaf09ff6268aa6bfd2ea7b7d"",""unique_count"":32},""beta"":{""bit_length"":18,""count"":32,""file_bytes"":608,""occupancy_max"":7,""occupancy_mean"":7.0,""occupancy_min"":7,""occupancy_variance"":0.0,""path"":""/home/nagan/autosbd-sc26-rg/data/derived/phase_b_prefixes/n2/AlphaDets_n0032.txt"",""sha256"":""3d2406670cadd5ba16089fa08af208b469208d3afaf09ff6268aa6bfd2ea7b7d"",""unique_count"":32},""beta_reuses_alpha"":true,""combined_input_sha256"":""ec17e257f65c7e916b64077cad82f26ee99ce1d11991cf89affedccaafd1aa76"",""connectivity"":{""alpha"":{""determinants"":32,""directed_double_edges"":520,""directed_single_edges"":338,""double_degree_max"":19,""double_degree_mean"":16.25,""double_degree_min"":14,""double_edge_density"":0.5241935483870968,""single_degree_max"":15,""single_degree_mean"":10.5625,""single_degree_min"":8,""single_edge_density"":0.3407258064516129,""unordered_pair_comparisons"":496},""beta"":{""determinants"":32,""directed_double_edges"":520,""directed_single_edges"":338,""double_degree_max"":19,""double_degree_mean"":16.25,""double_degree_min"":14,""double_edge_density"":0.5241935483870968,""single_degree_max"":15,""single_degree_mean"":10.5625,""single_degree_min"":8,""single_edge_density"":0.3407258064516129,""unordered_pair_comparisons"":496},""pair_comparisons"":992},""connectivity_pair_limit"":1000000,""fcidump"":{""compact_two_electron_slots"":14706,""core_integrals"":1,""exact_zero_integrals"":0,""file_bytes"":437951,""integral_records"":10325,""isym"":1,""max_abs_integral"":28.13104666664194,""ms2"":0,""n_electrons"":14,""n_orbitals"":18,""one_electron_integrals"":122,""orbsym"":[1,1,1,1,1,1,1,1,1,1,1,1,1,1,1,1,1,1],""path"":""/home/nagan/autosbd-sc26-rg/external/riken-sbd/data/n2/fcidump.txt"",""sha256"":""dee67eb5e8aee2f099953a52d7910db59bc7b284ad03a8fa7ffd2a4ba8efcf33"",""source_integral_doubles"":16650,""sum_abs_integrals"":500.99976876026955,""two_electron_fill_density"":0.6937304501563988,""two_electron_integrals"":10202},""log1p_method0_work_proxy"":12.044617855517439,""log1p_n_configurations"":6.932447891572509,""method0_work_proxy"":170180,""n_configurations"":1024}"
b1f6ee7ae44e8e7ed7184687808847828940473febed9353b9a8ef39ce146549,8fcefa6c455386724f103295df731860eaff3b22c00886fb76117c5383cf3256,0,2026-08-01T17:11:28.645637Z,2026-08-01T17:11:31.721383Z,true,,measured,0,n2,N2,6-31G,n2-prefix-0174,d1155d168110c036ee82b3dc7b49f5ee983c34dd893b4504304b8b36a4e23818,amd-cpu-16,cpu,16,3.0204282859922387,2.342887,0.004708,,,18,174,174,30276,12076200,28.65234375,,"{""alpha"":{""bit_length"":18,""count"":174,""file_bytes"":3306,""occupancy_max"":7,""occupancy_mean"":7.0,""occupancy_min"":7,""occupancy_variance"":0.0,""path"":""/home/nagan/autosbd-sc26-rg/data/derived/phase_b_prefixes/n2/AlphaDets_n0174.txt"",""sha256"":""89ff6a62b266baf5d449dbc21d728acf318fb5c2f13dfe5e786804033bfe4823"",""unique_count"":174},""beta"":{""bit_length"":18,""count"":174,""file_bytes"":3306,""occupancy_max"":7,""occupancy_mean"":7.0,""occupancy_min"":7,""occupancy_variance"":0.0,""path"":""/home/nagan/autosbd-sc26-rg/data/derived/phase_b_prefixes/n2/AlphaDets_n0174.txt"",""sha256"":""89ff6a62b266baf5d449dbc21d728acf318fb5c2f13dfe5e786804033bfe4823"",""unique_count"":174},""beta_reuses_alpha"":true,""combined_input_sha256"":""d1155d168110c036ee82b3dc7b49f5ee983c34dd893b4504304b8b36a4e23818"",""connectivity"":{""alpha"":{""determinants"":174,""directed_double_edges"":11850,""directed_single_edges"":2646,""double_degree_max"":117,""double_degree_mean"":68.10344827586206,""double_degree_min"":33,""double_edge_density"":0.3936615507275264,""single_degree_max"":50,""single_degree_mean"":15.206896551724139,""single_degree_min"":4,""single_edge_density"":0.08790113613713374,""unordered_pair_comparisons"":15051},""beta"":{""determinants"":174,""directed_double_edges"":11850,""directed_single_edges"":2646,""double_degree_max"":117,""double_degree_mean"":68.10344827586206,""double_degree_min"":33,""double_edge_density"":0.3936615507275264,""single_degree_max"":50,""single_degree_mean"":15.206896551724139,""single_degree_min"":4,""single_edge_density"":0.08790113613713374,""unordered_pair_comparisons"":15051},""pair_comparisons"":30102},""connectivity_pair_limit"":1000000,""fcidump"":{""compact_two_electron_slots"":14706,""core_integrals"":1,""exact_zero_integrals"":0,""file_bytes"":437951,""integral_records"":10325,""isym"":1,""max_abs_integral"":28.13104666664194,""ms2"":0,""n_electrons"":14,""n_orbitals"":18,""one_electron_integrals"":122,""orbsym"":[1,1,1,1,1,1,1,1,1,1,1,1,1,1,1,1,1,1],""path"":""/home/nagan/autosbd-sc26-rg/external/riken-sbd/data/n2/fcidump.txt"",""sha256"":""dee67eb5e8aee2f099953a52d7910db59bc7b284ad03a8fa7ffd2a4ba8efcf33"",""source_integral_doubles"":16650,""sum_abs_integrals"":500.99976876026955,""two_electron_fill_density"":0.6937304501563988,""two_electron_integrals"":10202},""log1p_method0_work_proxy"":16.306747214254646,""log1p_n_configurations"":10.318143627345878,""method0_work_proxy"":12076200,""n_configurations"":30276}"
13d5b988546e8bfea42def7f1dca6636d295cb1695b83bd246670c2761c4062b,04766538cd5a973b388cad7f266ddcb04873ac6e2d593d90efc0714641d41f5d,0,2026-08-01T17:11:31.791374Z,2026-08-01T17:11:33.023750Z,true,,measured,0,n2,N2,6-31G,n2-prefix-0174,d1155d168110c036ee82b3dc7b49f5ee983c34dd893b4504304b8b36a4e23818,amd-l4-default,gpu,1,1.1732038259942783,0.284705,0.009276,,,18,174,174,30276,12076200,124.70703125,194.0,"{""alpha"":{""bit_length"":18,""count"":174,""file_bytes"":3306,""occupancy_max"":7,""occupancy_mean"":7.0,""occupancy_min"":7,""occupancy_variance"":0.0,""path"":""/home/nagan/autosbd-sc26-rg/data/derived/phase_b_prefixes/n2/AlphaDets_n0174.txt"",""sha256"":""89ff6a62b266baf5d449dbc21d728acf318fb5c2f13dfe5e786804033bfe4823"",""unique_count"":174},""beta"":{""bit_length"":18,""count"":174,""file_bytes"":3306,""occupancy_max"":7,""occupancy_mean"":7.0,""occupancy_min"":7,""occupancy_variance"":0.0,""path"":""/home/nagan/autosbd-sc26-rg/data/derived/phase_b_prefixes/n2/AlphaDets_n0174.txt"",""sha256"":""89ff6a62b266baf5d449dbc21d728acf318fb5c2f13dfe5e786804033bfe4823"",""unique_count"":174},""beta_reuses_alpha"":true,""combined_input_sha256"":""d1155d168110c036ee82b3dc7b49f5ee983c34dd893b4504304b8b36a4e23818"",""connectivity"":{""alpha"":{""determinants"":174,""directed_double_edges"":11850,""directed_single_edges"":2646,""double_degree_max"":117,""double_degree_mean"":68.10344827586206,""double_degree_min"":33,""double_edge_density"":0.3936615507275264,""single_degree_max"":50,""single_degree_mean"":15.206896551724139,""single_degree_min"":4,""single_edge_density"":0.08790113613713374,""unordered_pair_comparisons"":15051},""beta"":{""determinants"":174,""directed_double_edges"":11850,""directed_single_edges"":2646,""double_degree_max"":117,""double_degree_mean"":68.10344827586206,""double_degree_min"":33,""double_edge_density"":0.3936615507275264,""single_degree_max"":50,""single_degree_mean"":15.206896551724139,""single_degree_min"":4,""single_edge_density"":0.08790113613713374,""unordered_pair_comparisons"":15051},""pair_comparisons"":30102},""connectivity_pair_limit"":1000000,""fcidump"":{""compact_two_electron_slots"":14706,""core_integrals"":1,""exact_zero_integrals"":0,""file_bytes"":437951,""integral_records"":10325,""isym"":1,""max_abs_integral"":28.13104666664194,""ms2"":0,""n_electrons"":14,""n_orbitals"":18,""one_electron_integrals"":122,""orbsym"":[1,1,1,1,1,1,1,1,1,1,1,1,1,1,1,1,1,1],""path"":""/home/nagan/autosbd-sc26-rg/external/riken-sbd/data/n2/fcidump.txt"",""sha256"":""dee67eb5e8aee2f099953a52d7910db59bc7b284ad03a8fa7ffd2a4ba8efcf33"",""source_integral_doubles"":16650,""sum_abs_integrals"":500.99976876026955,""two_electron_fill_density"":0.6937304501563988,""two_electron_integrals"":10202},""log1p_method0_work_proxy"":16.306747214254646,""log1p_n_configurations"":10.318143627345878,""method0_work_proxy"":12076200,""n_configurations"":30276}"
87a4a07004286806a8949952edf8f1dcf3deb89424aeea654634e46d6f835e56,cbec5119fbac14799378a36e08dbb5361ece58d356e511aa26f9dac35a3cc031,0,2026-08-01T17:11:33.161483Z,2026-08-01T17:11:34.004036Z,true,,measured,0,h2o,H2O,cc-pVDZ,h2o-prefix-0032,bc8b7df3cfd9b36edc9a7de5e173ba97c6d3260c199b68c67f44ddff94624373,amd-l4-default,gpu,1,0.7840895529952832,0.036942,0.000433,,,24,32,32,1024,140176,79.69921875,20.0,"{""alpha"":{""bit_length"":24,""count"":32,""file_bytes"":800,""occupancy_max"":5,""occupancy_mean"":5.0,""occupancy_min"":5,""occupancy_variance"":0.0,""path"":""/home/nagan/autosbd-sc26-rg/data/derived/phase_b_prefixes/h2o/AlphaDets_n0032.txt"",""sha256"":""6f1fcf262ca0e91cbede71522a4f756cc801a0c7730d2e16552876386f6da58f"",""unique_count"":32},""beta"":{""bit_length"":24,""count"":32,""file_bytes"":800,""occupancy_max"":5,""occupancy_mean"":5.0,""occupancy_min"":5,""occupancy_variance"":0.0,""path"":""/home/nagan/autosbd-sc26-rg/data/derived/phase_b_prefixes/h2o/AlphaDets_n0032.txt"",""sha256"":""6f1fcf262ca0e91cbede71522a4f756cc801a0c7730d2e16552876386f6da58f"",""unique_count"":32},""beta_reuses_alpha"":true,""combined_input_sha256"":""bc8b7df3cfd9b36edc9a7de5e173ba97c6d3260c199b68c67f44ddff94624373"",""connectivity"":{""alpha"":{""determinants"":32,""directed_double_edges"":550,""directed_single_edges"":292,""double_degree_max"":21,""double_degree_mean"":17.1875,""double_degree_min"":11,""double_edge_density"":0.5544354838709677,""single_degree_max"":20,""single_degree_mean"":9.125,""single_degree_min"":4,""single_edge_density"":0.29435483870967744,""unordered_pair_comparisons"":496},""beta"":{""determinants"":32,""directed_double_edges"":550,""directed_single_edges"":292,""double_degree_max"":21,""double_degree_mean"":17.1875,""double_degree_min"":11,""double_edge_density"":0.5544354838709677,""single_degree_max"":20,""single_degree_mean"":9.125,""single_degree_min"":4,""single_edge_density"":0.29435483870967744,""unordered_pair_comparisons"":496},""pair_comparisons"":992},""connectivity_pair_limit"":1000000,""fcidump"":{""compact_two_electron_slots"":45150,""core_integrals"":1,""exact_zero_integrals"":0,""file_bytes"":1124056,""integral_records"":26647,""isym"":1,""max_abs_integral"":33.02799415966381,""ms2"":0,""n_electrons"":10,""n_orbitals"":24,""one_electron_integrals"":202,""orbsym"":[1,1,1,1,1,1,1,1,1,1,1,1,1,1,1,1,1,1,1,1,1,1,1,1],""path"":""/home/nagan/autosbd-sc26-rg/external/riken-sbd/data/h2o/fcidump.txt"",""sha256"":""a3c2302834a33dce7260e8050a3f5180e05dbba1bb748f3e2f6410a7eacbd94d"",""source_integral_doubles"":48606,""sum_abs_integrals"":783.0966481208136,""two_electron_fill_density"":0.5856921373200443,""two_electron_integrals"":26444},""log1p_method0_work_proxy"":11.850661188769525,""log1p_n_configurations"":6.932447891572509,""method0_work_proxy"":140176,""n_configurations"":1024}"
646bfafa6a1e5bb7555c22af06cd5661c1201d9586bc1962a796101281af91a7,7bfbaa44d7855ebf1829869864451afb49772c80f49a121c3f1e123c2ca3623f,0,2026-08-01T17:11:34.136098Z,2026-08-01T17:11:34.803691Z,true,,measured,0,h2o,H2O,cc-pVDZ,h2o-prefix-0032,bc8b7df3cfd9b36edc9a7de5e173ba97c6d3260c199b68c67f44ddff94624373,amd-cpu-16,cpu,16,0.6072084219922544,0.03087,0.0027600000000000003,,,24,32,32,1024,140176,20.9296875,,"{""alpha"":{""bit_length"":24,""count"":32,""file_bytes"":800,""occupancy_max"":5,""occupancy_mean"":5.0,""occupancy_min"":5,""occupancy_variance"":0.0,""path"":""/home/nagan/autosbd-sc26-rg/data/derived/phase_b_prefixes/h2o/AlphaDets_n0032.txt"",""sha256"":""6f1fcf262ca0e91cbede71522a4f756cc801a0c7730d2e16552876386f6da58f"",""unique_count"":32},""beta"":{""bit_length"":24,""count"":32,""file_bytes"":800,""occupancy_max"":5,""occupancy_mean"":5.0,""occupancy_min"":5,""occupancy_variance"":0.0,""path"":""/home/nagan/autosbd-sc26-rg/data/derived/phase_b_prefixes/h2o/AlphaDets_n0032.txt"",""sha256"":""6f1fcf262ca0e91cbede71522a4f756cc801a0c7730d2e16552876386f6da58f"",""unique_count"":32},""beta_reuses_alpha"":true,""combined_input_sha256"":""bc8b7df3cfd9b36edc9a7de5e173ba97c6d3260c199b68c67f44ddff94624373"",""connectivity"":{""alpha"":{""determinants"":32,""directed_double_edges"":550,""directed_single_edges"":292,""double_degree_max"":21,""double_degree_mean"":17.1875,""double_degree_min"":11,""double_edge_density"":0.5544354838709677,""single_degree_max"":20,""single_degree_mean"":9.125,""single_degree_min"":4,""single_edge_density"":0.29435483870967744,""unordered_pair_comparisons"":496},""beta"":{""determinants"":32,""directed_double_edges"":550,""directed_single_edges"":292,""double_degree_max"":21,""double_degree_mean"":17.1875,""double_degree_min"":11,""double_edge_density"":0.5544354838709677,""single_degree_max"":20,""single_degree_mean"":9.125,""single_degree_min"":4,""single_edge_density"":0.29435483870967744,""unordered_pair_comparisons"":496},""pair_comparisons"":992},""connectivity_pair_limit"":1000000,""fcidump"":{""compact_two_electron_slots"":45150,""core_integrals"":1,""exact_zero_integrals"":0,""file_bytes"":1124056,""integral_records"":26647,""isym"":1,""max_abs_integral"":33.02799415966381,""ms2"":0,""n_electrons"":10,""n_orbitals"":24,""one_electron_integrals"":202,""orbsym"":[1,1,1,1,1,1,1,1,1,1,1,1,1,1,1,1,1,1,1,1,1,1,1,1],""path"":""/home/nagan/autosbd-sc26-rg/external/riken-sbd/data/h2o/fcidump.txt"",""sha256"":""a3c2302834a33dce7260e8050a3f5180e05dbba1bb748f3e2f6410a7eacbd94d"",""source_integral_doubles"":48606,""sum_abs_integrals"":783.0966481208136,""two_electron_fill_density"":0.5856921373200443,""two_electron_integrals"":26444},""log1p_method0_work_proxy"":11.850661188769525,""log1p_n_configurations"":6.932447891572509,""method0_work_proxy"":140176,""n_configurations"":1024}"
516077e2b3797f0b606854a666e4d4adaf5df55fde04ffe58d55af7370e41fb0,0d874b0f1f08afb4047badad882f1f4a780423faba8ed1c228a8db7457a7ba59,0,2026-08-01T17:11:34.938434Z,2026-08-01T17:11:38.619327Z,true,,measured,0,h2o,H2O,cc-pVDZ,h2o-prefix-0174,54238461a8e4af6e254f60eecaa74512c6dee9fa209ca461041b5dea338aa659,amd-cpu-16,cpu,16,3.622477174998494,2.864258,0.004175999999999999,,,24,174,174,30276,12665248,29.95703125,,"{""alpha"":{""bit_length"":24,""count"":174,""file_bytes"":4350,""occupancy_max"":5,""occupancy_mean"":5.0,""occupancy_min"":5,""occupancy_variance"":0.0,""path"":""/home/nagan/autosbd-sc26-rg/data/derived/phase_b_prefixes/h2o/AlphaDets_n0174.txt"",""sha256"":""5cb369df17d90da84c3fb7fb13ff45a490e56281d262c8ae968e235b93c82c10"",""unique_count"":174},""beta"":{""bit_length"":24,""count"":174,""file_bytes"":4350,""occupancy_max"":5,""occupancy_mean"":5.0,""occupancy_min"":5,""occupancy_variance"":0.0,""path"":""/home/nagan/autosbd-sc26-rg/data/derived/phase_b_prefixes/h2o/AlphaDets_n0174.txt"",""sha256"":""5cb369df17d90da84c3fb7fb13ff45a490e56281d262c8ae968e235b93c82c10"",""unique_count"":174},""beta_reuses_alpha"":true,""combined_input_sha256"":""54238461a8e4af6e254f60eecaa74512c6dee9fa209ca461041b5dea338aa659"",""connectivity"":{""alpha"":{""determinants"":174,""directed_double_edges"":12824,""directed_single_edges"":2690,""double_degree_max"":113,""double_degree_mean"":73.70114942528735,""double_degree_min"":31,""double_edge_density"":0.42601820477044716,""single_degree_max"":57,""single_degree_mean"":15.459770114942529,""single_degree_min"":4,""single_edge_density"":0.08936283303434987,""unordered_pair_comparisons"":15051},""beta"":{""determinants"":174,""directed_double_edges"":12824,""directed_single_edges"":2690,""double_degree_max"":113,""double_degree_mean"":73.70114942528735,""double_degree_min"":31,""double_edge_density"":0.42601820477044716,""single_degree_max"":57,""single_degree_mean"":15.459770114942529,""single_degree_min"":4,""single_edge_density"":0.08936283303434987,""unordered_pair_comparisons"":15051},""pair_comparisons"":30102},""connectivity_pair_limit"":1000000,""fcidump"":{""compact_two_electron_slots"":45150,""core_integrals"":1,""exact_zero_integrals"":0,""file_bytes"":1124056,""integral_records"":26647,""isym"":1,""max_abs_integral"":33.02799415966381,""ms2"":0,""n_electrons"":10,""n_orbitals"":24,""one_electron_integrals"":202,""orbsym"":[1,1,1,1,1,1,1,1,1,1,1,1,1,1,1,1,1,1,1,1,1,1,1,1],""path"":""/home/nagan/autosbd-sc26-rg/external/riken-sbd/data/h2o/fcidump.txt"",""sha256"":""a3c2302834a33dce7260e8050a3f5180e05dbba1bb748f3e2f6410a7eacbd94d"",""source_integral_doubles"":48606,""sum_abs_integrals"":783.0966481208136,""two_electron_fill_density"":0.5856921373200443,""two_electron_integrals"":26444},""log1p_method0_work_proxy"":16.35437250170629,""log1p_n_configurations"":10.318143627345878,""method0_work_proxy"":12665248,""n_configurations"":30276}"
0d149660f9d880830f05303834f18916631f6c19c2e2f3bea411ff9caa6f06ab,6535d3ecc3ca8934bbb09afee35945ad5632ccdcc468deed0adfa753ece80473,0,2026-08-01T17:11:38.762037Z,2026-08-01T17:11:40.140341Z,true,,measured,0,h2o,H2O,cc-pVDZ,h2o-prefix-0174,54238461a8e4af6e254f60eecaa74512c6dee9fa209ca461041b5dea338aa659,amd-l4-default,gpu,1,1.311357719998341,0.407902,0.010369000000000001,,,24,174,174,30276,12665248,126.25390625,194.0,"{""alpha"":{""bit_length"":24,""count"":174,""file_bytes"":4350,""occupancy_max"":5,""occupancy_mean"":5.0,""occupancy_min"":5,""occupancy_variance"":0.0,""path"":""/home/nagan/autosbd-sc26-rg/data/derived/phase_b_prefixes/h2o/AlphaDets_n0174.txt"",""sha256"":""5cb369df17d90da84c3fb7fb13ff45a490e56281d262c8ae968e235b93c82c10"",""unique_count"":174},""beta"":{""bit_length"":24,""count"":174,""file_bytes"":4350,""occupancy_max"":5,""occupancy_mean"":5.0,""occupancy_min"":5,""occupancy_variance"":0.0,""path"":""/home/nagan/autosbd-sc26-rg/data/derived/phase_b_prefixes/h2o/AlphaDets_n0174.txt"",""sha256"":""5cb369df17d90da84c3fb7fb13ff45a490e56281d262c8ae968e235b93c82c10"",""unique_count"":174},""beta_reuses_alpha"":true,""combined_input_sha256"":""54238461a8e4af6e254f60eecaa74512c6dee9fa209ca461041b5dea338aa659"",""connectivity"":{""alpha"":{""determinants"":174,""directed_double_edges"":12824,""directed_single_edges"":2690,""double_degree_max"":113,""double_degree_mean"":73.70114942528735,""double_degree_min"":31,""double_edge_density"":0.42601820477044716,""single_degree_max"":57,""single_degree_mean"":15.459770114942529,""single_degree_min"":4,""single_edge_density"":0.08936283303434987,""unordered_pair_comparisons"":15051},""beta"":{""determinants"":174,""directed_double_edges"":12824,""directed_single_edges"":2690,""double_degree_max"":113,""double_degree_mean"":73.70114942528735,""double_degree_min"":31,""double_edge_density"":0.42601820477044716,""single_degree_max"":57,""single_degree_mean"":15.459770114942529,""single_degree_min"":4,""single_edge_density"":0.08936283303434987,""unordered_pair_comparisons"":15051},""pair_comparisons"":30102},""connectivity_pair_limit"":1000000,""fcidump"":{""compact_two_electron_slots"":45150,""core_integrals"":1,""exact_zero_integrals"":0,""file_bytes"":1124056,""integral_records"":26647,""isym"":1,""max_abs_integral"":33.02799415966381,""ms2"":0,""n_electrons"":10,""n_orbitals"":24,""one_electron_integrals"":202,""orbsym"":[1,1,1,1,1,1,1,1,1,1,1,1,1,1,1,1,1,1,1,1,1,1,1,1],""path"":""/home/nagan/autosbd-sc26-rg/external/riken-sbd/data/h2o/fcidump.txt"",""sha256"":""a3c2302834a33dce7260e8050a3f5180e05dbba1bb748f3e2f6410a7eacbd94d"",""source_integral_doubles"":48606,""sum_abs_integrals"":783.0966481208136,""two_electron_fill_density"":0.5856921373200443,""two_electron_integrals"":26444},""log1p_method0_work_proxy"":16.35437250170629,""log1p_n_configurations"":10.318143627345878,""method0_work_proxy"":12665248,""n_configurations"":30276}"
6421f689e8e9c4c7f5816ff2e1602bdc8e11cd849e05a255f68e91d013ffadf9,7ef1efe319b42097bb178248f94ea48e1a82f178d4f212093a2456e2e5384819,0,2026-08-01T17:11:40.202555Z,2026-08-01T17:11:40.863145Z,true,,measured,1,n2,N2,6-31G,n2-prefix-0032,ec17e257f65c7e916b64077cad82f26ee99ce1d11991cf89affedccaafd1aa76,amd-cpu-16,cpu,16,0.6081566380016739,0.047456,0.002691,,,18,32,32,1024,170180,21.015625,,"{""alpha"":{""bit_length"":18,""count"":32,""file_bytes"":608,""occupancy_max"":7,""occupancy_mean"":7.0,""occupancy_min"":7,""occupancy_variance"":0.0,""path"":""/home/nagan/autosbd-sc26-rg/data/derived/phase_b_prefixes/n2/AlphaDets_n0032.txt"",""sha256"":""3d2406670cadd5ba16089fa08af208b469208d3afaf09ff6268aa6bfd2ea7b7d"",""unique_count"":32},""beta"":{""bit_length"":18,""count"":32,""file_bytes"":608,""occupancy_max"":7,""occupancy_mean"":7.0,""occupancy_min"":7,""occupancy_variance"":0.0,""path"":""/home/nagan/autosbd-sc26-rg/data/derived/phase_b_prefixes/n2/AlphaDets_n0032.txt"",""sha256"":""3d2406670cadd5ba16089fa08af208b469208d3afaf09ff6268aa6bfd2ea7b7d"",""unique_count"":32},""beta_reuses_alpha"":true,""combined_input_sha256"":""ec17e257f65c7e916b64077cad82f26ee99ce1d11991cf89affedccaafd1aa76"",""connectivity"":{""alpha"":{""determinants"":32,""directed_double_edges"":520,""directed_single_edges"":338,""double_degree_max"":19,""double_degree_mean"":16.25,""double_degree_min"":14,""double_edge_density"":0.5241935483870968,""single_degree_max"":15,""single_degree_mean"":10.5625,""single_degree_min"":8,""single_edge_density"":0.3407258064516129,""unordered_pair_comparisons"":496},""beta"":{""determinants"":32,""directed_double_edges"":520,""directed_single_edges"":338,""double_degree_max"":19,""double_degree_mean"":16.25,""double_degree_min"":14,""double_edge_density"":0.5241935483870968,""single_degree_max"":15,""single_degree_mean"":10.5625,""single_degree_min"":8,""single_edge_density"":0.3407258064516129,""unordered_pair_comparisons"":496},""pair_comparisons"":992},""connectivity_pair_limit"":1000000,""fcidump"":{""compact_two_electron_slots"":14706,""core_integrals"":1,""exact_zero_integrals"":0,""file_bytes"":437951,""integral_records"":10325,""isym"":1,""max_abs_integral"":28.13104666664194,""ms2"":0,""n_electrons"":14,""n_orbitals"":18,""one_electron_integrals"":122,""orbsym"":[1,1,1,1,1,1,1,1,1,1,1,1,1,1,1,1,1,1],""path"":""/home/nagan/autosbd-sc26-rg/external/riken-sbd/data/n2/fcidump.txt"",""sha256"":""dee67eb5e8aee2f099953a52d7910db59bc7b284ad03a8fa7ffd2a4ba8efcf33"",""source_integral_doubles"":16650,""sum_abs_integrals"":500.99976876026955,""two_electron_fill_density"":0.6937304501563988,""two_electron_integrals"":10202},""log1p_method0_work_proxy"":12.044617855517439,""log1p_n_configurations"":6.932447891572509,""method0_work_proxy"":170180,""n_configurations"":1024}"
b6bd807cc952f732475d8249823c9a30a6230cd828fec767adc56bb2bd51655e,7feff087104f429667b5b0925607c5a9423fcbbb77a8d4da554e79b312a5b7f8,0,2026-08-01T17:11:40.929795Z,2026-08-01T17:11:41.775793Z,true,,measured,1,n2,N2,6-31G,n2-prefix-0032,ec17e257f65c7e916b64077cad82f26ee99ce1d11991cf89affedccaafd1aa76,amd-l4-default,gpu,1,0.7910530660010409,0.024597,0.000409,,,18,32,32,1024,170180,109.4375,192.0,"{""alpha"":{""bit_length"":18,""count"":32,""file_bytes"":608,""occupancy_max"":7,""occupancy_mean"":7.0,""occupancy_min"":7,""occupancy_variance"":0.0,""path"":""/home/nagan/autosbd-sc26-rg/data/derived/phase_b_prefixes/n2/AlphaDets_n0032.txt"",""sha256"":""3d2406670cadd5ba16089fa08af208b469208d3afaf09ff6268aa6bfd2ea7b7d"",""unique_count"":32},""beta"":{""bit_length"":18,""count"":32,""file_bytes"":608,""occupancy_max"":7,""occupancy_mean"":7.0,""occupancy_min"":7,""occupancy_variance"":0.0,""path"":""/home/nagan/autosbd-sc26-rg/data/derived/phase_b_prefixes/n2/AlphaDets_n0032.txt"",""sha256"":""3d2406670cadd5ba16089fa08af208b469208d3afaf09ff6268aa6bfd2ea7b7d"",""unique_count"":32},""beta_reuses_alpha"":true,""combined_input_sha256"":""ec17e257f65c7e916b64077cad82f26ee99ce1d11991cf89affedccaafd1aa76"",""connectivity"":{""alpha"":{""determinants"":32,""directed_double_edges"":520,""directed_single_edges"":338,""double_degree_max"":19,""double_degree_mean"":16.25,""double_degree_min"":14,""double_edge_density"":0.5241935483870968,""single_degree_max"":15,""single_degree_mean"":10.5625,""single_degree_min"":8,""single_edge_density"":0.3407258064516129,""unordered_pair_comparisons"":496},""beta"":{""determinants"":32,""directed_double_edges"":520,""directed_single_edges"":338,""double_degree_max"":19,""double_degree_mean"":16.25,""double_degree_min"":14,""double_edge_density"":0.5241935483870968,""single_degree_max"":15,""single_degree_mean"":10.5625,""single_degree_min"":8,""single_edge_density"":0.3407258064516129,""unordered_pair_comparisons"":496},""pair_comparisons"":992},""connectivity_pair_limit"":1000000,""fcidump"":{""compact_two_electron_slots"":14706,""core_integrals"":1,""exact_zero_integrals"":0,""file_bytes"":437951,""integral_records"":10325,""isym"":1,""max_abs_integral"":28.13104666664194,""ms2"":0,""n_electrons"":14,""n_orbitals"":18,""one_electron_integrals"":122,""orbsym"":[1,1,1,1,1,1,1,1,1,1,1,1,1,1,1,1,1,1],""path"":""/home/nagan/autosbd-sc26-rg/external/riken-sbd/data/n2/fcidump.txt"",""sha256"":""dee67eb5e8aee2f099953a52d7910db59bc7b284ad03a8fa7ffd2a4ba8efcf33"",""source_integral_doubles"":16650,""sum_abs_integrals"":500.99976876026955,""two_electron_fill_density"":0.6937304501563988,""two_electron_integrals"":10202},""log1p_method0_work_proxy"":12.044617855517439,""log1p_n_configurations"":6.932447891572509,""method0_work_proxy"":170180,""n_configurations"":1024}"
f5751ff9b9699bc32ef8669ff5a0057c6aba31280c72587ce2558584fcb979fb,50fa10e08a8b1517cd011b188fd20bbac083f7b5864ece9f2010d48e4b92d66e,0,2026-08-01T17:11:41.844746Z,2026-08-01T17:11:43.015605Z,true,,measured,1,n2,N2,6-31G,n2-prefix-0174,d1155d168110c036ee82b3dc7b49f5ee983c34dd893b4504304b8b36a4e23818,amd-l4-default,gpu,1,1.1153347820072668,0.285398,0.009066,,,18,174,174,30276,12076200,124.77734375,194.0,"{""alpha"":{""bit_length"":18,""count"":174,""file_bytes"":3306,""occupancy_max"":7,""occupancy_mean"":7.0,""occupancy_min"":7,""occupancy_variance"":0.0,""path"":""/home/nagan/autosbd-sc26-rg/data/derived/phase_b_prefixes/n2/AlphaDets_n0174.txt"",""sha256"":""89ff6a62b266baf5d449dbc21d728acf318fb5c2f13dfe5e786804033bfe4823"",""unique_count"":174},""beta"":{""bit_length"":18,""count"":174,""file_bytes"":3306,""occupancy_max"":7,""occupancy_mean"":7.0,""occupancy_min"":7,""occupancy_variance"":0.0,""path"":""/home/nagan/autosbd-sc26-rg/data/derived/phase_b_prefixes/n2/AlphaDets_n0174.txt"",""sha256"":""89ff6a62b266baf5d449dbc21d728acf318fb5c2f13dfe5e786804033bfe4823"",""unique_count"":174},""beta_reuses_alpha"":true,""combined_input_sha256"":""d1155d168110c036ee82b3dc7b49f5ee983c34dd893b4504304b8b36a4e23818"",""connectivity"":{""alpha"":{""determinants"":174,""directed_double_edges"":11850,""directed_single_edges"":2646,""double_degree_max"":117,""double_degree_mean"":68.10344827586206,""double_degree_min"":33,""double_edge_density"":0.3936615507275264,""single_degree_max"":50,""single_degree_mean"":15.206896551724139,""single_degree_min"":4,""single_edge_density"":0.08790113613713374,""unordered_pair_comparisons"":15051},""beta"":{""determinants"":174,""directed_double_edges"":11850,""directed_single_edges"":2646,""double_degree_max"":117,""double_degree_mean"":68.10344827586206,""double_degree_min"":33,""double_edge_density"":0.3936615507275264,""single_degree_max"":50,""single_degree_mean"":15.206896551724139,""single_degree_min"":4,""single_edge_density"":0.08790113613713374,""unordered_pair_comparisons"":15051},""pair_comparisons"":30102},""connectivity_pair_limit"":1000000,""fcidump"":{""compact_two_electron_slots"":14706,""core_integrals"":1,""exact_zero_integrals"":0,""file_bytes"":437951,""integral_records"":10325,""isym"":1,""max_abs_integral"":28.13104666664194,""ms2"":0,""n_electrons"":14,""n_orbitals"":18,""one_electron_integrals"":122,""orbsym"":[1,1,1,1,1,1,1,1,1,1,1,1,1,1,1,1,1,1],""path"":""/home/nagan/autosbd-sc26-rg/external/riken-sbd/data/n2/fcidump.txt"",""sha256"":""dee67eb5e8aee2f099953a52d7910db59bc7b284ad03a8fa7ffd2a4ba8efcf33"",""source_integral_doubles"":16650,""sum_abs_integrals"":500.99976876026955,""two_electron_fill_density"":0.6937304501563988,""two_electron_integrals"":10202},""log1p_method0_work_proxy"":16.306747214254646,""log1p_n_configurations"":10.318143627345878,""method0_work_proxy"":12076200,""n_configurations"":30276}"
3cb36deef152a72c3bc5004d782b50a01a0659163a6c79db59eb151cdacdd9bf,1e937c9f14752bc12176be0f34ec706894fcc997d8b1aa6eecb1e59cd48d93f1,0,2026-08-01T17:11:43.082341Z,2026-08-01T17:11:46.157523Z,true,,measured,1,n2,N2,6-31G,n2-prefix-0174,d1155d168110c036ee82b3dc7b49f5ee983c34dd893b4504304b8b36a4e23818,amd-cpu-16,cpu,16,3.0203925099922344,2.351006,0.004559,,,18,174,174,30276,12076200,28.703125,,"{""alpha"":{""bit_length"":18,""count"":174,""file_bytes"":3306,""occupancy_max"":7,""occupancy_mean"":7.0,""occupancy_min"":7,""occupancy_variance"":0.0,""path"":""/home/nagan/autosbd-sc26-rg/data/derived/phase_b_prefixes/n2/AlphaDets_n0174.txt"",""sha256"":""89ff6a62b266baf5d449dbc21d728acf318fb5c2f13dfe5e786804033bfe4823"",""unique_count"":174},""beta"":{""bit_length"":18,""count"":174,""file_bytes"":3306,""occupancy_max"":7,""occupancy_mean"":7.0,""occupancy_min"":7,""occupancy_variance"":0.0,""path"":""/home/nagan/autosbd-sc26-rg/data/derived/phase_b_prefixes/n2/AlphaDets_n0174.txt"",""sha256"":""89ff6a62b266baf5d449dbc21d728acf318fb5c2f13dfe5e786804033bfe4823"",""unique_count"":174},""beta_reuses_alpha"":true,""combined_input_sha256"":""d1155d168110c036ee82b3dc7b49f5ee983c34dd893b4504304b8b36a4e23818"",""connectivity"":{""alpha"":{""determinants"":174,""directed_double_edges"":11850,""directed_single_edges"":2646,""double_degree_max"":117,""double_degree_mean"":68.10344827586206,""double_degree_min"":33,""double_edge_density"":0.3936615507275264,""single_degree_max"":50,""single_degree_mean"":15.206896551724139,""single_degree_min"":4,""single_edge_density"":0.08790113613713374,""unordered_pair_comparisons"":15051},""beta"":{""determinants"":174,""directed_double_edges"":11850,""directed_single_edges"":2646,""double_degree_max"":117,""double_degree_mean"":68.10344827586206,""double_degree_min"":33,""double_edge_density"":0.3936615507275264,""single_degree_max"":50,""single_degree_mean"":15.206896551724139,""single_degree_min"":4,""single_edge_density"":0.08790113613713374,""unordered_pair_comparisons"":15051},""pair_comparisons"":30102},""connectivity_pair_limit"":1000000,""fcidump"":{""compact_two_electron_slots"":14706,""core_integrals"":1,""exact_zero_integrals"":0,""file_bytes"":437951,""integral_records"":10325,""isym"":1,""max_abs_integral"":28.13104666664194,""ms2"":0,""n_electrons"":14,""n_orbitals"":18,""one_electron_integrals"":122,""orbsym"":[1,1,1,1,1,1,1,1,1,1,1,1,1,1,1,1,1,1],""path"":""/home/nagan/autosbd-sc26-rg/external/riken-sbd/data/n2/fcidump.txt"",""sha256"":""dee67eb5e8aee2f099953a52d7910db59bc7b284ad03a8fa7ffd2a4ba8efcf33"",""source_integral_doubles"":16650,""sum_abs_integrals"":500.99976876026955,""two_electron_fill_density"":0.6937304501563988,""two_electron_integrals"":10202},""log1p_method0_work_proxy"":16.306747214254646,""log1p_n_configurations"":10.318143627345878,""method0_work_proxy"":12076200,""n_configurations"":30276}"
1babc6f0a970a8003fd4262fad91f48b52ce92dae868c5685469b0eaf787eb5f,a331f60f62bc7a8a1372ad476e40a5ae79e31a710e07dd8f983f102b90f57bb8,0,2026-08-01T17:11:46.288823Z,2026-08-01T17:11:46.961266Z,true,,measured,1,h2o,H2O,cc-pVDZ,h2o-prefix-0032,bc8b7df3cfd9b36edc9a7de5e173ba97c6d3260c199b68c67f44ddff94624373,amd-cpu-16,cpu,16,0.6068944550061133,0.029563,0.002787,,,24,32,32,1024,140176,20.9296875,,"{""alpha"":{""bit_length"":24,""count"":32,""file_bytes"":800,""occupancy_max"":5,""occupancy_mean"":5.0,""occupancy_min"":5,""occupancy_variance"":0.0,""path"":""/home/nagan/autosbd-sc26-rg/data/derived/phase_b_prefixes/h2o/AlphaDets_n0032.txt"",""sha256"":""6f1fcf262ca0e91cbede71522a4f756cc801a0c7730d2e16552876386f6da58f"",""unique_count"":32},""beta"":{""bit_length"":24,""count"":32,""file_bytes"":800,""occupancy_max"":5,""occupancy_mean"":5.0,""occupancy_min"":5,""occupancy_variance"":0.0,""path"":""/home/nagan/autosbd-sc26-rg/data/derived/phase_b_prefixes/h2o/AlphaDets_n0032.txt"",""sha256"":""6f1fcf262ca0e91cbede71522a4f756cc801a0c7730d2e16552876386f6da58f"",""unique_count"":32},""beta_reuses_alpha"":true,""combined_input_sha256"":""bc8b7df3cfd9b36edc9a7de5e173ba97c6d3260c199b68c67f44ddff94624373"",""connectivity"":{""alpha"":{""determinants"":32,""directed_double_edges"":550,""directed_single_edges"":292,""double_degree_max"":21,""double_degree_mean"":17.1875,""double_degree_min"":11,""double_edge_density"":0.5544354838709677,""single_degree_max"":20,""single_degree_mean"":9.125,""single_degree_min"":4,""single_edge_density"":0.29435483870967744,""unordered_pair_comparisons"":496},""beta"":{""determinants"":32,""directed_double_edges"":550,""directed_single_edges"":292,""double_degree_max"":21,""double_degree_mean"":17.1875,""double_degree_min"":11,""double_edge_density"":0.5544354838709677,""single_degree_max"":20,""single_degree_mean"":9.125,""single_degree_min"":4,""single_edge_density"":0.29435483870967744,""unordered_pair_comparisons"":496},""pair_comparisons"":992},""connectivity_pair_limit"":1000000,""fcidump"":{""compact_two_electron_slots"":45150,""core_integrals"":1,""exact_zero_integrals"":0,""file_bytes"":1124056,""integral_records"":26647,""isym"":1,""max_abs_integral"":33.02799415966381,""ms2"":0,""n_electrons"":10,""n_orbitals"":24,""one_electron_integrals"":202,""orbsym"":[1,1,1,1,1,1,1,1,1,1,1,1,1,1,1,1,1,1,1,1,1,1,1,1],""path"":""/home/nagan/autosbd-sc26-rg/external/riken-sbd/data/h2o/fcidump.txt"",""sha256"":""a3c2302834a33dce7260e8050a3f5180e05dbba1bb748f3e2f6410a7eacbd94d"",""source_integral_doubles"":48606,""sum_abs_integrals"":783.0966481208136,""two_electron_fill_density"":0.5856921373200443,""two_electron_integrals"":26444},""log1p_method0_work_proxy"":11.850661188769525,""log1p_n_configurations"":6.932447891572509,""method0_work_proxy"":140176,""n_configurations"":1024}"
4310ff0e7e0fc1c11f2c379338d18f1fdaec38f2d3bcc4120f8c1ccd91837613,ab91062918db5dfde60c65456e407a9ce5d193898a27340bc822bea32629e406,0,2026-08-01T17:11:47.100173Z,2026-08-01T17:11:48.012647Z,true,,measured,1,h2o,H2O,cc-pVDZ,h2o-prefix-0032,bc8b7df3cfd9b36edc9a7de5e173ba97c6d3260c199b68c67f44ddff94624373,amd-l4-default,gpu,1,0.8462852480006404,0.037602,0.000461,,,24,32,32,1024,140176,79.49609375,20.0,"{""alpha"":{""bit_length"":24,""count"":32,""file_bytes"":800,""occupancy_max"":5,""occupancy_mean"":5.0,""occupancy_min"":5,""occupancy_variance"":0.0,""path"":""/home/nagan/autosbd-sc26-rg/data/derived/phase_b_prefixes/h2o/AlphaDets_n0032.txt"",""sha256"":""6f1fcf262ca0e91cbede71522a4f756cc801a0c7730d2e16552876386f6da58f"",""unique_count"":32},""beta"":{""bit_length"":24,""count"":32,""file_bytes"":800,""occupancy_max"":5,""occupancy_mean"":5.0,""occupancy_min"":5,""occupancy_variance"":0.0,""path"":""/home/nagan/autosbd-sc26-rg/data/derived/phase_b_prefixes/h2o/AlphaDets_n0032.txt"",""sha256"":""6f1fcf262ca0e91cbede71522a4f756cc801a0c7730d2e16552876386f6da58f"",""unique_count"":32},""beta_reuses_alpha"":true,""combined_input_sha256"":""bc8b7df3cfd9b36edc9a7de5e173ba97c6d3260c199b68c67f44ddff94624373"",""connectivity"":{""alpha"":{""determinants"":32,""directed_double_edges"":550,""directed_single_edges"":292,""double_degree_max"":21,""double_degree_mean"":17.1875,""double_degree_min"":11,""double_edge_density"":0.5544354838709677,""single_degree_max"":20,""single_degree_mean"":9.125,""single_degree_min"":4,""single_edge_density"":0.29435483870967744,""unordered_pair_comparisons"":496},""beta"":{""determinants"":32,""directed_double_edges"":550,""directed_single_edges"":292,""double_degree_max"":21,""double_degree_mean"":17.1875,""double_degree_min"":11,""double_edge_density"":0.5544354838709677,""single_degree_max"":20,""single_degree_mean"":9.125,""single_degree_min"":4,""single_edge_density"":0.29435483870967744,""unordered_pair_comparisons"":496},""pair_comparisons"":992},""connectivity_pair_limit"":1000000,""fcidump"":{""compact_two_electron_slots"":45150,""core_integrals"":1,""exact_zero_integrals"":0,""file_bytes"":1124056,""integral_records"":26647,""isym"":1,""max_abs_integral"":33.02799415966381,""ms2"":0,""n_electrons"":10,""n_orbitals"":24,""one_electron_integrals"":202,""orbsym"":[1,1,1,1,1,1,1,1,1,1,1,1,1,1,1,1,1,1,1,1,1,1,1,1],""path"":""/home/nagan/autosbd-sc26-rg/external/riken-sbd/data/h2o/fcidump.txt"",""sha256"":""a3c2302834a33dce7260e8050a3f5180e05dbba1bb748f3e2f6410a7eacbd94d"",""source_integral_doubles"":48606,""sum_abs_integrals"":783.0966481208136,""two_electron_fill_density"":0.5856921373200443,""two_electron_integrals"":26444},""log1p_method0_work_proxy"":11.850661188769525,""log1p_n_configurations"":6.932447891572509,""method0_work_proxy"":140176,""n_configurations"":1024}"
a144503ea2243461303c0fa3105fe474abc352c17fd050ec334cb868e36ddbe2,2b4b477aca7d7f2bddba11d1e526f02a158802fdbd102a3022b63a3ed0a6fa16,0,2026-08-01T17:11:48.149099Z,2026-08-01T17:11:51.835275Z,true,,measured,1,h2o,H2O,cc-pVDZ,h2o-prefix-0174,54238461a8e4af6e254f60eecaa74512c6dee9fa209ca461041b5dea338aa659,amd-cpu-16,cpu,16,3.6249308710102923,2.904339,0.004306,,,24,174,174,30276,12665248,29.8984375,,"{""alpha"":{""bit_length"":24,""count"":174,""file_bytes"":4350,""occupancy_max"":5,""occupancy_mean"":5.0,""occupancy_min"":5,""occupancy_variance"":0.0,""path"":""/home/nagan/autosbd-sc26-rg/data/derived/phase_b_prefixes/h2o/AlphaDets_n0174.txt"",""sha256"":""5cb369df17d90da84c3fb7fb13ff45a490e56281d262c8ae968e235b93c82c10"",""unique_count"":174},""beta"":{""bit_length"":24,""count"":174,""file_bytes"":4350,""occupancy_max"":5,""occupancy_mean"":5.0,""occupancy_min"":5,""occupancy_variance"":0.0,""path"":""/home/nagan/autosbd-sc26-rg/data/derived/phase_b_prefixes/h2o/AlphaDets_n0174.txt"",""sha256"":""5cb369df17d90da84c3fb7fb13ff45a490e56281d262c8ae968e235b93c82c10"",""unique_count"":174},""beta_reuses_alpha"":true,""combined_input_sha256"":""54238461a8e4af6e254f60eecaa74512c6dee9fa209ca461041b5dea338aa659"",""connectivity"":{""alpha"":{""determinants"":174,""directed_double_edges"":12824,""directed_single_edges"":2690,""double_degree_max"":113,""double_degree_mean"":73.70114942528735,""double_degree_min"":31,""double_edge_density"":0.42601820477044716,""single_degree_max"":57,""single_degree_mean"":15.459770114942529,""single_degree_min"":4,""single_edge_density"":0.08936283303434987,""unordered_pair_comparisons"":15051},""beta"":{""determinants"":174,""directed_double_edges"":12824,""directed_single_edges"":2690,""double_degree_max"":113,""double_degree_mean"":73.70114942528735,""double_degree_min"":31,""double_edge_density"":0.42601820477044716,""single_degree_max"":57,""single_degree_mean"":15.459770114942529,""single_degree_min"":4,""single_edge_density"":0.08936283303434987,""unordered_pair_comparisons"":15051},""pair_comparisons"":30102},""connectivity_pair_limit"":1000000,""fcidump"":{""compact_two_electron_slots"":45150,""core_integrals"":1,""exact_zero_integrals"":0,""file_bytes"":1124056,""integral_records"":26647,""isym"":1,""max_abs_integral"":33.02799415966381,""ms2"":0,""n_electrons"":10,""n_orbitals"":24,""one_electron_integrals"":202,""orbsym"":[1,1,1,1,1,1,1,1,1,1,1,1,1,1,1,1,1,1,1,1,1,1,1,1],""path"":""/home/nagan/autosbd-sc26-rg/external/riken-sbd/data/h2o/fcidump.txt"",""sha256"":""a3c2302834a33dce7260e8050a3f5180e05dbba1bb748f3e2f6410a7eacbd94d"",""source_integral_doubles"":48606,""sum_abs_integrals"":783.0966481208136,""two_electron_fill_density"":0.5856921373200443,""two_electron_integrals"":26444},""log1p_method0_work_proxy"":16.35437250170629,""log1p_n_configurations"":10.318143627345878,""method0_work_proxy"":12665248,""n_configurations"":30276}"
3b77cb65794ab766e0eaa5c0d4cc76b7ef7a0cd07d8c058d3090ef0ce91c7229,bdabd9aecb923f0e13528d330a44c0df4c6a82b4d5b2b247adf96d7205035d06,0,2026-08-01T17:11:51.977627Z,2026-08-01T17:11:53.390966Z,true,,measured,1,h2o,H2O,cc-pVDZ,h2o-prefix-0174,54238461a8e4af6e254f60eecaa74512c6dee9fa209ca461041b5dea338aa659,amd-l4-default,gpu,1,1.3465131989942165,0.410064,0.010359,,,24,174,174,30276,12665248,126.17578125,194.0,"{""alpha"":{""bit_length"":24,""count"":174,""file_bytes"":4350,""occupancy_max"":5,""occupancy_mean"":5.0,""occupancy_min"":5,""occupancy_variance"":0.0,""path"":""/home/nagan/autosbd-sc26-rg/data/derived/phase_b_prefixes/h2o/AlphaDets_n0174.txt"",""sha256"":""5cb369df17d90da84c3fb7fb13ff45a490e56281d262c8ae968e235b93c82c10"",""unique_count"":174},""beta"":{""bit_length"":24,""count"":174,""file_bytes"":4350,""occupancy_max"":5,""occupancy_mean"":5.0,""occupancy_min"":5,""occupancy_variance"":0.0,""path"":""/home/nagan/autosbd-sc26-rg/data/derived/phase_b_prefixes/h2o/AlphaDets_n0174.txt"",""sha256"":""5cb369df17d90da84c3fb7fb13ff45a490e56281d262c8ae968e235b93c82c10"",""unique_count"":174},""beta_reuses_alpha"":true,""combined_input_sha256"":""54238461a8e4af6e254f60eecaa74512c6dee9fa209ca461041b5dea338aa659"",""connectivity"":{""alpha"":{""determinants"":174,""directed_double_edges"":12824,""directed_single_edges"":2690,""double_degree_max"":113,""double_degree_mean"":73.70114942528735,""double_degree_min"":31,""double_edge_density"":0.42601820477044716,""single_degree_max"":57,""single_degree_mean"":15.459770114942529,""single_degree_min"":4,""single_edge_density"":0.08936283303434987,""unordered_pair_comparisons"":15051},""beta"":{""determinants"":174,""directed_double_edges"":12824,""directed_single_edges"":2690,""double_degree_max"":113,""double_degree_mean"":73.70114942528735,""double_degree_min"":31,""double_edge_density"":0.42601820477044716,""single_degree_max"":57,""single_degree_mean"":15.459770114942529,""single_degree_min"":4,""single_edge_density"":0.08936283303434987,""unordered_pair_comparisons"":15051},""pair_comparisons"":30102},""connectivity_pair_limit"":1000000,""fcidump"":{""compact_two_electron_slots"":45150,""core_integrals"":1,""exact_zero_integrals"":0,""file_bytes"":1124056,""integral_records"":26647,""isym"":1,""max_abs_integral"":33.02799415966381,""ms2"":0,""n_electrons"":10,""n_orbitals"":24,""one_electron_integrals"":202,""orbsym"":[1,1,1,1,1,1,1,1,1,1,1,1,1,1,1,1,1,1,1,1,1,1,1,1],""path"":""/home/nagan/autosbd-sc26-rg/external/riken-sbd/data/h2o/fcidump.txt"",""sha256"":""a3c2302834a33dce7260e8050a3f5180e05dbba1bb748f3e2f6410a7eacbd94d"",""source_integral_doubles"":48606,""sum_abs_integrals"":783.0966481208136,""two_electron_fill_density"":0.5856921373200443,""two_electron_integrals"":26444},""log1p_method0_work_proxy"":16.35437250170629,""log1p_n_configurations"":10.318143627345878,""method0_work_proxy"":12665248,""n_configurations"":30276}"
0a0a6d7eea361d0d2656eebb5942c1dece8a0a236a5b325b1c3300fbcef9d572,b6fb75e9a09031895abbe7c7bf386d3dc4426d4ef118f5bc1c00a22ce030ff6c,0,2026-08-01T17:11:53.453908Z,2026-08-01T17:11:54.116922Z,true,,measured,2,n2,N2,6-31G,n2-prefix-0032,ec17e257f65c7e916b64077cad82f26ee99ce1d11991cf89affedccaafd1aa76,amd-cpu-16,cpu,16,0.6076556000043638,0.03491,0.002592,,,18,32,32,1024,170180,20.97265625,,"{""alpha"":{""bit_length"":18,""count"":32,""file_bytes"":608,""occupancy_max"":7,""occupancy_mean"":7.0,""occupancy_min"":7,""occupancy_variance"":0.0,""path"":""/home/nagan/autosbd-sc26-rg/data/derived/phase_b_prefixes/n2/AlphaDets_n0032.txt"",""sha256"":""3d2406670cadd5ba16089fa08af208b469208d3afaf09ff6268aa6bfd2ea7b7d"",""unique_count"":32},""beta"":{""bit_length"":18,""count"":32,""file_bytes"":608,""occupancy_max"":7,""occupancy_mean"":7.0,""occupancy_min"":7,""occupancy_variance"":0.0,""path"":""/home/nagan/autosbd-sc26-rg/data/derived/phase_b_prefixes/n2/AlphaDets_n0032.txt"",""sha256"":""3d2406670cadd5ba16089fa08af208b469208d3afaf09ff6268aa6bfd2ea7b7d"",""unique_count"":32},""beta_reuses_alpha"":true,""combined_input_sha256"":""ec17e257f65c7e916b64077cad82f26ee99ce1d11991cf89affedccaafd1aa76"",""connectivity"":{""alpha"":{""determinants"":32,""directed_double_edges"":520,""directed_single_edges"":338,""double_degree_max"":19,""double_degree_mean"":16.25,""double_degree_min"":14,""double_edge_density"":0.5241935483870968,""single_degree_max"":15,""single_degree_mean"":10.5625,""single_degree_min"":8,""single_edge_density"":0.3407258064516129,""unordered_pair_comparisons"":496},""beta"":{""determinants"":32,""directed_double_edges"":520,""directed_single_edges"":338,""double_degree_max"":19,""double_degree_mean"":16.25,""double_degree_min"":14,""double_edge_density"":0.5241935483870968,""single_degree_max"":15,""single_degree_mean"":10.5625,""single_degree_min"":8,""single_edge_density"":0.3407258064516129,""unordered_pair_comparisons"":496},""pair_comparisons"":992},""connectivity_pair_limit"":1000000,""fcidump"":{""compact_two_electron_slots"":14706,""core_integrals"":1,""exact_zero_integrals"":0,""file_bytes"":437951,""integral_records"":10325,""isym"":1,""max_abs_integral"":28.13104666664194,""ms2"":0,""n_electrons"":14,""n_orbitals"":18,""one_electron_integrals"":122,""orbsym"":[1,1,1,1,1,1,1,1,1,1,1,1,1,1,1,1,1,1],""path"":""/home/nagan/autosbd-sc26-rg/external/riken-sbd/data/n2/fcidump.txt"",""sha256"":""dee67eb5e8aee2f099953a52d7910db59bc7b284ad03a8fa7ffd2a4ba8efcf33"",""source_integral_doubles"":16650,""sum_abs_integrals"":500.99976876026955,""two_electron_fill_density"":0.6937304501563988,""two_electron_integrals"":10202},""log1p_method0_work_proxy"":12.044617855517439,""log1p_n_configurations"":6.932447891572509,""method0_work_proxy"":170180,""n_configurations"":1024}"
99e73c6eeb05935ab90fc5cfa97d58c2b5edb0c30a02a525161953b2de85e462,92bdc4cf42565e1856e0ba6a915b3312d5ad157a2fe0e61b3fafb92dee065c91,0,2026-08-01T17:11:54.182706Z,2026-08-01T17:11:55.030946Z,true,,measured,2,n2,N2,6-31G,n2-prefix-0032,ec17e257f65c7e916b64077cad82f26ee99ce1d11991cf89affedccaafd1aa76,amd-l4-default,gpu,1,0.7923822619923158,0.024504,0.000377,,,18,32,32,1024,170180,109.29296875,192.0,"{""alpha"":{""bit_length"":18,""count"":32,""file_bytes"":608,""occupancy_max"":7,""occupancy_mean"":7.0,""occupancy_min"":7,""occupancy_variance"":0.0,""path"":""/home/nagan/autosbd-sc26-rg/data/derived/phase_b_prefixes/n2/AlphaDets_n0032.txt"",""sha256"":""3d2406670cadd5ba16089fa08af208b469208d3afaf09ff6268aa6bfd2ea7b7d"",""unique_count"":32},""beta"":{""bit_length"":18,""count"":32,""file_bytes"":608,""occupancy_max"":7,""occupancy_mean"":7.0,""occupancy_min"":7,""occupancy_variance"":0.0,""path"":""/home/nagan/autosbd-sc26-rg/data/derived/phase_b_prefixes/n2/AlphaDets_n0032.txt"",""sha256"":""3d2406670cadd5ba16089fa08af208b469208d3afaf09ff6268aa6bfd2ea7b7d"",""unique_count"":32},""beta_reuses_alpha"":true,""combined_input_sha256"":""ec17e257f65c7e916b64077cad82f26ee99ce1d11991cf89affedccaafd1aa76"",""connectivity"":{""alpha"":{""determinants"":32,""directed_double_edges"":520,""directed_single_edges"":338,""double_degree_max"":19,""double_degree_mean"":16.25,""double_degree_min"":14,""double_edge_density"":0.5241935483870968,""single_degree_max"":15,""single_degree_mean"":10.5625,""single_degree_min"":8,""single_edge_density"":0.3407258064516129,""unordered_pair_comparisons"":496},""beta"":{""determinants"":32,""directed_double_edges"":520,""directed_single_edges"":338,""double_degree_max"":19,""double_degree_mean"":16.25,""double_degree_min"":14,""double_edge_density"":0.5241935483870968,""single_degree_max"":15,""single_degree_mean"":10.5625,""single_degree_min"":8,""single_edge_density"":0.3407258064516129,""unordered_pair_comparisons"":496},""pair_comparisons"":992},""connectivity_pair_limit"":1000000,""fcidump"":{""compact_two_electron_slots"":14706,""core_integrals"":1,""exact_zero_integrals"":0,""file_bytes"":437951,""integral_records"":10325,""isym"":1,""max_abs_integral"":28.13104666664194,""ms2"":0,""n_electrons"":14,""n_orbitals"":18,""one_electron_integrals"":122,""orbsym"":[1,1,1,1,1,1,1,1,1,1,1,1,1,1,1,1,1,1],""path"":""/home/nagan/autosbd-sc26-rg/external/riken-sbd/data/n2/fcidump.txt"",""sha256"":""dee67eb5e8aee2f099953a52d7910db59bc7b284ad03a8fa7ffd2a4ba8efcf33"",""source_integral_doubles"":16650,""sum_abs_integrals"":500.99976876026955,""two_electron_fill_density"":0.6937304501563988,""two_electron_integrals"":10202},""log1p_method0_work_proxy"":12.044617855517439,""log1p_n_configurations"":6.932447891572509,""method0_work_proxy"":170180,""n_configurations"":1024}"
1d330b936b8d6098f68e6958c333295851cd96b9b3960d77aa9314c97104c7f1,8b98b95b909393663a7fd9ed2b1cea393ddab28866c27365aecbabac31ad5106,0,2026-08-01T17:11:55.101146Z,2026-08-01T17:11:56.282194Z,true,,measured,2,n2,N2,6-31G,n2-prefix-0174,d1155d168110c036ee82b3dc7b49f5ee983c34dd893b4504304b8b36a4e23818,amd-l4-default,gpu,1,1.126547102991026,0.284618,0.009273,,,18,174,174,30276,12076200,124.75,194.0,"{""alpha"":{""bit_length"":18,""count"":174,""file_bytes"":3306,""occupancy_max"":7,""occupancy_mean"":7.0,""occupancy_min"":7,""occupancy_variance"":0.0,""path"":""/home/nagan/autosbd-sc26-rg/data/derived/phase_b_prefixes/n2/AlphaDets_n0174.txt"",""sha256"":""89ff6a62b266baf5d449dbc21d728acf318fb5c2f13dfe5e786804033bfe4823"",""unique_count"":174},""beta"":{""bit_length"":18,""count"":174,""file_bytes"":3306,""occupancy_max"":7,""occupancy_mean"":7.0,""occupancy_min"":7,""occupancy_variance"":0.0,""path"":""/home/nagan/autosbd-sc26-rg/data/derived/phase_b_prefixes/n2/AlphaDets_n0174.txt"",""sha256"":""89ff6a62b266baf5d449dbc21d728acf318fb5c2f13dfe5e786804033bfe4823"",""unique_count"":174},""beta_reuses_alpha"":true,""combined_input_sha256"":""d1155d168110c036ee82b3dc7b49f5ee983c34dd893b4504304b8b36a4e23818"",""connectivity"":{""alpha"":{""determinants"":174,""directed_double_edges"":11850,""directed_single_edges"":2646,""double_degree_max"":117,""double_degree_mean"":68.10344827586206,""double_degree_min"":33,""double_edge_density"":0.3936615507275264,""single_degree_max"":50,""single_degree_mean"":15.206896551724139,""single_degree_min"":4,""single_edge_density"":0.08790113613713374,""unordered_pair_comparisons"":15051},""beta"":{""determinants"":174,""directed_double_edges"":11850,""directed_single_edges"":2646,""double_degree_max"":117,""double_degree_mean"":68.10344827586206,""double_degree_min"":33,""double_edge_density"":0.3936615507275264,""single_degree_max"":50,""single_degree_mean"":15.206896551724139,""single_degree_min"":4,""single_edge_density"":0.08790113613713374,""unordered_pair_comparisons"":15051},""pair_comparisons"":30102},""connectivity_pair_limit"":1000000,""fcidump"":{""compact_two_electron_slots"":14706,""core_integrals"":1,""exact_zero_integrals"":0,""file_bytes"":437951,""integral_records"":10325,""isym"":1,""max_abs_integral"":28.13104666664194,""ms2"":0,""n_electrons"":14,""n_orbitals"":18,""one_electron_integrals"":122,""orbsym"":[1,1,1,1,1,1,1,1,1,1,1,1,1,1,1,1,1,1],""path"":""/home/nagan/autosbd-sc26-rg/external/riken-sbd/data/n2/fcidump.txt"",""sha256"":""dee67eb5e8aee2f099953a52d7910db59bc7b284ad03a8fa7ffd2a4ba8efcf33"",""source_integral_doubles"":16650,""sum_abs_integrals"":500.99976876026955,""two_electron_fill_density"":0.6937304501563988,""two_electron_integrals"":10202},""log1p_method0_work_proxy"":16.306747214254646,""log1p_n_configurations"":10.318143627345878,""method0_work_proxy"":12076200,""n_configurations"":30276}"
0c0708436752e56a3da2d45f508a6aeb42c9f2573612869402ce916334e5c47d,f88c99da88652b56ad47b542dd5e254aff1326a4bb75fe6dcd721fb4a578b1ac,0,2026-08-01T17:11:56.347988Z,2026-08-01T17:11:59.424169Z,true,,measured,2,n2,N2,6-31G,n2-prefix-0174,d1155d168110c036ee82b3dc7b49f5ee983c34dd893b4504304b8b36a4e23818,amd-cpu-16,cpu,16,3.0208112159889424,2.373658,0.004652,,,18,174,174,30276,12076200,28.6328125,,"{""alpha"":{""bit_length"":18,""count"":174,""file_bytes"":3306,""occupancy_max"":7,""occupancy_mean"":7.0,""occupancy_min"":7,""occupancy_variance"":0.0,""path"":""/home/nagan/autosbd-sc26-rg/data/derived/phase_b_prefixes/n2/AlphaDets_n0174.txt"",""sha256"":""89ff6a62b266baf5d449dbc21d728acf318fb5c2f13dfe5e786804033bfe4823"",""unique_count"":174},""beta"":{""bit_length"":18,""count"":174,""file_bytes"":3306,""occupancy_max"":7,""occupancy_mean"":7.0,""occupancy_min"":7,""occupancy_variance"":0.0,""path"":""/home/nagan/autosbd-sc26-rg/data/derived/phase_b_prefixes/n2/AlphaDets_n0174.txt"",""sha256"":""89ff6a62b266baf5d449dbc21d728acf318fb5c2f13dfe5e786804033bfe4823"",""unique_count"":174},""beta_reuses_alpha"":true,""combined_input_sha256"":""d1155d168110c036ee82b3dc7b49f5ee983c34dd893b4504304b8b36a4e23818"",""connectivity"":{""alpha"":{""determinants"":174,""directed_double_edges"":11850,""directed_single_edges"":2646,""double_degree_max"":117,""double_degree_mean"":68.10344827586206,""double_degree_min"":33,""double_edge_density"":0.3936615507275264,""single_degree_max"":50,""single_degree_mean"":15.206896551724139,""single_degree_min"":4,""single_edge_density"":0.08790113613713374,""unordered_pair_comparisons"":15051},""beta"":{""determinants"":174,""directed_double_edges"":11850,""directed_single_edges"":2646,""double_degree_max"":117,""double_degree_mean"":68.10344827586206,""double_degree_min"":33,""double_edge_density"":0.3936615507275264,""single_degree_max"":50,""single_degree_mean"":15.206896551724139,""single_degree_min"":4,""single_edge_density"":0.08790113613713374,""unordered_pair_comparisons"":15051},""pair_comparisons"":30102},""connectivity_pair_limit"":1000000,""fcidump"":{""compact_two_electron_slots"":14706,""core_integrals"":1,""exact_zero_integrals"":0,""file_bytes"":437951,""integral_records"":10325,""isym"":1,""max_abs_integral"":28.13104666664194,""ms2"":0,""n_electrons"":14,""n_orbitals"":18,""one_electron_integrals"":122,""orbsym"":[1,1,1,1,1,1,1,1,1,1,1,1,1,1,1,1,1,1],""path"":""/home/nagan/autosbd-sc26-rg/external/riken-sbd/data/n2/fcidump.txt"",""sha256"":""dee67eb5e8aee2f099953a52d7910db59bc7b284ad03a8fa7ffd2a4ba8efcf33"",""source_integral_doubles"":16650,""sum_abs_integrals"":500.99976876026955,""two_electron_fill_density"":0.6937304501563988,""two_electron_integrals"":10202},""log1p_method0_work_proxy"":16.306747214254646,""log1p_n_configurations"":10.318143627345878,""method0_work_proxy"":12076200,""n_configurations"":30276}"
60e1f586a5e945e72cf7bed048abae7f6defeea0915052e61e0b064c7ffa25c8,ce81d925f7d9334317be442b4f301f39e8a54c5af73bfcefbe81000e793a1f56,0,2026-08-01T17:11:59.557787Z,2026-08-01T17:12:00.229864Z,true,,measured,2,h2o,H2O,cc-pVDZ,h2o-prefix-0032,bc8b7df3cfd9b36edc9a7de5e173ba97c6d3260c199b68c67f44ddff94624373,amd-cpu-16,cpu,16,0.6078239409980597,0.029434,0.002566,,,24,32,32,1024,140176,20.9140625,,"{""alpha"":{""bit_length"":24,""count"":32,""file_bytes"":800,""occupancy_max"":5,""occupancy_mean"":5.0,""occupancy_min"":5,""occupancy_variance"":0.0,""path"":""/home/nagan/autosbd-sc26-rg/data/derived/phase_b_prefixes/h2o/AlphaDets_n0032.txt"",""sha256"":""6f1fcf262ca0e91cbede71522a4f756cc801a0c7730d2e16552876386f6da58f"",""unique_count"":32},""beta"":{""bit_length"":24,""count"":32,""file_bytes"":800,""occupancy_max"":5,""occupancy_mean"":5.0,""occupancy_min"":5,""occupancy_variance"":0.0,""path"":""/home/nagan/autosbd-sc26-rg/data/derived/phase_b_prefixes/h2o/AlphaDets_n0032.txt"",""sha256"":""6f1fcf262ca0e91cbede71522a4f756cc801a0c7730d2e16552876386f6da58f"",""unique_count"":32},""beta_reuses_alpha"":true,""combined_input_sha256"":""bc8b7df3cfd9b36edc9a7de5e173ba97c6d3260c199b68c67f44ddff94624373"",""connectivity"":{""alpha"":{""determinants"":32,""directed_double_edges"":550,""directed_single_edges"":292,""double_degree_max"":21,""double_degree_mean"":17.1875,""double_degree_min"":11,""double_edge_density"":0.5544354838709677,""single_degree_max"":20,""single_degree_mean"":9.125,""single_degree_min"":4,""single_edge_density"":0.29435483870967744,""unordered_pair_comparisons"":496},""beta"":{""determinants"":32,""directed_double_edges"":550,""directed_single_edges"":292,""double_degree_max"":21,""double_degree_mean"":17.1875,""double_degree_min"":11,""double_edge_density"":0.5544354838709677,""single_degree_max"":20,""single_degree_mean"":9.125,""single_degree_min"":4,""single_edge_density"":0.29435483870967744,""unordered_pair_comparisons"":496},""pair_comparisons"":992},""connectivity_pair_limit"":1000000,""fcidump"":{""compact_two_electron_slots"":45150,""core_integrals"":1,""exact_zero_integrals"":0,""file_bytes"":1124056,""integral_records"":26647,""isym"":1,""max_abs_integral"":33.02799415966381,""ms2"":0,""n_electrons"":10,""n_orbitals"":24,""one_electron_integrals"":202,""orbsym"":[1,1,1,1,1,1,1,1,1,1,1,1,1,1,1,1,1,1,1,1,1,1,1,1],""path"":""/home/nagan/autosbd-sc26-rg/external/riken-sbd/data/h2o/fcidump.txt"",""sha256"":""a3c2302834a33dce7260e8050a3f5180e05dbba1bb748f3e2f6410a7eacbd94d"",""source_integral_doubles"":48606,""sum_abs_integrals"":783.0966481208136,""two_electron_fill_density"":0.5856921373200443,""two_electron_integrals"":26444},""log1p_method0_work_proxy"":11.850661188769525,""log1p_n_configurations"":6.932447891572509,""method0_work_proxy"":140176,""n_configurations"":1024}"
f75f2b6790b5f03b84e50ec19f7464a708eff82be0481506e56784a53cda9e2c,df250435f1af66be01408655f988cc5fbfcbe9a0cdea7dad14eab63c6267efe9,0,2026-08-01T17:12:00.370940Z,2026-08-01T17:12:01.276238Z,true,,measured,2,h2o,H2O,cc-pVDZ,h2o-prefix-0032,bc8b7df3cfd9b36edc9a7de5e173ba97c6d3260c199b68c67f44ddff94624373,amd-l4-default,gpu,1,0.8421732529968722,0.038073,0.000434,,,24,32,32,1024,140176,79.51171875,20.0,"{""alpha"":{""bit_length"":24,""count"":32,""file_bytes"":800,""occupancy_max"":5,""occupancy_mean"":5.0,""occupancy_min"":5,""occupancy_variance"":0.0,""path"":""/home/nagan/autosbd-sc26-rg/data/derived/phase_b_prefixes/h2o/AlphaDets_n0032.txt"",""sha256"":""6f1fcf262ca0e91cbede71522a4f756cc801a0c7730d2e16552876386f6da58f"",""unique_count"":32},""beta"":{""bit_length"":24,""count"":32,""file_bytes"":800,""occupancy_max"":5,""occupancy_mean"":5.0,""occupancy_min"":5,""occupancy_variance"":0.0,""path"":""/home/nagan/autosbd-sc26-rg/data/derived/phase_b_prefixes/h2o/AlphaDets_n0032.txt"",""sha256"":""6f1fcf262ca0e91cbede71522a4f756cc801a0c7730d2e16552876386f6da58f"",""unique_count"":32},""beta_reuses_alpha"":true,""combined_input_sha256"":""bc8b7df3cfd9b36edc9a7de5e173ba97c6d3260c199b68c67f44ddff94624373"",""connectivity"":{""alpha"":{""determinants"":32,""directed_double_edges"":550,""directed_single_edges"":292,""double_degree_max"":21,""double_degree_mean"":17.1875,""double_degree_min"":11,""double_edge_density"":0.5544354838709677,""single_degree_max"":20,""single_degree_mean"":9.125,""single_degree_min"":4,""single_edge_density"":0.29435483870967744,""unordered_pair_comparisons"":496},""beta"":{""determinants"":32,""directed_double_edges"":550,""directed_single_edges"":292,""double_degree_max"":21,""double_degree_mean"":17.1875,""double_degree_min"":11,""double_edge_density"":0.5544354838709677,""single_degree_max"":20,""single_degree_mean"":9.125,""single_degree_min"":4,""single_edge_density"":0.29435483870967744,""unordered_pair_comparisons"":496},""pair_comparisons"":992},""connectivity_pair_limit"":1000000,""fcidump"":{""compact_two_electron_slots"":45150,""core_integrals"":1,""exact_zero_integrals"":0,""file_bytes"":1124056,""integral_records"":26647,""isym"":1,""max_abs_integral"":33.02799415966381,""ms2"":0,""n_electrons"":10,""n_orbitals"":24,""one_electron_integrals"":202,""orbsym"":[1,1,1,1,1,1,1,1,1,1,1,1,1,1,1,1,1,1,1,1,1,1,1,1],""path"":""/home/nagan/autosbd-sc26-rg/external/riken-sbd/data/h2o/fcidump.txt"",""sha256"":""a3c2302834a33dce7260e8050a3f5180e05dbba1bb748f3e2f6410a7eacbd94d"",""source_integral_doubles"":48606,""sum_abs_integrals"":783.0966481208136,""two_electron_fill_density"":0.5856921373200443,""two_electron_integrals"":26444},""log1p_method0_work_proxy"":11.850661188769525,""log1p_n_configurations"":6.932447891572509,""method0_work_proxy"":140176,""n_configurations"":1024}"
3864801d362800f9cd759a6d5372ba6301707406fceb109728baa8cf837039b1,e3dab0b1ff3ffac06d23fe6c3fb9919cf85878b05b2fbdcff4b7ee45dab2cfa2,0,2026-08-01T17:12:01.420958Z,2026-08-01T17:12:02.730201Z,true,,measured,2,h2o,H2O,cc-pVDZ,h2o-prefix-0174,54238461a8e4af6e254f60eecaa74512c6dee9fa209ca461041b5dea338aa659,amd-l4-default,gpu,1,1.249266365004587,0.407864,0.010378,,,24,174,174,30276,12665248,126.17578125,194.0,"{""alpha"":{""bit_length"":24,""count"":174,""file_bytes"":4350,""occupancy_max"":5,""occupancy_mean"":5.0,""occupancy_min"":5,""occupancy_variance"":0.0,""path"":""/home/nagan/autosbd-sc26-rg/data/derived/phase_b_prefixes/h2o/AlphaDets_n0174.txt"",""sha256"":""5cb369df17d90da84c3fb7fb13ff45a490e56281d262c8ae968e235b93c82c10"",""unique_count"":174},""beta"":{""bit_length"":24,""count"":174,""file_bytes"":4350,""occupancy_max"":5,""occupancy_mean"":5.0,""occupancy_min"":5,""occupancy_variance"":0.0,""path"":""/home/nagan/autosbd-sc26-rg/data/derived/phase_b_prefixes/h2o/AlphaDets_n0174.txt"",""sha256"":""5cb369df17d90da84c3fb7fb13ff45a490e56281d262c8ae968e235b93c82c10"",""unique_count"":174},""beta_reuses_alpha"":true,""combined_input_sha256"":""54238461a8e4af6e254f60eecaa74512c6dee9fa209ca461041b5dea338aa659"",""connectivity"":{""alpha"":{""determinants"":174,""directed_double_edges"":12824,""directed_single_edges"":2690,""double_degree_max"":113,""double_degree_mean"":73.70114942528735,""double_degree_min"":31,""double_edge_density"":0.42601820477044716,""single_degree_max"":57,""single_degree_mean"":15.459770114942529,""single_degree_min"":4,""single_edge_density"":0.08936283303434987,""unordered_pair_comparisons"":15051},""beta"":{""determinants"":174,""directed_double_edges"":12824,""directed_single_edges"":2690,""double_degree_max"":113,""double_degree_mean"":73.70114942528735,""double_degree_min"":31,""double_edge_density"":0.42601820477044716,""single_degree_max"":57,""single_degree_mean"":15.459770114942529,""single_degree_min"":4,""single_edge_density"":0.08936283303434987,""unordered_pair_comparisons"":15051},""pair_comparisons"":30102},""connectivity_pair_limit"":1000000,""fcidump"":{""compact_two_electron_slots"":45150,""core_integrals"":1,""exact_zero_integrals"":0,""file_bytes"":1124056,""integral_records"":26647,""isym"":1,""max_abs_integral"":33.02799415966381,""ms2"":0,""n_electrons"":10,""n_orbitals"":24,""one_electron_integrals"":202,""orbsym"":[1,1,1,1,1,1,1,1,1,1,1,1,1,1,1,1,1,1,1,1,1,1,1,1],""path"":""/home/nagan/autosbd-sc26-rg/external/riken-sbd/data/h2o/fcidump.txt"",""sha256"":""a3c2302834a33dce7260e8050a3f5180e05dbba1bb748f3e2f6410a7eacbd94d"",""source_integral_doubles"":48606,""sum_abs_integrals"":783.0966481208136,""two_electron_fill_density"":0.5856921373200443,""two_electron_integrals"":26444},""log1p_method0_work_proxy"":16.35437250170629,""log1p_n_configurations"":10.318143627345878,""method0_work_proxy"":12665248,""n_configurations"":30276}"
38aa7d5738a07fb8ee4fdf218a3ce8577d919ce1d6689d890dea8f13b60e2a40,3bae74ba441aa62a8776cbbe1b9e8bc5e5cb43c87a87ec776be6eb404a435dbe,0,2026-08-01T17:12:02.869070Z,2026-08-01T17:12:06.552496Z,true,,measured,2,h2o,H2O,cc-pVDZ,h2o-prefix-0174,54238461a8e4af6e254f60eecaa74512c6dee9fa209ca461041b5dea338aa659,amd-cpu-16,cpu,16,3.6244393740053056,2.910657,0.004239,,,24,174,174,30276,12665248,29.859375,,"{""alpha"":{""bit_length"":24,""count"":174,""file_bytes"":4350,""occupancy_max"":5,""occupancy_mean"":5.0,""occupancy_min"":5,""occupancy_variance"":0.0,""path"":""/home/nagan/autosbd-sc26-rg/data/derived/phase_b_prefixes/h2o/AlphaDets_n0174.txt"",""sha256"":""5cb369df17d90da84c3fb7fb13ff45a490e56281d262c8ae968e235b93c82c10"",""unique_count"":174},""beta"":{""bit_length"":24,""count"":174,""file_bytes"":4350,""occupancy_max"":5,""occupancy_mean"":5.0,""occupancy_min"":5,""occupancy_variance"":0.0,""path"":""/home/nagan/autosbd-sc26-rg/data/derived/phase_b_prefixes/h2o/AlphaDets_n0174.txt"",""sha256"":""5cb369df17d90da84c3fb7fb13ff45a490e56281d262c8ae968e235b93c82c10"",""unique_count"":174},""beta_reuses_alpha"":true,""combined_input_sha256"":""54238461a8e4af6e254f60eecaa74512c6dee9fa209ca461041b5dea338aa659"",""connectivity"":{""alpha"":{""determinants"":174,""directed_double_edges"":12824,""directed_single_edges"":2690,""double_degree_max"":113,""double_degree_mean"":73.70114942528735,""double_degree_min"":31,""double_edge_density"":0.42601820477044716,""single_degree_max"":57,""single_degree_mean"":15.459770114942529,""single_degree_min"":4,""single_edge_density"":0.08936283303434987,""unordered_pair_comparisons"":15051},""beta"":{""determinants"":174,""directed_double_edges"":12824,""directed_single_edges"":2690,""double_degree_max"":113,""double_degree_mean"":73.70114942528735,""double_degree_min"":31,""double_edge_density"":0.42601820477044716,""single_degree_max"":57,""single_degree_mean"":15.459770114942529,""single_degree_min"":4,""single_edge_density"":0.08936283303434987,""unordered_pair_comparisons"":15051},""pair_comparisons"":30102},""connectivity_pair_limit"":1000000,""fcidump"":{""compact_two_electron_slots"":45150,""core_integrals"":1,""exact_zero_integrals"":0,""file_bytes"":1124056,""integral_records"":26647,""isym"":1,""max_abs_integral"":33.02799415966381,""ms2"":0,""n_electrons"":10,""n_orbitals"":24,""one_electron_integrals"":202,""orbsym"":[1,1,1,1,1,1,1,1,1,1,1,1,1,1,1,1,1,1,1,1,1,1,1,1],""path"":""/home/nagan/autosbd-sc26-rg/external/riken-sbd/data/h2o/fcidump.txt"",""sha256"":""a3c2302834a33dce7260e8050a3f5180e05dbba1bb748f3e2f6410a7eacbd94d"",""source_integral_doubles"":48606,""sum_abs_integrals"":783.0966481208136,""two_electron_fill_density"":0.5856921373200443,""two_electron_integrals"":26444},""log1p_method0_work_proxy"":16.35437250170629,""log1p_n_configurations"":10.318143627345878,""method0_work_proxy"":12665248,""n_configurations"":30276}"
7aedb4bf9a5603e77966bce3200a4773ebbeef1ffcc6851db46eaf58bd6057fb,1a595a69c9aef0355f510dc1530624e0d25b684dfbf885f5672aa7b3a8fb6375,0,2026-08-01T17:12:29.208339Z,2026-08-01T17:12:35.206700Z,false,timing_ineligible;warmup,warmup,0,n2,N2,6-31G,n2-prefix-0239,6976b0d5793326781b16b53b6ff8d7c76068bdd016bdd29aa4cbee3e6aab0deb,amd-cpu-16,cpu,16,5.937234743993031,5.119543,0.006638,,,18,239,239,57121,26354153,35.328125,,"{""alpha"":{""bit_length"":18,""count"":239,""file_bytes"":4541,""occupancy_max"":7,""occupancy_mean"":7.0,""occupancy_min"":7,""occupancy_variance"":0.0,""path"":""/home/nagan/autosbd-sc26-rg/data/derived/phase_b_prefixes/n2/AlphaDets_n0239.txt"",""sha256"":""73a28f6e6a26b06fbf4accf704f4112dca36ea53fe52ec40ed6379644b218dd2"",""unique_count"":239},""beta"":{""bit_length"":18,""count"":239,""file_bytes"":4541,""occupancy_max"":7,""occupancy_mean"":7.0,""occupancy_min"":7,""occupancy_variance"":0.0,""path"":""/home/nagan/autosbd-sc26-rg/data/derived/phase_b_prefixes/n2/AlphaDets_n0239.txt"",""sha256"":""73a28f6e6a26b06fbf4accf704f4112dca36ea53fe52ec40ed6379644b218dd2"",""unique_count"":239},""beta_reuses_alpha"":true,""combined_input_sha256"":""6976b0d5793326781b16b53b6ff8d7c76068bdd016bdd29aa4cbee3e6aab0deb"",""connectivity"":{""alpha"":{""determinants"":239,""directed_double_edges"":19984,""directed_single_edges"":3860,""double_degree_max"":168,""double_degree_mean"":83.61506276150628,""double_degree_min"":36,""double_edge_density"":0.3513237931155726,""single_degree_max"":57,""single_degree_mean"":16.15062761506276,""single_degree_min"":4,""single_edge_density"":0.06785977989522168,""unordered_pair_comparisons"":28441},""beta"":{""determinants"":239,""directed_double_edges"":19984,""directed_single_edges"":3860,""double_degree_max"":168,""double_degree_mean"":83.61506276150628,""double_degree_min"":36,""double_edge_density"":0.3513237931155726,""single_degree_max"":57,""single_degree_mean"":16.15062761506276,""single_degree_min"":4,""single_edge_density"":0.06785977989522168,""unordered_pair_comparisons"":28441},""pair_comparisons"":56882},""connectivity_pair_limit"":1000000,""fcidump"":{""compact_two_electron_slots"":14706,""core_integrals"":1,""exact_zero_integrals"":0,""file_bytes"":437951,""integral_records"":10325,""isym"":1,""max_abs_integral"":28.13104666664194,""ms2"":0,""n_electrons"":14,""n_orbitals"":18,""one_electron_integrals"":122,""orbsym"":[1,1,1,1,1,1,1,1,1,1,1,1,1,1,1,1,1,1],""path"":""/home/nagan/autosbd-sc26-rg/external/riken-sbd/data/n2/fcidump.txt"",""sha256"":""dee67eb5e8aee2f099953a52d7910db59bc7b284ad03a8fa7ffd2a4ba8efcf33"",""source_integral_doubles"":16650,""sum_abs_integrals"":500.99976876026955,""two_electron_fill_density"":0.6937304501563988,""two_electron_integrals"":10202},""log1p_method0_work_proxy"":17.087136467585477,""log1p_n_configurations"":10.952944610406092,""method0_work_proxy"":26354153,""n_configurations"":57121}"
310e8853941021152cf1530389793ed7ecf06d1a7cb07163d21c348bffea0da2,c05628d2a5e5624755c8749ea55f82a252478bcf046537551ec72712383995f7,0,2026-08-01T17:12:35.279606Z,2026-08-01T17:12:36.646853Z,false,timing_ineligible;warmup,warmup,0,n2,N2,6-31G,n2-prefix-0239,6976b0d5793326781b16b53b6ff8d7c76068bdd016bdd29aa4cbee3e6aab0deb,amd-l4-default,gpu,1,1.3068504469993059,0.439545,0.016203000000000002,,,18,239,239,57121,26354153,131.48046875,194.0,"{""alpha"":{""bit_length"":18,""count"":239,""file_bytes"":4541,""occupancy_max"":7,""occupancy_mean"":7.0,""occupancy_min"":7,""occupancy_variance"":0.0,""path"":""/home/nagan/autosbd-sc26-rg/data/derived/phase_b_prefixes/n2/AlphaDets_n0239.txt"",""sha256"":""73a28f6e6a26b06fbf4accf704f4112dca36ea53fe52ec40ed6379644b218dd2"",""unique_count"":239},""beta"":{""bit_length"":18,""count"":239,""file_bytes"":4541,""occupancy_max"":7,""occupancy_mean"":7.0,""occupancy_min"":7,""occupancy_variance"":0.0,""path"":""/home/nagan/autosbd-sc26-rg/data/derived/phase_b_prefixes/n2/AlphaDets_n0239.txt"",""sha256"":""73a28f6e6a26b06fbf4accf704f4112dca36ea53fe52ec40ed6379644b218dd2"",""unique_count"":239},""beta_reuses_alpha"":true,""combined_input_sha256"":""6976b0d5793326781b16b53b6ff8d7c76068bdd016bdd29aa4cbee3e6aab0deb"",""connectivity"":{""alpha"":{""determinants"":239,""directed_double_edges"":19984,""directed_single_edges"":3860,""double_degree_max"":168,""double_degree_mean"":83.61506276150628,""double_degree_min"":36,""double_edge_density"":0.3513237931155726,""single_degree_max"":57,""single_degree_mean"":16.15062761506276,""single_degree_min"":4,""single_edge_density"":0.06785977989522168,""unordered_pair_comparisons"":28441},""beta"":{""determinants"":239,""directed_double_edges"":19984,""directed_single_edges"":3860,""double_degree_max"":168,""double_degree_mean"":83.61506276150628,""double_degree_min"":36,""double_edge_density"":0.3513237931155726,""single_degree_max"":57,""single_degree_mean"":16.15062761506276,""single_degree_min"":4,""single_edge_density"":0.06785977989522168,""unordered_pair_comparisons"":28441},""pair_comparisons"":56882},""connectivity_pair_limit"":1000000,""fcidump"":{""compact_two_electron_slots"":14706,""core_integrals"":1,""exact_zero_integrals"":0,""file_bytes"":437951,""integral_records"":10325,""isym"":1,""max_abs_integral"":28.13104666664194,""ms2"":0,""n_electrons"":14,""n_orbitals"":18,""one_electron_integrals"":122,""orbsym"":[1,1,1,1,1,1,1,1,1,1,1,1,1,1,1,1,1,1],""path"":""/home/nagan/autosbd-sc26-rg/external/riken-sbd/data/n2/fcidump.txt"",""sha256"":""dee67eb5e8aee2f099953a52d7910db59bc7b284ad03a8fa7ffd2a4ba8efcf33"",""source_integral_doubles"":16650,""sum_abs_integrals"":500.99976876026955,""two_electron_fill_density"":0.6937304501563988,""two_electron_integrals"":10202},""log1p_method0_work_proxy"":17.087136467585477,""log1p_n_configurations"":10.952944610406092,""method0_work_proxy"":26354153,""n_configurations"":57121}"
f875462d42c33b56ee15854b5b0f3c17014dc7937f499387eb622d62b9ccbd5c,05371bbdaba25953c82b147dbd66e0f308a73a0061d8966b10555d46baeca9e8,0,2026-08-01T17:12:36.787854Z,2026-08-01T17:12:47.711945Z,false,timing_ineligible;warmup,warmup,0,h2o,H2O,cc-pVDZ,h2o-prefix-0275,ee17c38802ca7e869797f014dbc4957e7b589cc2cb8e2f2068c37fc2af1a150d,amd-cpu-16,cpu,16,10.864161906996742,9.807829,0.007627999999999999,,,24,275,275,75625,42706525,41.4296875,,"{""alpha"":{""bit_length"":24,""count"":275,""file_bytes"":6875,""occupancy_max"":5,""occupancy_mean"":5.0,""occupancy_min"":5,""occupancy_variance"":0.0,""path"":""/home/nagan/autosbd-sc26-rg/data/derived/phase_b_prefixes/h2o/AlphaDets_n0275.txt"",""sha256"":""ea94906047a1d081d493066478e9f009c07cb4286541f1781060081205fd5a67"",""unique_count"":275},""beta"":{""bit_length"":24,""count"":275,""file_bytes"":6875,""occupancy_max"":5,""occupancy_mean"":5.0,""occupancy_min"":5,""occupancy_variance"":0.0,""path"":""/home/nagan/autosbd-sc26-rg/data/derived/phase_b_prefixes/h2o/AlphaDets_n0275.txt"",""sha256"":""ea94906047a1d081d493066478e9f009c07cb4286541f1781060081205fd5a67"",""unique_count"":275},""beta_reuses_alpha"":true,""combined_input_sha256"":""ee17c38802ca7e869797f014dbc4957e7b589cc2cb8e2f2068c37fc2af1a150d"",""connectivity"":{""alpha"":{""determinants"":275,""directed_double_edges"":29706,""directed_single_edges"":4860,""double_degree_max"":193,""double_degree_mean"":108.02181818181818,""double_degree_min"":39,""double_edge_density"":0.39424021234240214,""single_degree_max"":77,""single_degree_mean"":17.672727272727272,""single_degree_min"":4,""single_edge_density"":0.06449900464499005,""unordered_pair_comparisons"":37675},""beta"":{""determinants"":275,""directed_double_edges"":29706,""directed_single_edges"":4860,""double_degree_max"":193,""double_degree_mean"":108.02181818181818,""double_degree_min"":39,""double_edge_density"":0.39424021234240214,""single_degree_max"":77,""single_degree_mean"":17.672727272727272,""single_degree_min"":4,""single_edge_density"":0.06449900464499005,""unordered_pair_comparisons"":37675},""pair_comparisons"":75350},""connectivity_pair_limit"":1000000,""fcidump"":{""compact_two_electron_slots"":45150,""core_integrals"":1,""exact_zero_integrals"":0,""file_bytes"":1124056,""integral_records"":26647,""isym"":1,""max_abs_integral"":33.02799415966381,""ms2"":0,""n_electrons"":10,""n_orbitals"":24,""one_electron_integrals"":202,""orbsym"":[1,1,1,1,1,1,1,1,1,1,1,1,1,1,1,1,1,1,1,1,1,1,1,1],""path"":""/home/nagan/autosbd-sc26-rg/external/riken-sbd/data/h2o/fcidump.txt"",""sha256"":""a3c2302834a33dce7260e8050a3f5180e05dbba1bb748f3e2f6410a7eacbd94d"",""source_integral_doubles"":48606,""sum_abs_integrals"":783.0966481208136,""two_electron_fill_density"":0.5856921373200443,""two_electron_integrals"":26444},""log1p_method0_work_proxy"":17.569862300244623,""log1p_n_configurations"":11.233555418386214,""method0_work_proxy"":42706525,""n_configurations"":75625}"
beb24375a68d4f882bb3f3c39566f5221c7f85e70245ca011045178e7f3f6f10,19841c45d7e290957b468353b982218fb1f843c2d5740eb4a0dcb3daa0b9136b,0,2026-08-01T17:12:47.859097Z,2026-08-01T17:12:49.673437Z,false,timing_ineligible;warmup,warmup,0,h2o,H2O,cc-pVDZ,h2o-prefix-0275,ee17c38802ca7e869797f014dbc4957e7b589cc2cb8e2f2068c37fc2af1a150d,amd-l4-default,gpu,1,1.7484062010044,0.863498,0.026145,,,24,275,275,75625,42706525,138.00390625,196.0,"{""alpha"":{""bit_length"":24,""count"":275,""file_bytes"":6875,""occupancy_max"":5,""occupancy_mean"":5.0,""occupancy_min"":5,""occupancy_variance"":0.0,""path"":""/home/nagan/autosbd-sc26-rg/data/derived/phase_b_prefixes/h2o/AlphaDets_n0275.txt"",""sha256"":""ea94906047a1d081d493066478e9f009c07cb4286541f1781060081205fd5a67"",""unique_count"":275},""beta"":{""bit_length"":24,""count"":275,""file_bytes"":6875,""occupancy_max"":5,""occupancy_mean"":5.0,""occupancy_min"":5,""occupancy_variance"":0.0,""path"":""/home/nagan/autosbd-sc26-rg/data/derived/phase_b_prefixes/h2o/AlphaDets_n0275.txt"",""sha256"":""ea94906047a1d081d493066478e9f009c07cb4286541f1781060081205fd5a67"",""unique_count"":275},""beta_reuses_alpha"":true,""combined_input_sha256"":""ee17c38802ca7e869797f014dbc4957e7b589cc2cb8e2f2068c37fc2af1a150d"",""connectivity"":{""alpha"":{""determinants"":275,""directed_double_edges"":29706,""directed_single_edges"":4860,""double_degree_max"":193,""double_degree_mean"":108.02181818181818,""double_degree_min"":39,""double_edge_density"":0.39424021234240214,""single_degree_max"":77,""single_degree_mean"":17.672727272727272,""single_degree_min"":4,""single_edge_density"":0.06449900464499005,""unordered_pair_comparisons"":37675},""beta"":{""determinants"":275,""directed_double_edges"":29706,""directed_single_edges"":4860,""double_degree_max"":193,""double_degree_mean"":108.02181818181818,""double_degree_min"":39,""double_edge_density"":0.39424021234240214,""single_degree_max"":77,""single_degree_mean"":17.672727272727272,""single_degree_min"":4,""single_edge_density"":0.06449900464499005,""unordered_pair_comparisons"":37675},""pair_comparisons"":75350},""connectivity_pair_limit"":1000000,""fcidump"":{""compact_two_electron_slots"":45150,""core_integrals"":1,""exact_zero_integrals"":0,""file_bytes"":1124056,""integral_records"":26647,""isym"":1,""max_abs_integral"":33.02799415966381,""ms2"":0,""n_electrons"":10,""n_orbitals"":24,""one_electron_integrals"":202,""orbsym"":[1,1,1,1,1,1,1,1,1,1,1,1,1,1,1,1,1,1,1,1,1,1,1,1],""path"":""/home/nagan/autosbd-sc26-rg/external/riken-sbd/data/h2o/fcidump.txt"",""sha256"":""a3c2302834a33dce7260e8050a3f5180e05dbba1bb748f3e2f6410a7eacbd94d"",""source_integral_doubles"":48606,""sum_abs_integrals"":783.0966481208136,""two_electron_fill_density"":0.5856921373200443,""two_electron_integrals"":26444},""log1p_method0_work_proxy"":17.569862300244623,""log1p_n_configurations"":11.233555418386214,""method0_work_proxy"":42706525,""n_configurations"":75625}"
cbe42f483a8cd2304e300ce2f15864d22c47cb350915d9f223292566d0c8197a,cfd06aad8b04e32ad3f8ba7f747fdb0c60801645078214961607950c97b5049b,0,2026-08-01T17:12:49.742586Z,2026-08-01T17:12:55.733498Z,true,,measured,0,n2,N2,6-31G,n2-prefix-0239,6976b0d5793326781b16b53b6ff8d7c76068bdd016bdd29aa4cbee3e6aab0deb,amd-cpu-16,cpu,16,5.935876224990352,5.077175,0.006334999999999999,,,18,239,239,57121,26354153,35.31640625,,"{""alpha"":{""bit_length"":18,""count"":239,""file_bytes"":4541,""occupancy_max"":7,""occupancy_mean"":7.0,""occupancy_min"":7,""occupancy_variance"":0.0,""path"":""/home/nagan/autosbd-sc26-rg/data/derived/phase_b_prefixes/n2/AlphaDets_n0239.txt"",""sha256"":""73a28f6e6a26b06fbf4accf704f4112dca36ea53fe52ec40ed6379644b218dd2"",""unique_count"":239},""beta"":{""bit_length"":18,""count"":239,""file_bytes"":4541,""occupancy_max"":7,""occupancy_mean"":7.0,""occupancy_min"":7,""occupancy_variance"":0.0,""path"":""/home/nagan/autosbd-sc26-rg/data/derived/phase_b_prefixes/n2/AlphaDets_n0239.txt"",""sha256"":""73a28f6e6a26b06fbf4accf704f4112dca36ea53fe52ec40ed6379644b218dd2"",""unique_count"":239},""beta_reuses_alpha"":true,""combined_input_sha256"":""6976b0d5793326781b16b53b6ff8d7c76068bdd016bdd29aa4cbee3e6aab0deb"",""connectivity"":{""alpha"":{""determinants"":239,""directed_double_edges"":19984,""directed_single_edges"":3860,""double_degree_max"":168,""double_degree_mean"":83.61506276150628,""double_degree_min"":36,""double_edge_density"":0.3513237931155726,""single_degree_max"":57,""single_degree_mean"":16.15062761506276,""single_degree_min"":4,""single_edge_density"":0.06785977989522168,""unordered_pair_comparisons"":28441},""beta"":{""determinants"":239,""directed_double_edges"":19984,""directed_single_edges"":3860,""double_degree_max"":168,""double_degree_mean"":83.61506276150628,""double_degree_min"":36,""double_edge_density"":0.3513237931155726,""single_degree_max"":57,""single_degree_mean"":16.15062761506276,""single_degree_min"":4,""single_edge_density"":0.06785977989522168,""unordered_pair_comparisons"":28441},""pair_comparisons"":56882},""connectivity_pair_limit"":1000000,""fcidump"":{""compact_two_electron_slots"":14706,""core_integrals"":1,""exact_zero_integrals"":0,""file_bytes"":437951,""integral_records"":10325,""isym"":1,""max_abs_integral"":28.13104666664194,""ms2"":0,""n_electrons"":14,""n_orbitals"":18,""one_electron_integrals"":122,""orbsym"":[1,1,1,1,1,1,1,1,1,1,1,1,1,1,1,1,1,1],""path"":""/home/nagan/autosbd-sc26-rg/external/riken-sbd/data/n2/fcidump.txt"",""sha256"":""dee67eb5e8aee2f099953a52d7910db59bc7b284ad03a8fa7ffd2a4ba8efcf33"",""source_integral_doubles"":16650,""sum_abs_integrals"":500.99976876026955,""two_electron_fill_density"":0.6937304501563988,""two_electron_integrals"":10202},""log1p_method0_work_proxy"":17.087136467585477,""log1p_n_configurations"":10.952944610406092,""method0_work_proxy"":26354153,""n_configurations"":57121}"
838fd5600be44b204460288dd0711b79cd78cf2fbdf6e15baf9026c81c49638e,8389774c35eff9b08949fa9c4d7779a89c54be8fb756e1897aad95ae113a6618,0,2026-08-01T17:12:55.806341Z,2026-08-01T17:12:57.175697Z,true,,measured,0,n2,N2,6-31G,n2-prefix-0239,6976b0d5793326781b16b53b6ff8d7c76068bdd016bdd29aa4cbee3e6aab0deb,amd-l4-default,gpu,1,1.3090736250014743,0.440856,0.016187,,,18,239,239,57121,26354153,131.4609375,194.0,"{""alpha"":{""bit_length"":18,""count"":239,""file_bytes"":4541,""occupancy_max"":7,""occupancy_mean"":7.0,""occupancy_min"":7,""occupancy_variance"":0.0,""path"":""/home/nagan/autosbd-sc26-rg/data/derived/phase_b_prefixes/n2/AlphaDets_n0239.txt"",""sha256"":""73a28f6e6a26b06fbf4accf704f4112dca36ea53fe52ec40ed6379644b218dd2"",""unique_count"":239},""beta"":{""bit_length"":18,""count"":239,""file_bytes"":4541,""occupancy_max"":7,""occupancy_mean"":7.0,""occupancy_min"":7,""occupancy_variance"":0.0,""path"":""/home/nagan/autosbd-sc26-rg/data/derived/phase_b_prefixes/n2/AlphaDets_n0239.txt"",""sha256"":""73a28f6e6a26b06fbf4accf704f4112dca36ea53fe52ec40ed6379644b218dd2"",""unique_count"":239},""beta_reuses_alpha"":true,""combined_input_sha256"":""6976b0d5793326781b16b53b6ff8d7c76068bdd016bdd29aa4cbee3e6aab0deb"",""connectivity"":{""alpha"":{""determinants"":239,""directed_double_edges"":19984,""directed_single_edges"":3860,""double_degree_max"":168,""double_degree_mean"":83.61506276150628,""double_degree_min"":36,""double_edge_density"":0.3513237931155726,""single_degree_max"":57,""single_degree_mean"":16.15062761506276,""single_degree_min"":4,""single_edge_density"":0.06785977989522168,""unordered_pair_comparisons"":28441},""beta"":{""determinants"":239,""directed_double_edges"":19984,""directed_single_edges"":3860,""double_degree_max"":168,""double_degree_mean"":83.61506276150628,""double_degree_min"":36,""double_edge_density"":0.3513237931155726,""single_degree_max"":57,""single_degree_mean"":16.15062761506276,""single_degree_min"":4,""single_edge_density"":0.06785977989522168,""unordered_pair_comparisons"":28441},""pair_comparisons"":56882},""connectivity_pair_limit"":1000000,""fcidump"":{""compact_two_electron_slots"":14706,""core_integrals"":1,""exact_zero_integrals"":0,""file_bytes"":437951,""integral_records"":10325,""isym"":1,""max_abs_integral"":28.13104666664194,""ms2"":0,""n_electrons"":14,""n_orbitals"":18,""one_electron_integrals"":122,""orbsym"":[1,1,1,1,1,1,1,1,1,1,1,1,1,1,1,1,1,1],""path"":""/home/nagan/autosbd-sc26-rg/external/riken-sbd/data/n2/fcidump.txt"",""sha256"":""dee67eb5e8aee2f099953a52d7910db59bc7b284ad03a8fa7ffd2a4ba8efcf33"",""source_integral_doubles"":16650,""sum_abs_integrals"":500.99976876026955,""two_electron_fill_density"":0.6937304501563988,""two_electron_integrals"":10202},""log1p_method0_work_proxy"":17.087136467585477,""log1p_n_configurations"":10.952944610406092,""method0_work_proxy"":26354153,""n_configurations"":57121}"
46c317e090b7163fdccec5e0daf0f0ac9062e65b1158d35f9e9a158da1b678e3,4626e603b92d3b70be15cf3286204cfabae489d655371d8a2d312fcf1cf5c31b,0,2026-08-01T17:12:57.321680Z,2026-08-01T17:12:59.072169Z,true,,measured,0,h2o,H2O,cc-pVDZ,h2o-prefix-0275,ee17c38802ca7e869797f014dbc4957e7b589cc2cb8e2f2068c37fc2af1a150d,amd-l4-default,gpu,1,1.6897160740045365,0.863892,0.026002,,,24,275,275,75625,42706525,138.05859375,196.0,"{""alpha"":{""bit_length"":24,""count"":275,""file_bytes"":6875,""occupancy_max"":5,""occupancy_mean"":5.0,""occupancy_min"":5,""occupancy_variance"":0.0,""path"":""/home/nagan/autosbd-sc26-rg/data/derived/phase_b_prefixes/h2o/AlphaDets_n0275.txt"",""sha256"":""ea94906047a1d081d493066478e9f009c07cb4286541f1781060081205fd5a67"",""unique_count"":275},""beta"":{""bit_length"":24,""count"":275,""file_bytes"":6875,""occupancy_max"":5,""occupancy_mean"":5.0,""occupancy_min"":5,""occupancy_variance"":0.0,""path"":""/home/nagan/autosbd-sc26-rg/data/derived/phase_b_prefixes/h2o/AlphaDets_n0275.txt"",""sha256"":""ea94906047a1d081d493066478e9f009c07cb4286541f1781060081205fd5a67"",""unique_count"":275},""beta_reuses_alpha"":true,""combined_input_sha256"":""ee17c38802ca7e869797f014dbc4957e7b589cc2cb8e2f2068c37fc2af1a150d"",""connectivity"":{""alpha"":{""determinants"":275,""directed_double_edges"":29706,""directed_single_edges"":4860,""double_degree_max"":193,""double_degree_mean"":108.02181818181818,""double_degree_min"":39,""double_edge_density"":0.39424021234240214,""single_degree_max"":77,""single_degree_mean"":17.672727272727272,""single_degree_min"":4,""single_edge_density"":0.06449900464499005,""unordered_pair_comparisons"":37675},""beta"":{""determinants"":275,""directed_double_edges"":29706,""directed_single_edges"":4860,""double_degree_max"":193,""double_degree_mean"":108.02181818181818,""double_degree_min"":39,""double_edge_density"":0.39424021234240214,""single_degree_max"":77,""single_degree_mean"":17.672727272727272,""single_degree_min"":4,""single_edge_density"":0.06449900464499005,""unordered_pair_comparisons"":37675},""pair_comparisons"":75350},""connectivity_pair_limit"":1000000,""fcidump"":{""compact_two_electron_slots"":45150,""core_integrals"":1,""exact_zero_integrals"":0,""file_bytes"":1124056,""integral_records"":26647,""isym"":1,""max_abs_integral"":33.02799415966381,""ms2"":0,""n_electrons"":10,""n_orbitals"":24,""one_electron_integrals"":202,""orbsym"":[1,1,1,1,1,1,1,1,1,1,1,1,1,1,1,1,1,1,1,1,1,1,1,1],""path"":""/home/nagan/autosbd-sc26-rg/external/riken-sbd/data/h2o/fcidump.txt"",""sha256"":""a3c2302834a33dce7260e8050a3f5180e05dbba1bb748f3e2f6410a7eacbd94d"",""source_integral_doubles"":48606,""sum_abs_integrals"":783.0966481208136,""two_electron_fill_density"":0.5856921373200443,""two_electron_integrals"":26444},""log1p_method0_work_proxy"":17.569862300244623,""log1p_n_configurations"":11.233555418386214,""method0_work_proxy"":42706525,""n_configurations"":75625}"
37a037903b332422f696a11ae57df25ad3050efac169bf99ccbea267bc6b6ef3,4d7367db0ad66df3fe3f92d3dd1b9c25eef18f8cbca1fd8bfa2a2e0017eab714,0,2026-08-01T17:12:59.213685Z,2026-08-01T17:13:10.135412Z,true,,measured,0,h2o,H2O,cc-pVDZ,h2o-prefix-0275,ee17c38802ca7e869797f014dbc4957e7b589cc2cb8e2f2068c37fc2af1a150d,amd-cpu-16,cpu,16,10.863449793992913,9.782727,0.007705,,,24,275,275,75625,42706525,41.37890625,,"{""alpha"":{""bit_length"":24,""count"":275,""file_bytes"":6875,""occupancy_max"":5,""occupancy_mean"":5.0,""occupancy_min"":5,""occupancy_variance"":0.0,""path"":""/home/nagan/autosbd-sc26-rg/data/derived/phase_b_prefixes/h2o/AlphaDets_n0275.txt"",""sha256"":""ea94906047a1d081d493066478e9f009c07cb4286541f1781060081205fd5a67"",""unique_count"":275},""beta"":{""bit_length"":24,""count"":275,""file_bytes"":6875,""occupancy_max"":5,""occupancy_mean"":5.0,""occupancy_min"":5,""occupancy_variance"":0.0,""path"":""/home/nagan/autosbd-sc26-rg/data/derived/phase_b_prefixes/h2o/AlphaDets_n0275.txt"",""sha256"":""ea94906047a1d081d493066478e9f009c07cb4286541f1781060081205fd5a67"",""unique_count"":275},""beta_reuses_alpha"":true,""combined_input_sha256"":""ee17c38802ca7e869797f014dbc4957e7b589cc2cb8e2f2068c37fc2af1a150d"",""connectivity"":{""alpha"":{""determinants"":275,""directed_double_edges"":29706,""directed_single_edges"":4860,""double_degree_max"":193,""double_degree_mean"":108.02181818181818,""double_degree_min"":39,""double_edge_density"":0.39424021234240214,""single_degree_max"":77,""single_degree_mean"":17.672727272727272,""single_degree_min"":4,""single_edge_density"":0.06449900464499005,""unordered_pair_comparisons"":37675},""beta"":{""determinants"":275,""directed_double_edges"":29706,""directed_single_edges"":4860,""double_degree_max"":193,""double_degree_mean"":108.02181818181818,""double_degree_min"":39,""double_edge_density"":0.39424021234240214,""single_degree_max"":77,""single_degree_mean"":17.672727272727272,""single_degree_min"":4,""single_edge_density"":0.06449900464499005,""unordered_pair_comparisons"":37675},""pair_comparisons"":75350},""connectivity_pair_limit"":1000000,""fcidump"":{""compact_two_electron_slots"":45150,""core_integrals"":1,""exact_zero_integrals"":0,""file_bytes"":1124056,""integral_records"":26647,""isym"":1,""max_abs_integral"":33.02799415966381,""ms2"":0,""n_electrons"":10,""n_orbitals"":24,""one_electron_integrals"":202,""orbsym"":[1,1,1,1,1,1,1,1,1,1,1,1,1,1,1,1,1,1,1,1,1,1,1,1],""path"":""/home/nagan/autosbd-sc26-rg/external/riken-sbd/data/h2o/fcidump.txt"",""sha256"":""a3c2302834a33dce7260e8050a3f5180e05dbba1bb748f3e2f6410a7eacbd94d"",""source_integral_doubles"":48606,""sum_abs_integrals"":783.0966481208136,""two_electron_fill_density"":0.5856921373200443,""two_electron_integrals"":26444},""log1p_method0_work_proxy"":17.569862300244623,""log1p_n_configurations"":11.233555418386214,""method0_work_proxy"":42706525,""n_configurations"":75625}"
3036900e016395e8c36e67940610b06f99732ad2e4f7c0f2a387cd1f01ae2b70,8c88db32b5028add9a6f3ef0f929e9bff4ea80ca1aa0d5fc686f99a1494fc24b,0,2026-08-01T17:13:10.204232Z,2026-08-01T17:13:16.200257Z,true,,measured,1,n2,N2,6-31G,n2-prefix-0239,6976b0d5793326781b16b53b6ff8d7c76068bdd016bdd29aa4cbee3e6aab0deb,amd-cpu-16,cpu,16,5.9361246040061815,5.095763,0.0065,,,18,239,239,57121,26354153,35.34375,,"{""alpha"":{""bit_length"":18,""count"":239,""file_bytes"":4541,""occupancy_max"":7,""occupancy_mean"":7.0,""occupancy_min"":7,""occupancy_variance"":0.0,""path"":""/home/nagan/autosbd-sc26-rg/data/derived/phase_b_prefixes/n2/AlphaDets_n0239.txt"",""sha256"":""73a28f6e6a26b06fbf4accf704f4112dca36ea53fe52ec40ed6379644b218dd2"",""unique_count"":239},""beta"":{""bit_length"":18,""count"":239,""file_bytes"":4541,""occupancy_max"":7,""occupancy_mean"":7.0,""occupancy_min"":7,""occupancy_variance"":0.0,""path"":""/home/nagan/autosbd-sc26-rg/data/derived/phase_b_prefixes/n2/AlphaDets_n0239.txt"",""sha256"":""73a28f6e6a26b06fbf4accf704f4112dca36ea53fe52ec40ed6379644b218dd2"",""unique_count"":239},""beta_reuses_alpha"":true,""combined_input_sha256"":""6976b0d5793326781b16b53b6ff8d7c76068bdd016bdd29aa4cbee3e6aab0deb"",""connectivity"":{""alpha"":{""determinants"":239,""directed_double_edges"":19984,""directed_single_edges"":3860,""double_degree_max"":168,""double_degree_mean"":83.61506276150628,""double_degree_min"":36,""double_edge_density"":0.3513237931155726,""single_degree_max"":57,""single_degree_mean"":16.15062761506276,""single_degree_min"":4,""single_edge_density"":0.06785977989522168,""unordered_pair_comparisons"":28441},""beta"":{""determinants"":239,""directed_double_edges"":19984,""directed_single_edges"":3860,""double_degree_max"":168,""double_degree_mean"":83.61506276150628,""double_degree_min"":36,""double_edge_density"":0.3513237931155726,""single_degree_max"":57,""single_degree_mean"":16.15062761506276,""single_degree_min"":4,""single_edge_density"":0.06785977989522168,""unordered_pair_comparisons"":28441},""pair_comparisons"":56882},""connectivity_pair_limit"":1000000,""fcidump"":{""compact_two_electron_slots"":14706,""core_integrals"":1,""exact_zero_integrals"":0,""file_bytes"":437951,""integral_records"":10325,""isym"":1,""max_abs_integral"":28.13104666664194,""ms2"":0,""n_electrons"":14,""n_orbitals"":18,""one_electron_integrals"":122,""orbsym"":[1,1,1,1,1,1,1,1,1,1,1,1,1,1,1,1,1,1],""path"":""/home/nagan/autosbd-sc26-rg/external/riken-sbd/data/n2/fcidump.txt"",""sha256"":""dee67eb5e8aee2f099953a52d7910db59bc7b284ad03a8fa7ffd2a4ba8efcf33"",""source_integral_doubles"":16650,""sum_abs_integrals"":500.99976876026955,""two_electron_fill_density"":0.6937304501563988,""two_electron_integrals"":10202},""log1p_method0_work_proxy"":17.087136467585477,""log1p_n_configurations"":10.952944610406092,""method0_work_proxy"":26354153,""n_configurations"":57121}"
397059c3d896f0f31712bd05ede893385fab17bcf8fb0d847fd5d767bf5f5a5a,50c8bd89204444fc4d6e84a64dd6b3ab97c67e928c0caf4df54f44f7520143ed,0,2026-08-01T17:13:16.273300Z,2026-08-01T17:13:17.639218Z,true,,measured,1,n2,N2,6-31G,n2-prefix-0239,6976b0d5793326781b16b53b6ff8d7c76068bdd016bdd29aa4cbee3e6aab0deb,amd-l4-default,gpu,1,1.3068666990002384,0.442708,0.016205999999999998,,,18,239,239,57121,26354153,131.44921875,194.0,"{""alpha"":{""bit_length"":18,""count"":239,""file_bytes"":4541,""occupancy_max"":7,""occupancy_mean"":7.0,""occupancy_min"":7,""occupancy_variance"":0.0,""path"":""/home/nagan/autosbd-sc26-rg/data/derived/phase_b_prefixes/n2/AlphaDets_n0239.txt"",""sha256"":""73a28f6e6a26b06fbf4accf704f4112dca36ea53fe52ec40ed6379644b218dd2"",""unique_count"":239},""beta"":{""bit_length"":18,""count"":239,""file_bytes"":4541,""occupancy_max"":7,""occupancy_mean"":7.0,""occupancy_min"":7,""occupancy_variance"":0.0,""path"":""/home/nagan/autosbd-sc26-rg/data/derived/phase_b_prefixes/n2/AlphaDets_n0239.txt"",""sha256"":""73a28f6e6a26b06fbf4accf704f4112dca36ea53fe52ec40ed6379644b218dd2"",""unique_count"":239},""beta_reuses_alpha"":true,""combined_input_sha256"":""6976b0d5793326781b16b53b6ff8d7c76068bdd016bdd29aa4cbee3e6aab0deb"",""connectivity"":{""alpha"":{""determinants"":239,""directed_double_edges"":19984,""directed_single_edges"":3860,""double_degree_max"":168,""double_degree_mean"":83.61506276150628,""double_degree_min"":36,""double_edge_density"":0.3513237931155726,""single_degree_max"":57,""single_degree_mean"":16.15062761506276,""single_degree_min"":4,""single_edge_density"":0.06785977989522168,""unordered_pair_comparisons"":28441},""beta"":{""determinants"":239,""directed_double_edges"":19984,""directed_single_edges"":3860,""double_degree_max"":168,""double_degree_mean"":83.61506276150628,""double_degree_min"":36,""double_edge_density"":0.3513237931155726,""single_degree_max"":57,""single_degree_mean"":16.15062761506276,""single_degree_min"":4,""single_edge_density"":0.06785977989522168,""unordered_pair_comparisons"":28441},""pair_comparisons"":56882},""connectivity_pair_limit"":1000000,""fcidump"":{""compact_two_electron_slots"":14706,""core_integrals"":1,""exact_zero_integrals"":0,""file_bytes"":437951,""integral_records"":10325,""isym"":1,""max_abs_integral"":28.13104666664194,""ms2"":0,""n_electrons"":14,""n_orbitals"":18,""one_electron_integrals"":122,""orbsym"":[1,1,1,1,1,1,1,1,1,1,1,1,1,1,1,1,1,1],""path"":""/home/nagan/autosbd-sc26-rg/external/riken-sbd/data/n2/fcidump.txt"",""sha256"":""dee67eb5e8aee2f099953a52d7910db59bc7b284ad03a8fa7ffd2a4ba8efcf33"",""source_integral_doubles"":16650,""sum_abs_integrals"":500.99976876026955,""two_electron_fill_density"":0.6937304501563988,""two_electron_integrals"":10202},""log1p_method0_work_proxy"":17.087136467585477,""log1p_n_configurations"":10.952944610406092,""method0_work_proxy"":26354153,""n_configurations"":57121}"
24c8de636e3439948a832a1f09c6c4b9256bc4dd31d5c96dea4eb244c6e85181,57020657c395da8160f61f8a1cf77f411bd16f13564bf76c6c050b4117806a37,0,2026-08-01T17:13:17.785129Z,2026-08-01T17:13:19.537905Z,true,,measured,1,h2o,H2O,cc-pVDZ,h2o-prefix-0275,ee17c38802ca7e869797f014dbc4957e7b589cc2cb8e2f2068c37fc2af1a150d,amd-l4-default,gpu,1,1.6916769039962674,0.866853,0.026245,,,24,275,275,75625,42706525,138.0625,196.0,"{""alpha"":{""bit_length"":24,""count"":275,""file_bytes"":6875,""occupancy_max"":5,""occupancy_mean"":5.0,""occupancy_min"":5,""occupancy_variance"":0.0,""path"":""/home/nagan/autosbd-sc26-rg/data/derived/phase_b_prefixes/h2o/AlphaDets_n0275.txt"",""sha256"":""ea94906047a1d081d493066478e9f009c07cb4286541f1781060081205fd5a67"",""unique_count"":275},""beta"":{""bit_length"":24,""count"":275,""file_bytes"":6875,""occupancy_max"":5,""occupancy_mean"":5.0,""occupancy_min"":5,""occupancy_variance"":0.0,""path"":""/home/nagan/autosbd-sc26-rg/data/derived/phase_b_prefixes/h2o/AlphaDets_n0275.txt"",""sha256"":""ea94906047a1d081d493066478e9f009c07cb4286541f1781060081205fd5a67"",""unique_count"":275},""beta_reuses_alpha"":true,""combined_input_sha256"":""ee17c38802ca7e869797f014dbc4957e7b589cc2cb8e2f2068c37fc2af1a150d"",""connectivity"":{""alpha"":{""determinants"":275,""directed_double_edges"":29706,""directed_single_edges"":4860,""double_degree_max"":193,""double_degree_mean"":108.02181818181818,""double_degree_min"":39,""double_edge_density"":0.39424021234240214,""single_degree_max"":77,""single_degree_mean"":17.672727272727272,""single_degree_min"":4,""single_edge_density"":0.06449900464499005,""unordered_pair_comparisons"":37675},""beta"":{""determinants"":275,""directed_double_edges"":29706,""directed_single_edges"":4860,""double_degree_max"":193,""double_degree_mean"":108.02181818181818,""double_degree_min"":39,""double_edge_density"":0.39424021234240214,""single_degree_max"":77,""single_degree_mean"":17.672727272727272,""single_degree_min"":4,""single_edge_density"":0.06449900464499005,""unordered_pair_comparisons"":37675},""pair_comparisons"":75350},""connectivity_pair_limit"":1000000,""fcidump"":{""compact_two_electron_slots"":45150,""core_integrals"":1,""exact_zero_integrals"":0,""file_bytes"":1124056,""integral_records"":26647,""isym"":1,""max_abs_integral"":33.02799415966381,""ms2"":0,""n_electrons"":10,""n_orbitals"":24,""one_electron_integrals"":202,""orbsym"":[1,1,1,1,1,1,1,1,1,1,1,1,1,1,1,1,1,1,1,1,1,1,1,1],""path"":""/home/nagan/autosbd-sc26-rg/external/riken-sbd/data/h2o/fcidump.txt"",""sha256"":""a3c2302834a33dce7260e8050a3f5180e05dbba1bb748f3e2f6410a7eacbd94d"",""source_integral_doubles"":48606,""sum_abs_integrals"":783.0966481208136,""two_electron_fill_density"":0.5856921373200443,""two_electron_integrals"":26444},""log1p_method0_work_proxy"":17.569862300244623,""log1p_n_configurations"":11.233555418386214,""method0_work_proxy"":42706525,""n_configurations"":75625}"
2b07a38d443ca1f2f1a20f6bbcd354909d091b774c59bc32a28b93fd0a35bd43,fc588d790826b08292514aa79207aa63422c802944ab267b76cd7e7c2f2ad9c0,0,2026-08-01T17:13:19.679552Z,2026-08-01T17:13:30.706871Z,true,,measured,1,h2o,H2O,cc-pVDZ,h2o-prefix-0275,ee17c38802ca7e869797f014dbc4957e7b589cc2cb8e2f2068c37fc2af1a150d,amd-cpu-16,cpu,16,10.966416295006638,9.877887,0.007793999999999999,,,24,275,275,75625,42706525,41.33984375,,"{""alpha"":{""bit_length"":24,""count"":275,""file_bytes"":6875,""occupancy_max"":5,""occupancy_mean"":5.0,""occupancy_min"":5,""occupancy_variance"":0.0,""path"":""/home/nagan/autosbd-sc26-rg/data/derived/phase_b_prefixes/h2o/AlphaDets_n0275.txt"",""sha256"":""ea94906047a1d081d493066478e9f009c07cb4286541f1781060081205fd5a67"",""unique_count"":275},""beta"":{""bit_length"":24,""count"":275,""file_bytes"":6875,""occupancy_max"":5,""occupancy_mean"":5.0,""occupancy_min"":5,""occupancy_variance"":0.0,""path"":""/home/nagan/autosbd-sc26-rg/data/derived/phase_b_prefixes/h2o/AlphaDets_n0275.txt"",""sha256"":""ea94906047a1d081d493066478e9f009c07cb4286541f1781060081205fd5a67"",""unique_count"":275},""beta_reuses_alpha"":true,""combined_input_sha256"":""ee17c38802ca7e869797f014dbc4957e7b589cc2cb8e2f2068c37fc2af1a150d"",""connectivity"":{""alpha"":{""determinants"":275,""directed_double_edges"":29706,""directed_single_edges"":4860,""double_degree_max"":193,""double_degree_mean"":108.02181818181818,""double_degree_min"":39,""double_edge_density"":0.39424021234240214,""single_degree_max"":77,""single_degree_mean"":17.672727272727272,""single_degree_min"":4,""single_edge_density"":0.06449900464499005,""unordered_pair_comparisons"":37675},""beta"":{""determinants"":275,""directed_double_edges"":29706,""directed_single_edges"":4860,""double_degree_max"":193,""double_degree_mean"":108.02181818181818,""double_degree_min"":39,""double_edge_density"":0.39424021234240214,""single_degree_max"":77,""single_degree_mean"":17.672727272727272,""single_degree_min"":4,""single_edge_density"":0.06449900464499005,""unordered_pair_comparisons"":37675},""pair_comparisons"":75350},""connectivity_pair_limit"":1000000,""fcidump"":{""compact_two_electron_slots"":45150,""core_integrals"":1,""exact_zero_integrals"":0,""file_bytes"":1124056,""integral_records"":26647,""isym"":1,""max_abs_integral"":33.02799415966381,""ms2"":0,""n_electrons"":10,""n_orbitals"":24,""one_electron_integrals"":202,""orbsym"":[1,1,1,1,1,1,1,1,1,1,1,1,1,1,1,1,1,1,1,1,1,1,1,1],""path"":""/home/nagan/autosbd-sc26-rg/external/riken-sbd/data/h2o/fcidump.txt"",""sha256"":""a3c2302834a33dce7260e8050a3f5180e05dbba1bb748f3e2f6410a7eacbd94d"",""source_integral_doubles"":48606,""sum_abs_integrals"":783.0966481208136,""two_electron_fill_density"":0.5856921373200443,""two_electron_integrals"":26444},""log1p_method0_work_proxy"":17.569862300244623,""log1p_n_configurations"":11.233555418386214,""method0_work_proxy"":42706525,""n_configurations"":75625}"
eb300730e763371342c37c6f4e483bd7ee2a2bc8258a43240985ac818dee59bd,1b5bded9310129ec634fd4fd9102ad092f07a81e6f48839cb3a426078c0c96ac,0,2026-08-01T17:13:30.777527Z,2026-08-01T17:13:36.774692Z,true,,measured,2,n2,N2,6-31G,n2-prefix-0239,6976b0d5793326781b16b53b6ff8d7c76068bdd016bdd29aa4cbee3e6aab0deb,amd-cpu-16,cpu,16,5.936789495986886,5.149516999999999,0.006439,,,18,239,239,57121,26354153,35.234375,,"{""alpha"":{""bit_length"":18,""count"":239,""file_bytes"":4541,""occupancy_max"":7,""occupancy_mean"":7.0,""occupancy_min"":7,""occupancy_variance"":0.0,""path"":""/home/nagan/autosbd-sc26-rg/data/derived/phase_b_prefixes/n2/AlphaDets_n0239.txt"",""sha256"":""73a28f6e6a26b06fbf4accf704f4112dca36ea53fe52ec40ed6379644b218dd2"",""unique_count"":239},""beta"":{""bit_length"":18,""count"":239,""file_bytes"":4541,""occupancy_max"":7,""occupancy_mean"":7.0,""occupancy_min"":7,""occupancy_variance"":0.0,""path"":""/home/nagan/autosbd-sc26-rg/data/derived/phase_b_prefixes/n2/AlphaDets_n0239.txt"",""sha256"":""73a28f6e6a26b06fbf4accf704f4112dca36ea53fe52ec40ed6379644b218dd2"",""unique_count"":239},""beta_reuses_alpha"":true,""combined_input_sha256"":""6976b0d5793326781b16b53b6ff8d7c76068bdd016bdd29aa4cbee3e6aab0deb"",""connectivity"":{""alpha"":{""determinants"":239,""directed_double_edges"":19984,""directed_single_edges"":3860,""double_degree_max"":168,""double_degree_mean"":83.61506276150628,""double_degree_min"":36,""double_edge_density"":0.3513237931155726,""single_degree_max"":57,""single_degree_mean"":16.15062761506276,""single_degree_min"":4,""single_edge_density"":0.06785977989522168,""unordered_pair_comparisons"":28441},""beta"":{""determinants"":239,""directed_double_edges"":19984,""directed_single_edges"":3860,""double_degree_max"":168,""double_degree_mean"":83.61506276150628,""double_degree_min"":36,""double_edge_density"":0.3513237931155726,""single_degree_max"":57,""single_degree_mean"":16.15062761506276,""single_degree_min"":4,""single_edge_density"":0.06785977989522168,""unordered_pair_comparisons"":28441},""pair_comparisons"":56882},""connectivity_pair_limit"":1000000,""fcidump"":{""compact_two_electron_slots"":14706,""core_integrals"":1,""exact_zero_integrals"":0,""file_bytes"":437951,""integral_records"":10325,""isym"":1,""max_abs_integral"":28.13104666664194,""ms2"":0,""n_electrons"":14,""n_orbitals"":18,""one_electron_integrals"":122,""orbsym"":[1,1,1,1,1,1,1,1,1,1,1,1,1,1,1,1,1,1],""path"":""/home/nagan/autosbd-sc26-rg/external/riken-sbd/data/n2/fcidump.txt"",""sha256"":""dee67eb5e8aee2f099953a52d7910db59bc7b284ad03a8fa7ffd2a4ba8efcf33"",""source_integral_doubles"":16650,""sum_abs_integrals"":500.99976876026955,""two_electron_fill_density"":0.6937304501563988,""two_electron_integrals"":10202},""log1p_method0_work_proxy"":17.087136467585477,""log1p_n_configurations"":10.952944610406092,""method0_work_proxy"":26354153,""n_configurations"":57121}"
3acea955b615644c703406ffb6b800259b30d66535f322a4fe253d9b2a0701a0,6819ae6d74cd494d3151f7e57051ac5864464d8b00eb1fcbf3fb8b31dab8d2c6,0,2026-08-01T17:13:36.848595Z,2026-08-01T17:13:38.219098Z,true,,measured,2,n2,N2,6-31G,n2-prefix-0239,6976b0d5793326781b16b53b6ff8d7c76068bdd016bdd29aa4cbee3e6aab0deb,amd-l4-default,gpu,1,1.3086300879949704,0.443302,0.016383,,,18,239,239,57121,26354153,131.49609375,194.0,"{""alpha"":{""bit_length"":18,""count"":239,""file_bytes"":4541,""occupancy_max"":7,""occupancy_mean"":7.0,""occupancy_min"":7,""occupancy_variance"":0.0,""path"":""/home/nagan/autosbd-sc26-rg/data/derived/phase_b_prefixes/n2/AlphaDets_n0239.txt"",""sha256"":""73a28f6e6a26b06fbf4accf704f4112dca36ea53fe52ec40ed6379644b218dd2"",""unique_count"":239},""beta"":{""bit_length"":18,""count"":239,""file_bytes"":4541,""occupancy_max"":7,""occupancy_mean"":7.0,""occupancy_min"":7,""occupancy_variance"":0.0,""path"":""/home/nagan/autosbd-sc26-rg/data/derived/phase_b_prefixes/n2/AlphaDets_n0239.txt"",""sha256"":""73a28f6e6a26b06fbf4accf704f4112dca36ea53fe52ec40ed6379644b218dd2"",""unique_count"":239},""beta_reuses_alpha"":true,""combined_input_sha256"":""6976b0d5793326781b16b53b6ff8d7c76068bdd016bdd29aa4cbee3e6aab0deb"",""connectivity"":{""alpha"":{""determinants"":239,""directed_double_edges"":19984,""directed_single_edges"":3860,""double_degree_max"":168,""double_degree_mean"":83.61506276150628,""double_degree_min"":36,""double_edge_density"":0.3513237931155726,""single_degree_max"":57,""single_degree_mean"":16.15062761506276,""single_degree_min"":4,""single_edge_density"":0.06785977989522168,""unordered_pair_comparisons"":28441},""beta"":{""determinants"":239,""directed_double_edges"":19984,""directed_single_edges"":3860,""double_degree_max"":168,""double_degree_mean"":83.61506276150628,""double_degree_min"":36,""double_edge_density"":0.3513237931155726,""single_degree_max"":57,""single_degree_mean"":16.15062761506276,""single_degree_min"":4,""single_edge_density"":0.06785977989522168,""unordered_pair_comparisons"":28441},""pair_comparisons"":56882},""connectivity_pair_limit"":1000000,""fcidump"":{""compact_two_electron_slots"":14706,""core_integrals"":1,""exact_zero_integrals"":0,""file_bytes"":437951,""integral_records"":10325,""isym"":1,""max_abs_integral"":28.13104666664194,""ms2"":0,""n_electrons"":14,""n_orbitals"":18,""one_electron_integrals"":122,""orbsym"":[1,1,1,1,1,1,1,1,1,1,1,1,1,1,1,1,1,1],""path"":""/home/nagan/autosbd-sc26-rg/external/riken-sbd/data/n2/fcidump.txt"",""sha256"":""dee67eb5e8aee2f099953a52d7910db59bc7b284ad03a8fa7ffd2a4ba8efcf33"",""source_integral_doubles"":16650,""sum_abs_integrals"":500.99976876026955,""two_electron_fill_density"":0.6937304501563988,""two_electron_integrals"":10202},""log1p_method0_work_proxy"":17.087136467585477,""log1p_n_configurations"":10.952944610406092,""method0_work_proxy"":26354153,""n_configurations"":57121}"
71503a2b5312643bed3c9dc1ec8253ad2470b441f1744f998ae7021f6d235d71,90353a9f017275b6db565127480aea0d187d003dbc6c74b2fc52427cab9a5bb5,0,2026-08-01T17:13:38.363674Z,2026-08-01T17:13:49.492103Z,true,,measured,2,h2o,H2O,cc-pVDZ,h2o-prefix-0275,ee17c38802ca7e869797f014dbc4957e7b589cc2cb8e2f2068c37fc2af1a150d,amd-cpu-16,cpu,16,11.067396541999187,9.958027,0.007529999999999999,,,24,275,275,75625,42706525,41.40234375,,"{""alpha"":{""bit_length"":24,""count"":275,""file_bytes"":6875,""occupancy_max"":5,""occupancy_mean"":5.0,""occupancy_min"":5,""occupancy_variance"":0.0,""path"":""/home/nagan/autosbd-sc26-rg/data/derived/phase_b_prefixes/h2o/AlphaDets_n0275.txt"",""sha256"":""ea94906047a1d081d493066478e9f009c07cb4286541f1781060081205fd5a67"",""unique_count"":275},""beta"":{""bit_length"":24,""count"":275,""file_bytes"":6875,""occupancy_max"":5,""occupancy_mean"":5.0,""occupancy_min"":5,""occupancy_variance"":0.0,""path"":""/home/nagan/autosbd-sc26-rg/data/derived/phase_b_prefixes/h2o/AlphaDets_n0275.txt"",""sha256"":""ea94906047a1d081d493066478e9f009c07cb4286541f1781060081205fd5a67"",""unique_count"":275},""beta_reuses_alpha"":true,""combined_input_sha256"":""ee17c38802ca7e869797f014dbc4957e7b589cc2cb8e2f2068c37fc2af1a150d"",""connectivity"":{""alpha"":{""determinants"":275,""directed_double_edges"":29706,""directed_single_edges"":4860,""double_degree_max"":193,""double_degree_mean"":108.02181818181818,""double_degree_min"":39,""double_edge_density"":0.39424021234240214,""single_degree_max"":77,""single_degree_mean"":17.672727272727272,""single_degree_min"":4,""single_edge_density"":0.06449900464499005,""unordered_pair_comparisons"":37675},""beta"":{""determinants"":275,""directed_double_edges"":29706,""directed_single_edges"":4860,""double_degree_max"":193,""double_degree_mean"":108.02181818181818,""double_degree_min"":39,""double_edge_density"":0.39424021234240214,""single_degree_max"":77,""single_degree_mean"":17.672727272727272,""single_degree_min"":4,""single_edge_density"":0.06449900464499005,""unordered_pair_comparisons"":37675},""pair_comparisons"":75350},""connectivity_pair_limit"":1000000,""fcidump"":{""compact_two_electron_slots"":45150,""core_integrals"":1,""exact_zero_integrals"":0,""file_bytes"":1124056,""integral_records"":26647,""isym"":1,""max_abs_integral"":33.02799415966381,""ms2"":0,""n_electrons"":10,""n_orbitals"":24,""one_electron_integrals"":202,""orbsym"":[1,1,1,1,1,1,1,1,1,1,1,1,1,1,1,1,1,1,1,1,1,1,1,1],""path"":""/home/nagan/autosbd-sc26-rg/external/riken-sbd/data/h2o/fcidump.txt"",""sha256"":""a3c2302834a33dce7260e8050a3f5180e05dbba1bb748f3e2f6410a7eacbd94d"",""source_integral_doubles"":48606,""sum_abs_integrals"":783.0966481208136,""two_electron_fill_density"":0.5856921373200443,""two_electron_integrals"":26444},""log1p_method0_work_proxy"":17.569862300244623,""log1p_n_configurations"":11.233555418386214,""method0_work_proxy"":42706525,""n_configurations"":75625}"
5db7ce68d7087cfcfdd35e6c9c0eafe8d4f6af8c69237ff7fe4a4aba49d62d40,ede97c3962283aaab048403f65af5f378bbb7e25a8fb977fb29a4ae230a72356,0,2026-08-01T17:13:49.643079Z,2026-08-01T17:13:51.463003Z,true,,measured,2,h2o,H2O,cc-pVDZ,h2o-prefix-0275,ee17c38802ca7e869797f014dbc4957e7b589cc2cb8e2f2068c37fc2af1a150d,amd-l4-default,gpu,1,1.7549826100002974,0.868095,0.025843,,,24,275,275,75625,42706525,138.05859375,196.0,"{""alpha"":{""bit_length"":24,""count"":275,""file_bytes"":6875,""occupancy_max"":5,""occupancy_mean"":5.0,""occupancy_min"":5,""occupancy_variance"":0.0,""path"":""/home/nagan/autosbd-sc26-rg/data/derived/phase_b_prefixes/h2o/AlphaDets_n0275.txt"",""sha256"":""ea94906047a1d081d493066478e9f009c07cb4286541f1781060081205fd5a67"",""unique_count"":275},""beta"":{""bit_length"":24,""count"":275,""file_bytes"":6875,""occupancy_max"":5,""occupancy_mean"":5.0,""occupancy_min"":5,""occupancy_variance"":0.0,""path"":""/home/nagan/autosbd-sc26-rg/data/derived/phase_b_prefixes/h2o/AlphaDets_n0275.txt"",""sha256"":""ea94906047a1d081d493066478e9f009c07cb4286541f1781060081205fd5a67"",""unique_count"":275},""beta_reuses_alpha"":true,""combined_input_sha256"":""ee17c38802ca7e869797f014dbc4957e7b589cc2cb8e2f2068c37fc2af1a150d"",""connectivity"":{""alpha"":{""determinants"":275,""directed_double_edges"":29706,""directed_single_edges"":4860,""double_degree_max"":193,""double_degree_mean"":108.02181818181818,""double_degree_min"":39,""double_edge_density"":0.39424021234240214,""single_degree_max"":77,""single_degree_mean"":17.672727272727272,""single_degree_min"":4,""single_edge_density"":0.06449900464499005,""unordered_pair_comparisons"":37675},""beta"":{""determinants"":275,""directed_double_edges"":29706,""directed_single_edges"":4860,""double_degree_max"":193,""double_degree_mean"":108.02181818181818,""double_degree_min"":39,""double_edge_density"":0.39424021234240214,""single_degree_max"":77,""single_degree_mean"":17.672727272727272,""single_degree_min"":4,""single_edge_density"":0.06449900464499005,""unordered_pair_comparisons"":37675},""pair_comparisons"":75350},""connectivity_pair_limit"":1000000,""fcidump"":{""compact_two_electron_slots"":45150,""core_integrals"":1,""exact_zero_integrals"":0,""file_bytes"":1124056,""integral_records"":26647,""isym"":1,""max_abs_integral"":33.02799415966381,""ms2"":0,""n_electrons"":10,""n_orbitals"":24,""one_electron_integrals"":202,""orbsym"":[1,1,1,1,1,1,1,1,1,1,1,1,1,1,1,1,1,1,1,1,1,1,1,1],""path"":""/home/nagan/autosbd-sc26-rg/external/riken-sbd/data/h2o/fcidump.txt"",""sha256"":""a3c2302834a33dce7260e8050a3f5180e05dbba1bb748f3e2f6410a7eacbd94d"",""source_integral_doubles"":48606,""sum_abs_integrals"":783.0966481208136,""two_electron_fill_density"":0.5856921373200443,""two_electron_integrals"":26444},""log1p_method0_work_proxy"":17.569862300244623,""log1p_n_configurations"":11.233555418386214,""method0_work_proxy"":42706525,""n_configurations"":75625}"
d39eefaf40d0b2e1003676ddedb26a9a037f5ff08454f03b4b426adf2c3b18db,cf18984203ec1ef11a3b9f583266df72cd4111e8f24a99b1156b41cc7cd92418,0,2026-08-01T17:13:51.536654Z,2026-08-01T17:13:52.861614Z,true,,measured,3,n2,N2,6-31G,n2-prefix-0239,6976b0d5793326781b16b53b6ff8d7c76068bdd016bdd29aa4cbee3e6aab0deb,amd-l4-default,gpu,1,1.2690359309926862,0.440783,0.015983999999999998,,,18,239,239,57121,26354153,131.3515625,194.0,"{""alpha"":{""bit_length"":18,""count"":239,""file_bytes"":4541,""occupancy_max"":7,""occupancy_mean"":7.0,""occupancy_min"":7,""occupancy_variance"":0.0,""path"":""/home/nagan/autosbd-sc26-rg/data/derived/phase_b_prefixes/n2/AlphaDets_n0239.txt"",""sha256"":""73a28f6e6a26b06fbf4accf704f4112dca36ea53fe52ec40ed6379644b218dd2"",""unique_count"":239},""beta"":{""bit_length"":18,""count"":239,""file_bytes"":4541,""occupancy_max"":7,""occupancy_mean"":7.0,""occupancy_min"":7,""occupancy_variance"":0.0,""path"":""/home/nagan/autosbd-sc26-rg/data/derived/phase_b_prefixes/n2/AlphaDets_n0239.txt"",""sha256"":""73a28f6e6a26b06fbf4accf704f4112dca36ea53fe52ec40ed6379644b218dd2"",""unique_count"":239},""beta_reuses_alpha"":true,""combined_input_sha256"":""6976b0d5793326781b16b53b6ff8d7c76068bdd016bdd29aa4cbee3e6aab0deb"",""connectivity"":{""alpha"":{""determinants"":239,""directed_double_edges"":19984,""directed_single_edges"":3860,""double_degree_max"":168,""double_degree_mean"":83.61506276150628,""double_degree_min"":36,""double_edge_density"":0.3513237931155726,""single_degree_max"":57,""single_degree_mean"":16.15062761506276,""single_degree_min"":4,""single_edge_density"":0.06785977989522168,""unordered_pair_comparisons"":28441},""beta"":{""determinants"":239,""directed_double_edges"":19984,""directed_single_edges"":3860,""double_degree_max"":168,""double_degree_mean"":83.61506276150628,""double_degree_min"":36,""double_edge_density"":0.3513237931155726,""single_degree_max"":57,""single_degree_mean"":16.15062761506276,""single_degree_min"":4,""single_edge_density"":0.06785977989522168,""unordered_pair_comparisons"":28441},""pair_comparisons"":56882},""connectivity_pair_limit"":1000000,""fcidump"":{""compact_two_electron_slots"":14706,""core_integrals"":1,""exact_zero_integrals"":0,""file_bytes"":437951,""integral_records"":10325,""isym"":1,""max_abs_integral"":28.13104666664194,""ms2"":0,""n_electrons"":14,""n_orbitals"":18,""one_electron_integrals"":122,""orbsym"":[1,1,1,1,1,1,1,1,1,1,1,1,1,1,1,1,1,1],""path"":""/home/nagan/autosbd-sc26-rg/external/riken-sbd/data/n2/fcidump.txt"",""sha256"":""dee67eb5e8aee2f099953a52d7910db59bc7b284ad03a8fa7ffd2a4ba8efcf33"",""source_integral_doubles"":16650,""sum_abs_integrals"":500.99976876026955,""two_electron_fill_density"":0.6937304501563988,""two_electron_integrals"":10202},""log1p_method0_work_proxy"":17.087136467585477,""log1p_n_configurations"":10.952944610406092,""method0_work_proxy"":26354153,""n_configurations"":57121}"
0bdc1b103bd33f9625c381f614ddcbc2cdd6cba98c6301079a3d72edb1cec787,775995f3778d2920e23eafd6b5054930ba296997eb745513e031573d834eba75,0,2026-08-01T17:13:52.931044Z,2026-08-01T17:13:58.922392Z,true,,measured,3,n2,N2,6-31G,n2-prefix-0239,6976b0d5793326781b16b53b6ff8d7c76068bdd016bdd29aa4cbee3e6aab0deb,amd-cpu-16,cpu,16,5.936818200003472,5.150327,0.006191,,,18,239,239,57121,26354153,35.34765625,,"{""alpha"":{""bit_length"":18,""count"":239,""file_bytes"":4541,""occupancy_max"":7,""occupancy_mean"":7.0,""occupancy_min"":7,""occupancy_variance"":0.0,""path"":""/home/nagan/autosbd-sc26-rg/data/derived/phase_b_prefixes/n2/AlphaDets_n0239.txt"",""sha256"":""73a28f6e6a26b06fbf4accf704f4112dca36ea53fe52ec40ed6379644b218dd2"",""unique_count"":239},""beta"":{""bit_length"":18,""count"":239,""file_bytes"":4541,""occupancy_max"":7,""occupancy_mean"":7.0,""occupancy_min"":7,""occupancy_variance"":0.0,""path"":""/home/nagan/autosbd-sc26-rg/data/derived/phase_b_prefixes/n2/AlphaDets_n0239.txt"",""sha256"":""73a28f6e6a26b06fbf4accf704f4112dca36ea53fe52ec40ed6379644b218dd2"",""unique_count"":239},""beta_reuses_alpha"":true,""combined_input_sha256"":""6976b0d5793326781b16b53b6ff8d7c76068bdd016bdd29aa4cbee3e6aab0deb"",""connectivity"":{""alpha"":{""determinants"":239,""directed_double_edges"":19984,""directed_single_edges"":3860,""double_degree_max"":168,""double_degree_mean"":83.61506276150628,""double_degree_min"":36,""double_edge_density"":0.3513237931155726,""single_degree_max"":57,""single_degree_mean"":16.15062761506276,""single_degree_min"":4,""single_edge_density"":0.06785977989522168,""unordered_pair_comparisons"":28441},""beta"":{""determinants"":239,""directed_double_edges"":19984,""directed_single_edges"":3860,""double_degree_max"":168,""double_degree_mean"":83.61506276150628,""double_degree_min"":36,""double_edge_density"":0.3513237931155726,""single_degree_max"":57,""single_degree_mean"":16.15062761506276,""single_degree_min"":4,""single_edge_density"":0.06785977989522168,""unordered_pair_comparisons"":28441},""pair_comparisons"":56882},""connectivity_pair_limit"":1000000,""fcidump"":{""compact_two_electron_slots"":14706,""core_integrals"":1,""exact_zero_integrals"":0,""file_bytes"":437951,""integral_records"":10325,""isym"":1,""max_abs_integral"":28.13104666664194,""ms2"":0,""n_electrons"":14,""n_orbitals"":18,""one_electron_integrals"":122,""orbsym"":[1,1,1,1,1,1,1,1,1,1,1,1,1,1,1,1,1,1],""path"":""/home/nagan/autosbd-sc26-rg/external/riken-sbd/data/n2/fcidump.txt"",""sha256"":""dee67eb5e8aee2f099953a52d7910db59bc7b284ad03a8fa7ffd2a4ba8efcf33"",""source_integral_doubles"":16650,""sum_abs_integrals"":500.99976876026955,""two_electron_fill_density"":0.6937304501563988,""two_electron_integrals"":10202},""log1p_method0_work_proxy"":17.087136467585477,""log1p_n_configurations"":10.952944610406092,""method0_work_proxy"":26354153,""n_configurations"":57121}"
f3f8dd019f089dfb7d535bcb2dc083625d6c9f0f7a72f96951a89192904d4baa,ab3a580d3d40589588a30b79a5463df0845519dc3f5c39ab9fb9ab4e70b1a4dc,0,2026-08-01T17:13:59.069717Z,2026-08-01T17:14:00.891664Z,true,,measured,3,h2o,H2O,cc-pVDZ,h2o-prefix-0275,ee17c38802ca7e869797f014dbc4957e7b589cc2cb8e2f2068c37fc2af1a150d,amd-l4-default,gpu,1,1.756641137006227,0.8655079999999999,0.026044,,,24,275,275,75625,42706525,138.0625,196.0,"{""alpha"":{""bit_length"":24,""count"":275,""file_bytes"":6875,""occupancy_max"":5,""occupancy_mean"":5.0,""occupancy_min"":5,""occupancy_variance"":0.0,""path"":""/home/nagan/autosbd-sc26-rg/data/derived/phase_b_prefixes/h2o/AlphaDets_n0275.txt"",""sha256"":""ea94906047a1d081d493066478e9f009c07cb4286541f1781060081205fd5a67"",""unique_count"":275},""beta"":{""bit_length"":24,""count"":275,""file_bytes"":6875,""occupancy_max"":5,""occupancy_mean"":5.0,""occupancy_min"":5,""occupancy_variance"":0.0,""path"":""/home/nagan/autosbd-sc26-rg/data/derived/phase_b_prefixes/h2o/AlphaDets_n0275.txt"",""sha256"":""ea94906047a1d081d493066478e9f009c07cb4286541f1781060081205fd5a67"",""unique_count"":275},""beta_reuses_alpha"":true,""combined_input_sha256"":""ee17c38802ca7e869797f014dbc4957e7b589cc2cb8e2f2068c37fc2af1a150d"",""connectivity"":{""alpha"":{""determinants"":275,""directed_double_edges"":29706,""directed_single_edges"":4860,""double_degree_max"":193,""double_degree_mean"":108.02181818181818,""double_degree_min"":39,""double_edge_density"":0.39424021234240214,""single_degree_max"":77,""single_degree_mean"":17.672727272727272,""single_degree_min"":4,""single_edge_density"":0.06449900464499005,""unordered_pair_comparisons"":37675},""beta"":{""determinants"":275,""directed_double_edges"":29706,""directed_single_edges"":4860,""double_degree_max"":193,""double_degree_mean"":108.02181818181818,""double_degree_min"":39,""double_edge_density"":0.39424021234240214,""single_degree_max"":77,""single_degree_mean"":17.672727272727272,""single_degree_min"":4,""single_edge_density"":0.06449900464499005,""unordered_pair_comparisons"":37675},""pair_comparisons"":75350},""connectivity_pair_limit"":1000000,""fcidump"":{""compact_two_electron_slots"":45150,""core_integrals"":1,""exact_zero_integrals"":0,""file_bytes"":1124056,""integral_records"":26647,""isym"":1,""max_abs_integral"":33.02799415966381,""ms2"":0,""n_electrons"":10,""n_orbitals"":24,""one_electron_integrals"":202,""orbsym"":[1,1,1,1,1,1,1,1,1,1,1,1,1,1,1,1,1,1,1,1,1,1,1,1],""path"":""/home/nagan/autosbd-sc26-rg/external/riken-sbd/data/h2o/fcidump.txt"",""sha256"":""a3c2302834a33dce7260e8050a3f5180e05dbba1bb748f3e2f6410a7eacbd94d"",""source_integral_doubles"":48606,""sum_abs_integrals"":783.0966481208136,""two_electron_fill_density"":0.5856921373200443,""two_electron_integrals"":26444},""log1p_method0_work_proxy"":17.569862300244623,""log1p_n_configurations"":11.233555418386214,""method0_work_proxy"":42706525,""n_configurations"":75625}"
9c595a73561659cee3d81d47d3d726475d063e4ce1a2f7338d22aca81214644a,704c518ccb02e4a92be915bddbb322627f1fb095112bfbdd1f8df5ae07d9f368,0,2026-08-01T17:14:01.035403Z,2026-08-01T17:14:11.960775Z,true,,measured,3,h2o,H2O,cc-pVDZ,h2o-prefix-0275,ee17c38802ca7e869797f014dbc4957e7b589cc2cb8e2f2068c37fc2af1a150d,amd-cpu-16,cpu,16,10.864549316000193,9.802095999999999,0.007814,,,24,275,275,75625,42706525,41.4140625,,"{""alpha"":{""bit_length"":24,""count"":275,""file_bytes"":6875,""occupancy_max"":5,""occupancy_mean"":5.0,""occupancy_min"":5,""occupancy_variance"":0.0,""path"":""/home/nagan/autosbd-sc26-rg/data/derived/phase_b_prefixes/h2o/AlphaDets_n0275.txt"",""sha256"":""ea94906047a1d081d493066478e9f009c07cb4286541f1781060081205fd5a67"",""unique_count"":275},""beta"":{""bit_length"":24,""count"":275,""file_bytes"":6875,""occupancy_max"":5,""occupancy_mean"":5.0,""occupancy_min"":5,""occupancy_variance"":0.0,""path"":""/home/nagan/autosbd-sc26-rg/data/derived/phase_b_prefixes/h2o/AlphaDets_n0275.txt"",""sha256"":""ea94906047a1d081d493066478e9f009c07cb4286541f1781060081205fd5a67"",""unique_count"":275},""beta_reuses_alpha"":true,""combined_input_sha256"":""ee17c38802ca7e869797f014dbc4957e7b589cc2cb8e2f2068c37fc2af1a150d"",""connectivity"":{""alpha"":{""determinants"":275,""directed_double_edges"":29706,""directed_single_edges"":4860,""double_degree_max"":193,""double_degree_mean"":108.02181818181818,""double_degree_min"":39,""double_edge_density"":0.39424021234240214,""single_degree_max"":77,""single_degree_mean"":17.672727272727272,""single_degree_min"":4,""single_edge_density"":0.06449900464499005,""unordered_pair_comparisons"":37675},""beta"":{""determinants"":275,""directed_double_edges"":29706,""directed_single_edges"":4860,""double_degree_max"":193,""double_degree_mean"":108.02181818181818,""double_degree_min"":39,""double_edge_density"":0.39424021234240214,""single_degree_max"":77,""single_degree_mean"":17.672727272727272,""single_degree_min"":4,""single_edge_density"":0.06449900464499005,""unordered_pair_comparisons"":37675},""pair_comparisons"":75350},""connectivity_pair_limit"":1000000,""fcidump"":{""compact_two_electron_slots"":45150,""core_integrals"":1,""exact_zero_integrals"":0,""file_bytes"":1124056,""integral_records"":26647,""isym"":1,""max_abs_integral"":33.02799415966381,""ms2"":0,""n_electrons"":10,""n_orbitals"":24,""one_electron_integrals"":202,""orbsym"":[1,1,1,1,1,1,1,1,1,1,1,1,1,1,1,1,1,1,1,1,1,1,1,1],""path"":""/home/nagan/autosbd-sc26-rg/external/riken-sbd/data/h2o/fcidump.txt"",""sha256"":""a3c2302834a33dce7260e8050a3f5180e05dbba1bb748f3e2f6410a7eacbd94d"",""source_integral_doubles"":48606,""sum_abs_integrals"":783.0966481208136,""two_electron_fill_density"":0.5856921373200443,""two_electron_integrals"":26444},""log1p_method0_work_proxy"":17.569862300244623,""log1p_n_configurations"":11.233555418386214,""method0_work_proxy"":42706525,""n_configurations"":75625}"
2d41266af477d282f2eae0566e503f29d9c7c5b02cd0eaa508beab472e0227f1,2cbaf860644600921965e2456170514d0130ddb26e8cb39a87f8b865026adf17,0,2026-08-01T17:14:12.034945Z,2026-08-01T17:14:13.405207Z,true,,measured,4,n2,N2,6-31G,n2-prefix-0239,6976b0d5793326781b16b53b6ff8d7c76068bdd016bdd29aa4cbee3e6aab0deb,amd-l4-default,gpu,1,1.3086048010009108,0.445859,0.016242,,,18,239,239,57121,26354153,131.4453125,194.0,"{""alpha"":{""bit_length"":18,""count"":239,""file_bytes"":4541,""occupancy_max"":7,""occupancy_mean"":7.0,""occupancy_min"":7,""occupancy_variance"":0.0,""path"":""/home/nagan/autosbd-sc26-rg/data/derived/phase_b_prefixes/n2/AlphaDets_n0239.txt"",""sha256"":""73a28f6e6a26b06fbf4accf704f4112dca36ea53fe52ec40ed6379644b218dd2"",""unique_count"":239},""beta"":{""bit_length"":18,""count"":239,""file_bytes"":4541,""occupancy_max"":7,""occupancy_mean"":7.0,""occupancy_min"":7,""occupancy_variance"":0.0,""path"":""/home/nagan/autosbd-sc26-rg/data/derived/phase_b_prefixes/n2/AlphaDets_n0239.txt"",""sha256"":""73a28f6e6a26b06fbf4accf704f4112dca36ea53fe52ec40ed6379644b218dd2"",""unique_count"":239},""beta_reuses_alpha"":true,""combined_input_sha256"":""6976b0d5793326781b16b53b6ff8d7c76068bdd016bdd29aa4cbee3e6aab0deb"",""connectivity"":{""alpha"":{""determinants"":239,""directed_double_edges"":19984,""directed_single_edges"":3860,""double_degree_max"":168,""double_degree_mean"":83.61506276150628,""double_degree_min"":36,""double_edge_density"":0.3513237931155726,""single_degree_max"":57,""single_degree_mean"":16.15062761506276,""single_degree_min"":4,""single_edge_density"":0.06785977989522168,""unordered_pair_comparisons"":28441},""beta"":{""determinants"":239,""directed_double_edges"":19984,""directed_single_edges"":3860,""double_degree_max"":168,""double_degree_mean"":83.61506276150628,""double_degree_min"":36,""double_edge_density"":0.3513237931155726,""single_degree_max"":57,""single_degree_mean"":16.15062761506276,""single_degree_min"":4,""single_edge_density"":0.06785977989522168,""unordered_pair_comparisons"":28441},""pair_comparisons"":56882},""connectivity_pair_limit"":1000000,""fcidump"":{""compact_two_electron_slots"":14706,""core_integrals"":1,""exact_zero_integrals"":0,""file_bytes"":437951,""integral_records"":10325,""isym"":1,""max_abs_integral"":28.13104666664194,""ms2"":0,""n_electrons"":14,""n_orbitals"":18,""one_electron_integrals"":122,""orbsym"":[1,1,1,1,1,1,1,1,1,1,1,1,1,1,1,1,1,1],""path"":""/home/nagan/autosbd-sc26-rg/external/riken-sbd/data/n2/fcidump.txt"",""sha256"":""dee67eb5e8aee2f099953a52d7910db59bc7b284ad03a8fa7ffd2a4ba8efcf33"",""source_integral_doubles"":16650,""sum_abs_integrals"":500.99976876026955,""two_electron_fill_density"":0.6937304501563988,""two_electron_integrals"":10202},""log1p_method0_work_proxy"":17.087136467585477,""log1p_n_configurations"":10.952944610406092,""method0_work_proxy"":26354153,""n_configurations"":57121}"
8f3bb046c59a19be07212696d3eb7d6843fdbacf30cf942327fbe4a8965b1ee6,769f1a9dfeb9fbff64331d3194a94456190a09d00a212b7dde777a20a7d4debd,0,2026-08-01T17:14:13.475257Z,2026-08-01T17:14:19.469946Z,true,,measured,4,n2,N2,6-31G,n2-prefix-0239,6976b0d5793326781b16b53b6ff8d7c76068bdd016bdd29aa4cbee3e6aab0deb,amd-cpu-16,cpu,16,5.937853448005626,5.167834,0.00669,,,18,239,239,57121,26354153,35.34765625,,"{""alpha"":{""bit_length"":18,""count"":239,""file_bytes"":4541,""occupancy_max"":7,""occupancy_mean"":7.0,""occupancy_min"":7,""occupancy_variance"":0.0,""path"":""/home/nagan/autosbd-sc26-rg/data/derived/phase_b_prefixes/n2/AlphaDets_n0239.txt"",""sha256"":""73a28f6e6a26b06fbf4accf704f4112dca36ea53fe52ec40ed6379644b218dd2"",""unique_count"":239},""beta"":{""bit_length"":18,""count"":239,""file_bytes"":4541,""occupancy_max"":7,""occupancy_mean"":7.0,""occupancy_min"":7,""occupancy_variance"":0.0,""path"":""/home/nagan/autosbd-sc26-rg/data/derived/phase_b_prefixes/n2/AlphaDets_n0239.txt"",""sha256"":""73a28f6e6a26b06fbf4accf704f4112dca36ea53fe52ec40ed6379644b218dd2"",""unique_count"":239},""beta_reuses_alpha"":true,""combined_input_sha256"":""6976b0d5793326781b16b53b6ff8d7c76068bdd016bdd29aa4cbee3e6aab0deb"",""connectivity"":{""alpha"":{""determinants"":239,""directed_double_edges"":19984,""directed_single_edges"":3860,""double_degree_max"":168,""double_degree_mean"":83.61506276150628,""double_degree_min"":36,""double_edge_density"":0.3513237931155726,""single_degree_max"":57,""single_degree_mean"":16.15062761506276,""single_degree_min"":4,""single_edge_density"":0.06785977989522168,""unordered_pair_comparisons"":28441},""beta"":{""determinants"":239,""directed_double_edges"":19984,""directed_single_edges"":3860,""double_degree_max"":168,""double_degree_mean"":83.61506276150628,""double_degree_min"":36,""double_edge_density"":0.3513237931155726,""single_degree_max"":57,""single_degree_mean"":16.15062761506276,""single_degree_min"":4,""single_edge_density"":0.06785977989522168,""unordered_pair_comparisons"":28441},""pair_comparisons"":56882},""connectivity_pair_limit"":1000000,""fcidump"":{""compact_two_electron_slots"":14706,""core_integrals"":1,""exact_zero_integrals"":0,""file_bytes"":437951,""integral_records"":10325,""isym"":1,""max_abs_integral"":28.13104666664194,""ms2"":0,""n_electrons"":14,""n_orbitals"":18,""one_electron_integrals"":122,""orbsym"":[1,1,1,1,1,1,1,1,1,1,1,1,1,1,1,1,1,1],""path"":""/home/nagan/autosbd-sc26-rg/external/riken-sbd/data/n2/fcidump.txt"",""sha256"":""dee67eb5e8aee2f099953a52d7910db59bc7b284ad03a8fa7ffd2a4ba8efcf33"",""source_integral_doubles"":16650,""sum_abs_integrals"":500.99976876026955,""two_electron_fill_density"":0.6937304501563988,""two_electron_integrals"":10202},""log1p_method0_work_proxy"":17.087136467585477,""log1p_n_configurations"":10.952944610406092,""method0_work_proxy"":26354153,""n_configurations"":57121}"
2e73e21f3cf533a149c04fe990271ce287d00772abc688155b6a5e8a0093c143,3d8fa2a0295490eaaca88f8497428da045033dd3c227a8b90b20c19d0f07fea8,0,2026-08-01T17:14:19.615213Z,2026-08-01T17:14:30.647344Z,true,,measured,4,h2o,H2O,cc-pVDZ,h2o-prefix-0275,ee17c38802ca7e869797f014dbc4957e7b589cc2cb8e2f2068c37fc2af1a150d,amd-cpu-16,cpu,16,10.965016083006049,9.826723999999999,0.007839,,,24,275,275,75625,42706525,41.421875,,"{""alpha"":{""bit_length"":24,""count"":275,""file_bytes"":6875,""occupancy_max"":5,""occupancy_mean"":5.0,""occupancy_min"":5,""occupancy_variance"":0.0,""path"":""/home/nagan/autosbd-sc26-rg/data/derived/phase_b_prefixes/h2o/AlphaDets_n0275.txt"",""sha256"":""ea94906047a1d081d493066478e9f009c07cb4286541f1781060081205fd5a67"",""unique_count"":275},""beta"":{""bit_length"":24,""count"":275,""file_bytes"":6875,""occupancy_max"":5,""occupancy_mean"":5.0,""occupancy_min"":5,""occupancy_variance"":0.0,""path"":""/home/nagan/autosbd-sc26-rg/data/derived/phase_b_prefixes/h2o/AlphaDets_n0275.txt"",""sha256"":""ea94906047a1d081d493066478e9f009c07cb4286541f1781060081205fd5a67"",""unique_count"":275},""beta_reuses_alpha"":true,""combined_input_sha256"":""ee17c38802ca7e869797f014dbc4957e7b589cc2cb8e2f2068c37fc2af1a150d"",""connectivity"":{""alpha"":{""determinants"":275,""directed_double_edges"":29706,""directed_single_edges"":4860,""double_degree_max"":193,""double_degree_mean"":108.02181818181818,""double_degree_min"":39,""double_edge_density"":0.39424021234240214,""single_degree_max"":77,""single_degree_mean"":17.672727272727272,""single_degree_min"":4,""single_edge_density"":0.06449900464499005,""unordered_pair_comparisons"":37675},""beta"":{""determinants"":275,""directed_double_edges"":29706,""directed_single_edges"":4860,""double_degree_max"":193,""double_degree_mean"":108.02181818181818,""double_degree_min"":39,""double_edge_density"":0.39424021234240214,""single_degree_max"":77,""single_degree_mean"":17.672727272727272,""single_degree_min"":4,""single_edge_density"":0.06449900464499005,""unordered_pair_comparisons"":37675},""pair_comparisons"":75350},""connectivity_pair_limit"":1000000,""fcidump"":{""compact_two_electron_slots"":45150,""core_integrals"":1,""exact_zero_integrals"":0,""file_bytes"":1124056,""integral_records"":26647,""isym"":1,""max_abs_integral"":33.02799415966381,""ms2"":0,""n_electrons"":10,""n_orbitals"":24,""one_electron_integrals"":202,""orbsym"":[1,1,1,1,1,1,1,1,1,1,1,1,1,1,1,1,1,1,1,1,1,1,1,1],""path"":""/home/nagan/autosbd-sc26-rg/external/riken-sbd/data/h2o/fcidump.txt"",""sha256"":""a3c2302834a33dce7260e8050a3f5180e05dbba1bb748f3e2f6410a7eacbd94d"",""source_integral_doubles"":48606,""sum_abs_integrals"":783.0966481208136,""two_electron_fill_density"":0.5856921373200443,""two_electron_integrals"":26444},""log1p_method0_work_proxy"":17.569862300244623,""log1p_n_configurations"":11.233555418386214,""method0_work_proxy"":42706525,""n_configurations"":75625}"
73b05e34521c2b7a08fcc19b9db407089400f67b7f4699adf2b6a41b92868399,e94e61766ba304c7d748865c5d1a1bd6a09c3f2b60ce5cb31b2fe7ea3e4c2787,0,2026-08-01T17:14:30.797192Z,2026-08-01T17:14:32.621553Z,true,,measured,4,h2o,H2O,cc-pVDZ,h2o-prefix-0275,ee17c38802ca7e869797f014dbc4957e7b589cc2cb8e2f2068c37fc2af1a150d,amd-l4-default,gpu,1,1.7575427289993968,0.8626309999999999,0.026314,,,24,275,275,75625,42706525,138.078125,196.0,"{""alpha"":{""bit_length"":24,""count"":275,""file_bytes"":6875,""occupancy_max"":5,""occupancy_mean"":5.0,""occupancy_min"":5,""occupancy_variance"":0.0,""path"":""/home/nagan/autosbd-sc26-rg/data/derived/phase_b_prefixes/h2o/AlphaDets_n0275.txt"",""sha256"":""ea94906047a1d081d493066478e9f009c07cb4286541f1781060081205fd5a67"",""unique_count"":275},""beta"":{""bit_length"":24,""count"":275,""file_bytes"":6875,""occupancy_max"":5,""occupancy_mean"":5.0,""occupancy_min"":5,""occupancy_variance"":0.0,""path"":""/home/nagan/autosbd-sc26-rg/data/derived/phase_b_prefixes/h2o/AlphaDets_n0275.txt"",""sha256"":""ea94906047a1d081d493066478e9f009c07cb4286541f1781060081205fd5a67"",""unique_count"":275},""beta_reuses_alpha"":true,""combined_input_sha256"":""ee17c38802ca7e869797f014dbc4957e7b589cc2cb8e2f2068c37fc2af1a150d"",""connectivity"":{""alpha"":{""determinants"":275,""directed_double_edges"":29706,""directed_single_edges"":4860,""double_degree_max"":193,""double_degree_mean"":108.02181818181818,""double_degree_min"":39,""double_edge_density"":0.39424021234240214,""single_degree_max"":77,""single_degree_mean"":17.672727272727272,""single_degree_min"":4,""single_edge_density"":0.06449900464499005,""unordered_pair_comparisons"":37675},""beta"":{""determinants"":275,""directed_double_edges"":29706,""directed_single_edges"":4860,""double_degree_max"":193,""double_degree_mean"":108.02181818181818,""double_degree_min"":39,""double_edge_density"":0.39424021234240214,""single_degree_max"":77,""single_degree_mean"":17.672727272727272,""single_degree_min"":4,""single_edge_density"":0.06449900464499005,""unordered_pair_comparisons"":37675},""pair_comparisons"":75350},""connectivity_pair_limit"":1000000,""fcidump"":{""compact_two_electron_slots"":45150,""core_integrals"":1,""exact_zero_integrals"":0,""file_bytes"":1124056,""integral_records"":26647,""isym"":1,""max_abs_integral"":33.02799415966381,""ms2"":0,""n_electrons"":10,""n_orbitals"":24,""one_electron_integrals"":202,""orbsym"":[1,1,1,1,1,1,1,1,1,1,1,1,1,1,1,1,1,1,1,1,1,1,1,1],""path"":""/home/nagan/autosbd-sc26-rg/external/riken-sbd/data/h2o/fcidump.txt"",""sha256"":""a3c2302834a33dce7260e8050a3f5180e05dbba1bb748f3e2f6410a7eacbd94d"",""source_integral_doubles"":48606,""sum_abs_integrals"":783.0966481208136,""two_electron_fill_density"":0.5856921373200443,""two_electron_integrals"":26444},""log1p_method0_work_proxy"":17.569862300244623,""log1p_n_configurations"":11.233555418386214,""method0_work_proxy"":42706525,""n_configurations"":75625}"
