trial_id,logical_trial_id,attempt_index,timestamp_utc,finished_timestamp_utc,included,exclusion_reasons,phase,repetition,family_id,molecule,basis,problem_instance,input_sha256,candidate_name,backend,cpu_threads,wall_time_s,solver_time_s,initialization_time_s,matvec_time_s,transfer_time_s,n_orbitals,n_alpha_strings,n_beta_strings,n_configurations,estimated_work,peak_host_rss_mb,peak_gpu_memory_mb,input_features_json
936d2f924bd842b09e0c64065bd770314bce2a677bdec9658c05bf0d3658dfa5,377ca6e22bdc1c9855e21c1ceb9799c7bc12f0e1e659f8653dd427ae6072ba2a,0,2026-08-01T16:18:06.021942Z,2026-08-01T16:18:06.968785Z,false,timing_ineligible;warmup,warmup,0,n2,N2,6-31G,n2-prefix-0032,ec17e257f65c7e916b64077cad82f26ee99ce1d11991cf89affedccaafd1aa76,amd-l4-default,gpu,1,0.8871777930035023,0.024621,0.00039,,,18,32,32,1024,170180,116.3359375,192.0,"{""alpha"":{""bit_length"":18,""count"":32,""file_bytes"":608,""occupancy_max"":7,""occupancy_mean"":7.0,""occupancy_min"":7,""occupancy_variance"":0.0,""path"":""/home/nagan/autosbd-sc26-rg/data/derived/phase_b_prefixes/n2/AlphaDets_n0032.txt"",""sha256"":""3d2406670cadd5ba16089fa08af208b469208d3afaf09ff6268aa6bfd2ea7b7d"",""unique_count"":32},""beta"":{""bit_length"":18,""count"":32,""file_bytes"":608,""occupancy_max"":7,""occupancy_mean"":7.0,""occupancy_min"":7,""occupancy_variance"":0.0,""path"":""/home/nagan/autosbd-sc26-rg/data/derived/phase_b_prefixes/n2/AlphaDets_n0032.txt"",""sha256"":""3d2406670cadd5ba16089fa08af208b469208d3afaf09ff6268aa6bfd2ea7b7d"",""unique_count"":32},""beta_reuses_alpha"":true,""combined_input_sha256"":""ec17e257f65c7e916b64077cad82f26ee99ce1d11991cf89affedccaafd1aa76"",""connectivity"":{""alpha"":{""determinants"":32,""directed_double_edges"":520,""directed_single_edges"":338,""double_degree_max"":19,""double_degree_mean"":16.25,""double_degree_min"":14,""double_edge_density"":0.5241935483870968,""single_degree_max"":15,""single_degree_mean"":10.5625,""single_degree_min"":8,""single_edge_density"":0.3407258064516129,""unordered_pair_comparisons"":496},""beta"":{""determinants"":32,""directed_double_edges"":520,""directed_single_edges"":338,""double_degree_max"":19,""double_degree_mean"":16.25,""double_degree_min"":14,""double_edge_density"":0.5241935483870968,""single_degree_max"":15,""single_degree_mean"":10.5625,""single_degree_min"":8,""single_edge_density"":0.3407258064516129,""unordered_pair_comparisons"":496},""pair_comparisons"":992},""connectivity_pair_limit"":1000000,""fcidump"":{""compact_two_electron_slots"":14706,""core_integrals"":1,""exact_zero_integrals"":0,""file_bytes"":437951,""integral_records"":10325,""isym"":1,""max_abs_integral"":28.13104666664194,""ms2"":0,""n_electrons"":14,""n_orbitals"":18,""one_electron_integrals"":122,""orbsym"":[1,1,1,1,1,1,1,1,1,1,1,1,1,1,1,1,1,1],""path"":""/home/nagan/autosbd-sc26-rg/external/riken-sbd/data/n2/fcidump.txt"",""sha256"":""dee67eb5e8aee2f099953a52d7910db59bc7b284ad03a8fa7ffd2a4ba8efcf33"",""source_integral_doubles"":16650,""sum_abs_integrals"":500.99976876026955,""two_electron_fill_density"":0.6937304501563988,""two_electron_integrals"":10202},""log1p_method0_work_proxy"":12.044617855517439,""log1p_n_configurations"":6.932447891572509,""method0_work_proxy"":170180,""n_configurations"":1024}"
2e14842a1b0d5f8bf56d1776f86471d432e69a3757e2c3d5f411858c821b0964,d9760d5b9b977700c8f425cb48c9c9b9c0e0735c956c8e1f25f3107f692d890d,0,2026-08-01T16:18:07.614665Z,2026-08-01T16:18:08.276106Z,false,timing_ineligible;warmup,warmup,0,n2,N2,6-31G,n2-prefix-0032,ec17e257f65c7e916b64077cad82f26ee99ce1d11991cf89affedccaafd1aa76,amd-cpu-16,cpu,16,0.6071678260050248,0.033789,0.002583,,,18,32,32,1024,170180,21.00390625,,"{""alpha"":{""bit_length"":18,""count"":32,""file_bytes"":608,""occupancy_max"":7,""occupancy_mean"":7.0,""occupancy_min"":7,""occupancy_variance"":0.0,""path"":""/home/nagan/autosbd-sc26-rg/data/derived/phase_b_prefixes/n2/AlphaDets_n0032.txt"",""sha256"":""3d2406670cadd5ba16089fa08af208b469208d3afaf09ff6268aa6bfd2ea7b7d"",""unique_count"":32},""beta"":{""bit_length"":18,""count"":32,""file_bytes"":608,""occupancy_max"":7,""occupancy_mean"":7.0,""occupancy_min"":7,""occupancy_variance"":0.0,""path"":""/home/nagan/autosbd-sc26-rg/data/derived/phase_b_prefixes/n2/AlphaDets_n0032.txt"",""sha256"":""3d2406670cadd5ba16089fa08af208b469208d3afaf09ff6268aa6bfd2ea7b7d"",""unique_count"":32},""beta_reuses_alpha"":true,""combined_input_sha256"":""ec17e257f65c7e916b64077cad82f26ee99ce1d11991cf89affedccaafd1aa76"",""connectivity"":{""alpha"":{""determinants"":32,""directed_double_edges"":520,""directed_single_edges"":338,""double_degree_max"":19,""double_degree_mean"":16.25,""double_degree_min"":14,""double_edge_density"":0.5241935483870968,""single_degree_max"":15,""single_degree_mean"":10.5625,""single_degree_min"":8,""single_edge_density"":0.3407258064516129,""unordered_pair_comparisons"":496},""beta"":{""determinants"":32,""directed_double_edges"":520,""directed_single_edges"":338,""double_degree_max"":19,""double_degree_mean"":16.25,""double_degree_min"":14,""double_edge_density"":0.5241935483870968,""single_degree_max"":15,""single_degree_mean"":10.5625,""single_degree_min"":8,""single_edge_density"":0.3407258064516129,""unordered_pair_comparisons"":496},""pair_comparisons"":992},""connectivity_pair_limit"":1000000,""fcidump"":{""compact_two_electron_slots"":14706,""core_integrals"":1,""exact_zero_integrals"":0,""file_bytes"":437951,""integral_records"":10325,""isym"":1,""max_abs_integral"":28.13104666664194,""ms2"":0,""n_electrons"":14,""n_orbitals"":18,""one_electron_integrals"":122,""orbsym"":[1,1,1,1,1,1,1,1,1,1,1,1,1,1,1,1,1,1],""path"":""/home/nagan/autosbd-sc26-rg/external/riken-sbd/data/n2/fcidump.txt"",""sha256"":""dee67eb5e8aee2f099953a52d7910db59bc7b284ad03a8fa7ffd2a4ba8efcf33"",""source_integral_doubles"":16650,""sum_abs_integrals"":500.99976876026955,""two_electron_fill_density"":0.6937304501563988,""two_electron_integrals"":10202},""log1p_method0_work_proxy"":12.044617855517439,""log1p_n_configurations"":6.932447891572509,""method0_work_proxy"":170180,""n_configurations"":1024}"
63b3ad25586ad7128d6cd4c7b8ff59c1f457ac586086bc2d85f10e37f1c612f2,70cadcd7b9c0d850f5281ac71e506a68d01a2d4a0f6aee365d88abca1e32b2c4,0,2026-08-01T16:18:08.983535Z,2026-08-01T16:18:09.753638Z,false,timing_ineligible;warmup,warmup,0,n2,N2,6-31G,n2-prefix-0055,4507b50dbe257a7a5d0b15b1536c16526f2f0ab957eead9d7e17d765571a3637,amd-cpu-16,cpu,16,0.7089141489996109,0.129197,0.002832,,,18,55,55,3025,712569,21.55859375,,"{""alpha"":{""bit_length"":18,""count"":55,""file_bytes"":1045,""occupancy_max"":7,""occupancy_mean"":7.0,""occupancy_min"":7,""occupancy_variance"":0.0,""path"":""/home/nagan/autosbd-sc26-rg/data/derived/phase_b_prefixes/n2/AlphaDets_n0055.txt"",""sha256"":""75b771bea9661bb23f98f6e2bdd165e47841cee8e8de91c13959eb40abc54d79"",""unique_count"":55},""beta"":{""bit_length"":18,""count"":55,""file_bytes"":1045,""occupancy_max"":7,""occupancy_mean"":7.0,""occupancy_min"":7,""occupancy_variance"":0.0,""path"":""/home/nagan/autosbd-sc26-rg/data/derived/phase_b_prefixes/n2/AlphaDets_n0055.txt"",""sha256"":""75b771bea9661bb23f98f6e2bdd165e47841cee8e8de91c13959eb40abc54d79"",""unique_count"":55},""beta_reuses_alpha"":true,""combined_input_sha256"":""4507b50dbe257a7a5d0b15b1536c16526f2f0ab957eead9d7e17d765571a3637"",""connectivity"":{""alpha"":{""determinants"":55,""directed_double_edges"":1540,""directed_single_edges"":682,""double_degree_max"":32,""double_degree_mean"":28.0,""double_degree_min"":22,""double_edge_density"":0.5185185185185185,""single_degree_max"":20,""single_degree_mean"":12.4,""single_degree_min"":7,""single_edge_density"":0.22962962962962963,""unordered_pair_comparisons"":1485},""beta"":{""determinants"":55,""directed_double_edges"":1540,""directed_single_edges"":682,""double_degree_max"":32,""double_degree_mean"":28.0,""double_degree_min"":22,""double_edge_density"":0.5185185185185185,""single_degree_max"":20,""single_degree_mean"":12.4,""single_degree_min"":7,""single_edge_density"":0.22962962962962963,""unordered_pair_comparisons"":1485},""pair_comparisons"":2970},""connectivity_pair_limit"":1000000,""fcidump"":{""compact_two_electron_slots"":14706,""core_integrals"":1,""exact_zero_integrals"":0,""file_bytes"":437951,""integral_records"":10325,""isym"":1,""max_abs_integral"":28.13104666664194,""ms2"":0,""n_electrons"":14,""n_orbitals"":18,""one_electron_integrals"":122,""orbsym"":[1,1,1,1,1,1,1,1,1,1,1,1,1,1,1,1,1,1],""path"":""/home/nagan/autosbd-sc26-rg/external/riken-sbd/data/n2/fcidump.txt"",""sha256"":""dee67eb5e8aee2f099953a52d7910db59bc7b284ad03a8fa7ffd2a4ba8efcf33"",""source_integral_doubles"":16650,""sum_abs_integrals"":500.99976876026955,""two_electron_fill_density"":0.6937304501563988,""two_electron_integrals"":10202},""log1p_method0_work_proxy"":13.476633431913193,""log1p_n_configurations"":8.0149968943483,""method0_work_proxy"":712569,""n_configurations"":3025}"
2731a9052d78c1a04845e7a3b06fab050601d5a3e00df9f8a5780f8cf0b44648,9e7cffc85af3e08e12bdc001c370cd54b7e2fce61d6389630b108c7200319ec6,0,2026-08-01T16:18:10.515452Z,2026-08-01T16:18:11.434524Z,false,timing_ineligible;warmup,warmup,0,n2,N2,6-31G,n2-prefix-0055,4507b50dbe257a7a5d0b15b1536c16526f2f0ab957eead9d7e17d765571a3637,amd-l4-default,gpu,1,0.8622262619901448,0.037922,0.001061,,,18,55,55,3025,712569,117.01953125,192.0,"{""alpha"":{""bit_length"":18,""count"":55,""file_bytes"":1045,""occupancy_max"":7,""occupancy_mean"":7.0,""occupancy_min"":7,""occupancy_variance"":0.0,""path"":""/home/nagan/autosbd-sc26-rg/data/derived/phase_b_prefixes/n2/AlphaDets_n0055.txt"",""sha256"":""75b771bea9661bb23f98f6e2bdd165e47841cee8e8de91c13959eb40abc54d79"",""unique_count"":55},""beta"":{""bit_length"":18,""count"":55,""file_bytes"":1045,""occupancy_max"":7,""occupancy_mean"":7.0,""occupancy_min"":7,""occupancy_variance"":0.0,""path"":""/home/nagan/autosbd-sc26-rg/data/derived/phase_b_prefixes/n2/AlphaDets_n0055.txt"",""sha256"":""75b771bea9661bb23f98f6e2bdd165e47841cee8e8de91c13959eb40abc54d79"",""unique_count"":55},""beta_reuses_alpha"":true,""combined_input_sha256"":""4507b50dbe257a7a5d0b15b1536c16526f2f0ab957eead9d7e17d765571a3637"",""connectivity"":{""alpha"":{""determinants"":55,""directed_double_edges"":1540,""directed_single_edges"":682,""double_degree_max"":32,""double_degree_mean"":28.0,""double_degree_min"":22,""double_edge_density"":0.5185185185185185,""single_degree_max"":20,""single_degree_mean"":12.4,""single_degree_min"":7,""single_edge_density"":0.22962962962962963,""unordered_pair_comparisons"":1485},""beta"":{""determinants"":55,""directed_double_edges"":1540,""directed_single_edges"":682,""double_degree_max"":32,""double_degree_mean"":28.0,""double_degree_min"":22,""double_edge_density"":0.5185185185185185,""single_degree_max"":20,""single_degree_mean"":12.4,""single_degree_min"":7,""single_edge_density"":0.22962962962962963,""unordered_pair_comparisons"":1485},""pair_comparisons"":2970},""connectivity_pair_limit"":1000000,""fcidump"":{""compact_two_electron_slots"":14706,""core_integrals"":1,""exact_zero_integrals"":0,""file_bytes"":437951,""integral_records"":10325,""isym"":1,""max_abs_integral"":28.13104666664194,""ms2"":0,""n_electrons"":14,""n_orbitals"":18,""one_electron_integrals"":122,""orbsym"":[1,1,1,1,1,1,1,1,1,1,1,1,1,1,1,1,1,1],""path"":""/home/nagan/autosbd-sc26-rg/external/riken-sbd/data/n2/fcidump.txt"",""sha256"":""dee67eb5e8aee2f099953a52d7910db59bc7b284ad03a8fa7ffd2a4ba8efcf33"",""source_integral_doubles"":16650,""sum_abs_integrals"":500.99976876026955,""two_electron_fill_density"":0.6937304501563988,""two_electron_integrals"":10202},""log1p_method0_work_proxy"":13.476633431913193,""log1p_n_configurations"":8.0149968943483,""method0_work_proxy"":712569,""n_configurations"":3025}"
3955ab4fbc42ce468f47359c8b3ae193512fb253759a05a17ceceddd825fe210,8393556896e8a837ce876afd9777ebbaa19c776a755739139dbb94012d1953c3,0,2026-08-01T16:18:12.242237Z,2026-08-01T16:18:13.408072Z,false,timing_ineligible;warmup,warmup,0,n2,N2,6-31G,n2-prefix-0100,1d928136c75b5deedcb2c11db761ed345aaa597dd9fa947d1b41ee63cafa3f5f,amd-cpu-16,cpu,16,1.1113574279879685,0.531949,0.0034319999999999997,,,18,100,100,10000,2963696,23.55078125,,"{""alpha"":{""bit_length"":18,""count"":100,""file_bytes"":1900,""occupancy_max"":7,""occupancy_mean"":7.0,""occupancy_min"":7,""occupancy_variance"":0.0,""path"":""/home/nagan/autosbd-sc26-rg/data/derived/phase_b_prefixes/n2/AlphaDets_n0100.txt"",""sha256"":""bc288d1aa1293c495453c7bb7bf3079aa9d2e03c799715d2835d9a09034b9917"",""unique_count"":100},""beta"":{""bit_length"":18,""count"":100,""file_bytes"":1900,""occupancy_max"":7,""occupancy_mean"":7.0,""occupancy_min"":7,""occupancy_variance"":0.0,""path"":""/home/nagan/autosbd-sc26-rg/data/derived/phase_b_prefixes/n2/AlphaDets_n0100.txt"",""sha256"":""bc288d1aa1293c495453c7bb7bf3079aa9d2e03c799715d2835d9a09034b9917"",""unique_count"":100},""beta_reuses_alpha"":true,""combined_input_sha256"":""1d928136c75b5deedcb2c11db761ed345aaa597dd9fa947d1b41ee63cafa3f5f"",""connectivity"":{""alpha"":{""determinants"":100,""directed_double_edges"":4508,""directed_single_edges"":1336,""double_degree_max"":61,""double_degree_mean"":45.08,""double_degree_min"":29,""double_edge_density"":0.45535353535353534,""single_degree_max"":35,""single_degree_mean"":13.36,""single_degree_min"":5,""single_edge_density"":0.13494949494949496,""unordered_pair_comparisons"":4950},""beta"":{""determinants"":100,""directed_double_edges"":4508,""directed_single_edges"":1336,""double_degree_max"":61,""double_degree_mean"":45.08,""double_degree_min"":29,""double_edge_density"":0.45535353535353534,""single_degree_max"":35,""single_degree_mean"":13.36,""single_degree_min"":5,""single_edge_density"":0.13494949494949496,""unordered_pair_comparisons"":4950},""pair_comparisons"":9900},""connectivity_pair_limit"":1000000,""fcidump"":{""compact_two_electron_slots"":14706,""core_integrals"":1,""exact_zero_integrals"":0,""file_bytes"":437951,""integral_records"":10325,""isym"":1,""max_abs_integral"":28.13104666664194,""ms2"":0,""n_electrons"":14,""n_orbitals"":18,""one_electron_integrals"":122,""orbsym"":[1,1,1,1,1,1,1,1,1,1,1,1,1,1,1,1,1,1],""path"":""/home/nagan/autosbd-sc26-rg/external/riken-sbd/data/n2/fcidump.txt"",""sha256"":""dee67eb5e8aee2f099953a52d7910db59bc7b284ad03a8fa7ffd2a4ba8efcf33"",""source_integral_doubles"":16650,""sum_abs_integrals"":500.99976876026955,""two_electron_fill_density"":0.6937304501563988,""two_electron_integrals"":10202},""log1p_method0_work_proxy"":14.90194803345196,""log1p_n_configurations"":9.210440366976517,""method0_work_proxy"":2963696,""n_configurations"":10000}"
6ce3adb92c4e7b5596996990020aa29b1fdec6827d01c6a23491641e7610717b,958c6c31b53b9f38e8fd68847ea41727bef0181c66ed75ffcd3438e4be46d4fe,0,2026-08-01T16:18:14.286536Z,2026-08-01T16:18:15.342909Z,false,timing_ineligible;warmup,warmup,0,n2,N2,6-31G,n2-prefix-0100,1d928136c75b5deedcb2c11db761ed345aaa597dd9fa947d1b41ee63cafa3f5f,amd-l4-default,gpu,1,0.9967784430045867,0.102731,0.0033380000000000003,,,18,100,100,10000,2963696,110.08984375,192.0,"{""alpha"":{""bit_length"":18,""count"":100,""file_bytes"":1900,""occupancy_max"":7,""occupancy_mean"":7.0,""occupancy_min"":7,""occupancy_variance"":0.0,""path"":""/home/nagan/autosbd-sc26-rg/data/derived/phase_b_prefixes/n2/AlphaDets_n0100.txt"",""sha256"":""bc288d1aa1293c495453c7bb7bf3079aa9d2e03c799715d2835d9a09034b9917"",""unique_count"":100},""beta"":{""bit_length"":18,""count"":100,""file_bytes"":1900,""occupancy_max"":7,""occupancy_mean"":7.0,""occupancy_min"":7,""occupancy_variance"":0.0,""path"":""/home/nagan/autosbd-sc26-rg/data/derived/phase_b_prefixes/n2/AlphaDets_n0100.txt"",""sha256"":""bc288d1aa1293c495453c7bb7bf3079aa9d2e03c799715d2835d9a09034b9917"",""unique_count"":100},""beta_reuses_alpha"":true,""combined_input_sha256"":""1d928136c75b5deedcb2c11db761ed345aaa597dd9fa947d1b41ee63cafa3f5f"",""connectivity"":{""alpha"":{""determinants"":100,""directed_double_edges"":4508,""directed_single_edges"":1336,""double_degree_max"":61,""double_degree_mean"":45.08,""double_degree_min"":29,""double_edge_density"":0.45535353535353534,""single_degree_max"":35,""single_degree_mean"":13.36,""single_degree_min"":5,""single_edge_density"":0.13494949494949496,""unordered_pair_comparisons"":4950},""beta"":{""determinants"":100,""directed_double_edges"":4508,""directed_single_edges"":1336,""double_degree_max"":61,""double_degree_mean"":45.08,""double_degree_min"":29,""double_edge_density"":0.45535353535353534,""single_degree_max"":35,""single_degree_mean"":13.36,""single_degree_min"":5,""single_edge_density"":0.13494949494949496,""unordered_pair_comparisons"":4950},""pair_comparisons"":9900},""connectivity_pair_limit"":1000000,""fcidump"":{""compact_two_electron_slots"":14706,""core_integrals"":1,""exact_zero_integrals"":0,""file_bytes"":437951,""integral_records"":10325,""isym"":1,""max_abs_integral"":28.13104666664194,""ms2"":0,""n_electrons"":14,""n_orbitals"":18,""one_electron_integrals"":122,""orbsym"":[1,1,1,1,1,1,1,1,1,1,1,1,1,1,1,1,1,1],""path"":""/home/nagan/autosbd-sc26-rg/external/riken-sbd/data/n2/fcidump.txt"",""sha256"":""dee67eb5e8aee2f099953a52d7910db59bc7b284ad03a8fa7ffd2a4ba8efcf33"",""source_integral_doubles"":16650,""sum_abs_integrals"":500.99976876026955,""two_electron_fill_density"":0.6937304501563988,""two_electron_integrals"":10202},""log1p_method0_work_proxy"":14.90194803345196,""log1p_n_configurations"":9.210440366976517,""method0_work_proxy"":2963696,""n_configurations"":10000}"
7e8d6a683319502b23115ffa542f9a17bee6987d56b6db3825efa559438424d9,ca0a6acf5479acf9fa25be1e502ec6e118cde1a53b115361e4ab8e64c1a11c6c,0,2026-08-01T16:18:16.271299Z,2026-08-01T16:18:17.480351Z,false,timing_ineligible;warmup,warmup,0,n2,N2,6-31G,n2-prefix-0174,d1155d168110c036ee82b3dc7b49f5ee983c34dd893b4504304b8b36a4e23818,amd-l4-default,gpu,1,1.1519180429895641,0.283559,0.009305999999999998,,,18,174,174,30276,12076200,124.71484375,194.0,"{""alpha"":{""bit_length"":18,""count"":174,""file_bytes"":3306,""occupancy_max"":7,""occupancy_mean"":7.0,""occupancy_min"":7,""occupancy_variance"":0.0,""path"":""/home/nagan/autosbd-sc26-rg/data/derived/phase_b_prefixes/n2/AlphaDets_n0174.txt"",""sha256"":""89ff6a62b266baf5d449dbc21d728acf318fb5c2f13dfe5e786804033bfe4823"",""unique_count"":174},""beta"":{""bit_length"":18,""count"":174,""file_bytes"":3306,""occupancy_max"":7,""occupancy_mean"":7.0,""occupancy_min"":7,""occupancy_variance"":0.0,""path"":""/home/nagan/autosbd-sc26-rg/data/derived/phase_b_prefixes/n2/AlphaDets_n0174.txt"",""sha256"":""89ff6a62b266baf5d449dbc21d728acf318fb5c2f13dfe5e786804033bfe4823"",""unique_count"":174},""beta_reuses_alpha"":true,""combined_input_sha256"":""d1155d168110c036ee82b3dc7b49f5ee983c34dd893b4504304b8b36a4e23818"",""connectivity"":{""alpha"":{""determinants"":174,""directed_double_edges"":11850,""directed_single_edges"":2646,""double_degree_max"":117,""double_degree_mean"":68.10344827586206,""double_degree_min"":33,""double_edge_density"":0.3936615507275264,""single_degree_max"":50,""single_degree_mean"":15.206896551724139,""single_degree_min"":4,""single_edge_density"":0.08790113613713374,""unordered_pair_comparisons"":15051},""beta"":{""determinants"":174,""directed_double_edges"":11850,""directed_single_edges"":2646,""double_degree_max"":117,""double_degree_mean"":68.10344827586206,""double_degree_min"":33,""double_edge_density"":0.3936615507275264,""single_degree_max"":50,""single_degree_mean"":15.206896551724139,""single_degree_min"":4,""single_edge_density"":0.08790113613713374,""unordered_pair_comparisons"":15051},""pair_comparisons"":30102},""connectivity_pair_limit"":1000000,""fcidump"":{""compact_two_electron_slots"":14706,""core_integrals"":1,""exact_zero_integrals"":0,""file_bytes"":437951,""integral_records"":10325,""isym"":1,""max_abs_integral"":28.13104666664194,""ms2"":0,""n_electrons"":14,""n_orbitals"":18,""one_electron_integrals"":122,""orbsym"":[1,1,1,1,1,1,1,1,1,1,1,1,1,1,1,1,1,1],""path"":""/home/nagan/autosbd-sc26-rg/external/riken-sbd/data/n2/fcidump.txt"",""sha256"":""dee67eb5e8aee2f099953a52d7910db59bc7b284ad03a8fa7ffd2a4ba8efcf33"",""source_integral_doubles"":16650,""sum_abs_integrals"":500.99976876026955,""two_electron_fill_density"":0.6937304501563988,""two_electron_integrals"":10202},""log1p_method0_work_proxy"":16.306747214254646,""log1p_n_configurations"":10.318143627345878,""method0_work_proxy"":12076200,""n_configurations"":30276}"
cb8f3ba6a5783ece46fc4b679bf44c2363f9e65e92fe32c496dade3a24166485,fd2b0be68371e887553cb45c93b252524a7bee4c5fd3bb0bff634fdfe0ef11b0,0,2026-08-01T16:18:18.464464Z,2026-08-01T16:18:21.541294Z,false,timing_ineligible;warmup,warmup,0,n2,N2,6-31G,n2-prefix-0174,d1155d168110c036ee82b3dc7b49f5ee983c34dd893b4504304b8b36a4e23818,amd-cpu-16,cpu,16,3.021330742005375,2.338005,0.004797,,,18,174,174,30276,12076200,28.69921875,,"{""alpha"":{""bit_length"":18,""count"":174,""file_bytes"":3306,""occupancy_max"":7,""occupancy_mean"":7.0,""occupancy_min"":7,""occupancy_variance"":0.0,""path"":""/home/nagan/autosbd-sc26-rg/data/derived/phase_b_prefixes/n2/AlphaDets_n0174.txt"",""sha256"":""89ff6a62b266baf5d449dbc21d728acf318fb5c2f13dfe5e786804033bfe4823"",""unique_count"":174},""beta"":{""bit_length"":18,""count"":174,""file_bytes"":3306,""occupancy_max"":7,""occupancy_mean"":7.0,""occupancy_min"":7,""occupancy_variance"":0.0,""path"":""/home/nagan/autosbd-sc26-rg/data/derived/phase_b_prefixes/n2/AlphaDets_n0174.txt"",""sha256"":""89ff6a62b266baf5d449dbc21d728acf318fb5c2f13dfe5e786804033bfe4823"",""unique_count"":174},""beta_reuses_alpha"":true,""combined_input_sha256"":""d1155d168110c036ee82b3dc7b49f5ee983c34dd893b4504304b8b36a4e23818"",""connectivity"":{""alpha"":{""determinants"":174,""directed_double_edges"":11850,""directed_single_edges"":2646,""double_degree_max"":117,""double_degree_mean"":68.10344827586206,""double_degree_min"":33,""double_edge_density"":0.3936615507275264,""single_degree_max"":50,""single_degree_mean"":15.206896551724139,""single_degree_min"":4,""single_edge_density"":0.08790113613713374,""unordered_pair_comparisons"":15051},""beta"":{""determinants"":174,""directed_double_edges"":11850,""directed_single_edges"":2646,""double_degree_max"":117,""double_degree_mean"":68.10344827586206,""double_degree_min"":33,""double_edge_density"":0.3936615507275264,""single_degree_max"":50,""single_degree_mean"":15.206896551724139,""single_degree_min"":4,""single_edge_density"":0.08790113613713374,""unordered_pair_comparisons"":15051},""pair_comparisons"":30102},""connectivity_pair_limit"":1000000,""fcidump"":{""compact_two_electron_slots"":14706,""core_integrals"":1,""exact_zero_integrals"":0,""file_bytes"":437951,""integral_records"":10325,""isym"":1,""max_abs_integral"":28.13104666664194,""ms2"":0,""n_electrons"":14,""n_orbitals"":18,""one_electron_integrals"":122,""orbsym"":[1,1,1,1,1,1,1,1,1,1,1,1,1,1,1,1,1,1],""path"":""/home/nagan/autosbd-sc26-rg/external/riken-sbd/data/n2/fcidump.txt"",""sha256"":""dee67eb5e8aee2f099953a52d7910db59bc7b284ad03a8fa7ffd2a4ba8efcf33"",""source_integral_doubles"":16650,""sum_abs_integrals"":500.99976876026955,""two_electron_fill_density"":0.6937304501563988,""two_electron_integrals"":10202},""log1p_method0_work_proxy"":16.306747214254646,""log1p_n_configurations"":10.318143627345878,""method0_work_proxy"":12076200,""n_configurations"":30276}"
5a192fa52c55ae117fb128eb612d502977ccf012aee542bcfdeb134d7744d80e,b1ae6ecccb7cfeab887f6a32593613d546d51eeecbec2bf6f3408794b817984e,0,2026-08-01T16:18:22.592801Z,2026-08-01T16:18:23.959644Z,false,timing_ineligible;warmup,warmup,0,n2,N2,6-31G,n2-prefix-0239,6976b0d5793326781b16b53b6ff8d7c76068bdd016bdd29aa4cbee3e6aab0deb,amd-l4-default,gpu,1,1.3051718509959755,0.441364,0.016256,,,18,239,239,57121,26354153,131.52734375,194.0,"{""alpha"":{""bit_length"":18,""count"":239,""file_bytes"":4541,""occupancy_max"":7,""occupancy_mean"":7.0,""occupancy_min"":7,""occupancy_variance"":0.0,""path"":""/home/nagan/autosbd-sc26-rg/data/derived/phase_b_prefixes/n2/AlphaDets_n0239.txt"",""sha256"":""73a28f6e6a26b06fbf4accf704f4112dca36ea53fe52ec40ed6379644b218dd2"",""unique_count"":239},""beta"":{""bit_length"":18,""count"":239,""file_bytes"":4541,""occupancy_max"":7,""occupancy_mean"":7.0,""occupancy_min"":7,""occupancy_variance"":0.0,""path"":""/home/nagan/autosbd-sc26-rg/data/derived/phase_b_prefixes/n2/AlphaDets_n0239.txt"",""sha256"":""73a28f6e6a26b06fbf4accf704f4112dca36ea53fe52ec40ed6379644b218dd2"",""unique_count"":239},""beta_reuses_alpha"":true,""combined_input_sha256"":""6976b0d5793326781b16b53b6ff8d7c76068bdd016bdd29aa4cbee3e6aab0deb"",""connectivity"":{""alpha"":{""determinants"":239,""directed_double_edges"":19984,""directed_single_edges"":3860,""double_degree_max"":168,""double_degree_mean"":83.61506276150628,""double_degree_min"":36,""double_edge_density"":0.3513237931155726,""single_degree_max"":57,""single_degree_mean"":16.15062761506276,""single_degree_min"":4,""single_edge_density"":0.06785977989522168,""unordered_pair_comparisons"":28441},""beta"":{""determinants"":239,""directed_double_edges"":19984,""directed_single_edges"":3860,""double_degree_max"":168,""double_degree_mean"":83.61506276150628,""double_degree_min"":36,""double_edge_density"":0.3513237931155726,""single_degree_max"":57,""single_degree_mean"":16.15062761506276,""single_degree_min"":4,""single_edge_density"":0.06785977989522168,""unordered_pair_comparisons"":28441},""pair_comparisons"":56882},""connectivity_pair_limit"":1000000,""fcidump"":{""compact_two_electron_slots"":14706,""core_integrals"":1,""exact_zero_integrals"":0,""file_bytes"":437951,""integral_records"":10325,""isym"":1,""max_abs_integral"":28.13104666664194,""ms2"":0,""n_electrons"":14,""n_orbitals"":18,""one_electron_integrals"":122,""orbsym"":[1,1,1,1,1,1,1,1,1,1,1,1,1,1,1,1,1,1],""path"":""/home/nagan/autosbd-sc26-rg/external/riken-sbd/data/n2/fcidump.txt"",""sha256"":""dee67eb5e8aee2f099953a52d7910db59bc7b284ad03a8fa7ffd2a4ba8efcf33"",""source_integral_doubles"":16650,""sum_abs_integrals"":500.99976876026955,""two_electron_fill_density"":0.6937304501563988,""two_electron_integrals"":10202},""log1p_method0_work_proxy"":17.087136467585477,""log1p_n_configurations"":10.952944610406092,""method0_work_proxy"":26354153,""n_configurations"":57121}"
35a134ea5a23ef187cba49cc151f61e8c12d2acd70e2c0ee797df807514e8bf4,dbd4f6b1314242428772e20d87ce84a7c5326ad3066462ffc8ed399d2a20f7c5,0,2026-08-01T16:18:25.055782Z,2026-08-01T16:18:30.944582Z,false,timing_ineligible;warmup,warmup,0,n2,N2,6-31G,n2-prefix-0239,6976b0d5793326781b16b53b6ff8d7c76068bdd016bdd29aa4cbee3e6aab0deb,amd-cpu-16,cpu,16,5.834777618001681,5.003044,0.006353999999999999,,,18,239,239,57121,26354153,35.33984375,,"{""alpha"":{""bit_length"":18,""count"":239,""file_bytes"":4541,""occupancy_max"":7,""occupancy_mean"":7.0,""occupancy_min"":7,""occupancy_variance"":0.0,""path"":""/home/nagan/autosbd-sc26-rg/data/derived/phase_b_prefixes/n2/AlphaDets_n0239.txt"",""sha256"":""73a28f6e6a26b06fbf4accf704f4112dca36ea53fe52ec40ed6379644b218dd2"",""unique_count"":239},""beta"":{""bit_length"":18,""count"":239,""file_bytes"":4541,""occupancy_max"":7,""occupancy_mean"":7.0,""occupancy_min"":7,""occupancy_variance"":0.0,""path"":""/home/nagan/autosbd-sc26-rg/data/derived/phase_b_prefixes/n2/AlphaDets_n0239.txt"",""sha256"":""73a28f6e6a26b06fbf4accf704f4112dca36ea53fe52ec40ed6379644b218dd2"",""unique_count"":239},""beta_reuses_alpha"":true,""combined_input_sha256"":""6976b0d5793326781b16b53b6ff8d7c76068bdd016bdd29aa4cbee3e6aab0deb"",""connectivity"":{""alpha"":{""determinants"":239,""directed_double_edges"":19984,""directed_single_edges"":3860,""double_degree_max"":168,""double_degree_mean"":83.61506276150628,""double_degree_min"":36,""double_edge_density"":0.3513237931155726,""single_degree_max"":57,""single_degree_mean"":16.15062761506276,""single_degree_min"":4,""single_edge_density"":0.06785977989522168,""unordered_pair_comparisons"":28441},""beta"":{""determinants"":239,""directed_double_edges"":19984,""directed_single_edges"":3860,""double_degree_max"":168,""double_degree_mean"":83.61506276150628,""double_degree_min"":36,""double_edge_density"":0.3513237931155726,""single_degree_max"":57,""single_degree_mean"":16.15062761506276,""single_degree_min"":4,""single_edge_density"":0.06785977989522168,""unordered_pair_comparisons"":28441},""pair_comparisons"":56882},""connectivity_pair_limit"":1000000,""fcidump"":{""compact_two_electron_slots"":14706,""core_integrals"":1,""exact_zero_integrals"":0,""file_bytes"":437951,""integral_records"":10325,""isym"":1,""max_abs_integral"":28.13104666664194,""ms2"":0,""n_electrons"":14,""n_orbitals"":18,""one_electron_integrals"":122,""orbsym"":[1,1,1,1,1,1,1,1,1,1,1,1,1,1,1,1,1,1],""path"":""/home/nagan/autosbd-sc26-rg/external/riken-sbd/data/n2/fcidump.txt"",""sha256"":""dee67eb5e8aee2f099953a52d7910db59bc7b284ad03a8fa7ffd2a4ba8efcf33"",""source_integral_doubles"":16650,""sum_abs_integrals"":500.99976876026955,""two_electron_fill_density"":0.6937304501563988,""two_electron_integrals"":10202},""log1p_method0_work_proxy"":17.087136467585477,""log1p_n_configurations"":10.952944610406092,""method0_work_proxy"":26354153,""n_configurations"":57121}"
2c0e7aa0a44533999f16e839e996174159d8f2e226ecbdd7f480f84f500305fc,50534039095d0cbf2992c0acb7c7dc4bb7d337adcb22e2a5f8d4b5582c30abe3,0,2026-08-01T16:18:32.179347Z,2026-08-01T16:18:32.849799Z,false,timing_ineligible;warmup,warmup,0,h2o,H2O,cc-pVDZ,h2o-prefix-0032,bc8b7df3cfd9b36edc9a7de5e173ba97c6d3260c199b68c67f44ddff94624373,amd-cpu-16,cpu,16,0.6078728979919106,0.029355,0.0027080000000000003,,,24,32,32,1024,140176,20.9921875,,"{""alpha"":{""bit_length"":24,""count"":32,""file_bytes"":800,""occupancy_max"":5,""occupancy_mean"":5.0,""occupancy_min"":5,""occupancy_variance"":0.0,""path"":""/home/nagan/autosbd-sc26-rg/data/derived/phase_b_prefixes/h2o/AlphaDets_n0032.txt"",""sha256"":""6f1fcf262ca0e91cbede71522a4f756cc801a0c7730d2e16552876386f6da58f"",""unique_count"":32},""beta"":{""bit_length"":24,""count"":32,""file_bytes"":800,""occupancy_max"":5,""occupancy_mean"":5.0,""occupancy_min"":5,""occupancy_variance"":0.0,""path"":""/home/nagan/autosbd-sc26-rg/data/derived/phase_b_prefixes/h2o/AlphaDets_n0032.txt"",""sha256"":""6f1fcf262ca0e91cbede71522a4f756cc801a0c7730d2e16552876386f6da58f"",""unique_count"":32},""beta_reuses_alpha"":true,""combined_input_sha256"":""bc8b7df3cfd9b36edc9a7de5e173ba97c6d3260c199b68c67f44ddff94624373"",""connectivity"":{""alpha"":{""determinants"":32,""directed_double_edges"":550,""directed_single_edges"":292,""double_degree_max"":21,""double_degree_mean"":17.1875,""double_degree_min"":11,""double_edge_density"":0.5544354838709677,""single_degree_max"":20,""single_degree_mean"":9.125,""single_degree_min"":4,""single_edge_density"":0.29435483870967744,""unordered_pair_comparisons"":496},""beta"":{""determinants"":32,""directed_double_edges"":550,""directed_single_edges"":292,""double_degree_max"":21,""double_degree_mean"":17.1875,""double_degree_min"":11,""double_edge_density"":0.5544354838709677,""single_degree_max"":20,""single_degree_mean"":9.125,""single_degree_min"":4,""single_edge_density"":0.29435483870967744,""unordered_pair_comparisons"":496},""pair_comparisons"":992},""connectivity_pair_limit"":1000000,""fcidump"":{""compact_two_electron_slots"":45150,""core_integrals"":1,""exact_zero_integrals"":0,""file_bytes"":1124056,""integral_records"":26647,""isym"":1,""max_abs_integral"":33.02799415966381,""ms2"":0,""n_electrons"":10,""n_orbitals"":24,""one_electron_integrals"":202,""orbsym"":[1,1,1,1,1,1,1,1,1,1,1,1,1,1,1,1,1,1,1,1,1,1,1,1],""path"":""/home/nagan/autosbd-sc26-rg/external/riken-sbd/data/h2o/fcidump.txt"",""sha256"":""a3c2302834a33dce7260e8050a3f5180e05dbba1bb748f3e2f6410a7eacbd94d"",""source_integral_doubles"":48606,""sum_abs_integrals"":783.0966481208136,""two_electron_fill_density"":0.5856921373200443,""two_electron_integrals"":26444},""log1p_method0_work_proxy"":11.850661188769525,""log1p_n_configurations"":6.932447891572509,""method0_work_proxy"":140176,""n_configurations"":1024}"
1978b275c6a2c993cb517b4822bb5d3c77e25ca9e8fa44ded0c8410bb4b32270,c2d8bb917194a1d75b0856173f7813d6836bce4bf946fc6f423756153cf281ad,0,2026-08-01T16:18:34.205362Z,2026-08-01T16:18:35.111031Z,false,timing_ineligible;warmup,warmup,0,h2o,H2O,cc-pVDZ,h2o-prefix-0032,bc8b7df3cfd9b36edc9a7de5e173ba97c6d3260c199b68c67f44ddff94624373,amd-l4-default,gpu,1,0.8406894560030196,0.037146,0.00046,,,24,32,32,1024,140176,79.4921875,16.0,"{""alpha"":{""bit_length"":24,""count"":32,""file_bytes"":800,""occupancy_max"":5,""occupancy_mean"":5.0,""occupancy_min"":5,""occupancy_variance"":0.0,""path"":""/home/nagan/autosbd-sc26-rg/data/derived/phase_b_prefixes/h2o/AlphaDets_n0032.txt"",""sha256"":""6f1fcf262ca0e91cbede71522a4f756cc801a0c7730d2e16552876386f6da58f"",""unique_count"":32},""beta"":{""bit_length"":24,""count"":32,""file_bytes"":800,""occupancy_max"":5,""occupancy_mean"":5.0,""occupancy_min"":5,""occupancy_variance"":0.0,""path"":""/home/nagan/autosbd-sc26-rg/data/derived/phase_b_prefixes/h2o/AlphaDets_n0032.txt"",""sha256"":""6f1fcf262ca0e91cbede71522a4f756cc801a0c7730d2e16552876386f6da58f"",""unique_count"":32},""beta_reuses_alpha"":true,""combined_input_sha256"":""bc8b7df3cfd9b36edc9a7de5e173ba97c6d3260c199b68c67f44ddff94624373"",""connectivity"":{""alpha"":{""determinants"":32,""directed_double_edges"":550,""directed_single_edges"":292,""double_degree_max"":21,""double_degree_mean"":17.1875,""double_degree_min"":11,""double_edge_density"":0.5544354838709677,""single_degree_max"":20,""single_degree_mean"":9.125,""single_degree_min"":4,""single_edge_density"":0.29435483870967744,""unordered_pair_comparisons"":496},""beta"":{""determinants"":32,""directed_double_edges"":550,""directed_single_edges"":292,""double_degree_max"":21,""double_degree_mean"":17.1875,""double_degree_min"":11,""double_edge_density"":0.5544354838709677,""single_degree_max"":20,""single_degree_mean"":9.125,""single_degree_min"":4,""single_edge_density"":0.29435483870967744,""unordered_pair_comparisons"":496},""pair_comparisons"":992},""connectivity_pair_limit"":1000000,""fcidump"":{""compact_two_electron_slots"":45150,""core_integrals"":1,""exact_zero_integrals"":0,""file_bytes"":1124056,""integral_records"":26647,""isym"":1,""max_abs_integral"":33.02799415966381,""ms2"":0,""n_electrons"":10,""n_orbitals"":24,""one_electron_integrals"":202,""orbsym"":[1,1,1,1,1,1,1,1,1,1,1,1,1,1,1,1,1,1,1,1,1,1,1,1],""path"":""/home/nagan/autosbd-sc26-rg/external/riken-sbd/data/h2o/fcidump.txt"",""sha256"":""a3c2302834a33dce7260e8050a3f5180e05dbba1bb748f3e2f6410a7eacbd94d"",""source_integral_doubles"":48606,""sum_abs_integrals"":783.0966481208136,""two_electron_fill_density"":0.5856921373200443,""two_electron_integrals"":26444},""log1p_method0_work_proxy"":11.850661188769525,""log1p_n_configurations"":6.932447891572509,""method0_work_proxy"":140176,""n_configurations"":1024}"
96146d5bd90ca43b2f8a51c9131167aa1811dcd64df7d0364002243a8431fc91,b96abd85c00b3c8127dc2e89786e640a93e02568f2f30fa5565d07f4c847a1f4,0,2026-08-01T16:18:36.589102Z,2026-08-01T16:18:37.363482Z,false,timing_ineligible;warmup,warmup,0,h2o,H2O,cc-pVDZ,h2o-prefix-0055,d0872935a2dc0f51499913dbc2f2300c4158877041671b5eb2d7406276f4b6e4,amd-cpu-16,cpu,16,0.7088733910059091,0.128851,0.0029389999999999998,,,24,55,55,3025,564481,22.859375,,"{""alpha"":{""bit_length"":24,""count"":55,""file_bytes"":1375,""occupancy_max"":5,""occupancy_mean"":5.0,""occupancy_min"":5,""occupancy_variance"":0.0,""path"":""/home/nagan/autosbd-sc26-rg/data/derived/phase_b_prefixes/h2o/AlphaDets_n0055.txt"",""sha256"":""5e4b39a5043f24f7cdaabbc08de83d9d0b1d7e7bd44d0ee17093d9434de09463"",""unique_count"":55},""beta"":{""bit_length"":24,""count"":55,""file_bytes"":1375,""occupancy_max"":5,""occupancy_mean"":5.0,""occupancy_min"":5,""occupancy_variance"":0.0,""path"":""/home/nagan/autosbd-sc26-rg/data/derived/phase_b_prefixes/h2o/AlphaDets_n0055.txt"",""sha256"":""5e4b39a5043f24f7cdaabbc08de83d9d0b1d7e7bd44d0ee17093d9434de09463"",""unique_count"":55},""beta_reuses_alpha"":true,""combined_input_sha256"":""d0872935a2dc0f51499913dbc2f2300c4158877041671b5eb2d7406276f4b6e4"",""connectivity"":{""alpha"":{""determinants"":55,""directed_double_edges"":1512,""directed_single_edges"":576,""double_degree_max"":36,""double_degree_mean"":27.490909090909092,""double_degree_min"":16,""double_edge_density"":0.509090909090909,""single_degree_max"":27,""single_degree_mean"":10.472727272727273,""single_degree_min"":4,""single_edge_density"":0.19393939393939394,""unordered_pair_comparisons"":1485},""beta"":{""determinants"":55,""directed_double_edges"":1512,""directed_single_edges"":576,""double_degree_max"":36,""double_degree_mean"":27.490909090909092,""double_degree_min"":16,""double_edge_density"":0.509090909090909,""single_degree_max"":27,""single_degree_mean"":10.472727272727273,""single_degree_min"":4,""single_edge_density"":0.19393939393939394,""unordered_pair_comparisons"":1485},""pair_comparisons"":2970},""connectivity_pair_limit"":1000000,""fcidump"":{""compact_two_electron_slots"":45150,""core_integrals"":1,""exact_zero_integrals"":0,""file_bytes"":1124056,""integral_records"":26647,""isym"":1,""max_abs_integral"":33.02799415966381,""ms2"":0,""n_electrons"":10,""n_orbitals"":24,""one_electron_integrals"":202,""orbsym"":[1,1,1,1,1,1,1,1,1,1,1,1,1,1,1,1,1,1,1,1,1,1,1,1],""path"":""/home/nagan/autosbd-sc26-rg/external/riken-sbd/data/h2o/fcidump.txt"",""sha256"":""a3c2302834a33dce7260e8050a3f5180e05dbba1bb748f3e2f6410a7eacbd94d"",""source_integral_doubles"":48606,""sum_abs_integrals"":783.0966481208136,""two_electron_fill_density"":0.5856921373200443,""two_electron_integrals"":26444},""log1p_method0_work_proxy"":13.243663775438133,""log1p_n_configurations"":8.0149968943483,""method0_work_proxy"":564481,""n_configurations"":3025}"
7624215a162a5ceb77f11a2e8cad96608f914ef5efee10557494701bc39a2f99,976c192e5c9c812740c30e4b9ba98fc4618ec8eb96c82255919fd054d3f1eae3,0,2026-08-01T16:18:38.982539Z,2026-08-01T16:18:40.055394Z,false,timing_ineligible;warmup,warmup,0,h2o,H2O,cc-pVDZ,h2o-prefix-0055,d0872935a2dc0f51499913dbc2f2300c4158877041671b5eb2d7406276f4b6e4,amd-l4-default,gpu,1,1.007717150991084,0.07127,0.001205,,,24,55,55,3025,564481,79.27734375,20.0,"{""alpha"":{""bit_length"":24,""count"":55,""file_bytes"":1375,""occupancy_max"":5,""occupancy_mean"":5.0,""occupancy_min"":5,""occupancy_variance"":0.0,""path"":""/home/nagan/autosbd-sc26-rg/data/derived/phase_b_prefixes/h2o/AlphaDets_n0055.txt"",""sha256"":""5e4b39a5043f24f7cdaabbc08de83d9d0b1d7e7bd44d0ee17093d9434de09463"",""unique_count"":55},""beta"":{""bit_length"":24,""count"":55,""file_bytes"":1375,""occupancy_max"":5,""occupancy_mean"":5.0,""occupancy_min"":5,""occupancy_variance"":0.0,""path"":""/home/nagan/autosbd-sc26-rg/data/derived/phase_b_prefixes/h2o/AlphaDets_n0055.txt"",""sha256"":""5e4b39a5043f24f7cdaabbc08de83d9d0b1d7e7bd44d0ee17093d9434de09463"",""unique_count"":55},""beta_reuses_alpha"":true,""combined_input_sha256"":""d0872935a2dc0f51499913dbc2f2300c4158877041671b5eb2d7406276f4b6e4"",""connectivity"":{""alpha"":{""determinants"":55,""directed_double_edges"":1512,""directed_single_edges"":576,""double_degree_max"":36,""double_degree_mean"":27.490909090909092,""double_degree_min"":16,""double_edge_density"":0.509090909090909,""single_degree_max"":27,""single_degree_mean"":10.472727272727273,""single_degree_min"":4,""single_edge_density"":0.19393939393939394,""unordered_pair_comparisons"":1485},""beta"":{""determinants"":55,""directed_double_edges"":1512,""directed_single_edges"":576,""double_degree_max"":36,""double_degree_mean"":27.490909090909092,""double_degree_min"":16,""double_edge_density"":0.509090909090909,""single_degree_max"":27,""single_degree_mean"":10.472727272727273,""single_degree_min"":4,""single_edge_density"":0.19393939393939394,""unordered_pair_comparisons"":1485},""pair_comparisons"":2970},""connectivity_pair_limit"":1000000,""fcidump"":{""compact_two_electron_slots"":45150,""core_integrals"":1,""exact_zero_integrals"":0,""file_bytes"":1124056,""integral_records"":26647,""isym"":1,""max_abs_integral"":33.02799415966381,""ms2"":0,""n_electrons"":10,""n_orbitals"":24,""one_electron_integrals"":202,""orbsym"":[1,1,1,1,1,1,1,1,1,1,1,1,1,1,1,1,1,1,1,1,1,1,1,1],""path"":""/home/nagan/autosbd-sc26-rg/external/riken-sbd/data/h2o/fcidump.txt"",""sha256"":""a3c2302834a33dce7260e8050a3f5180e05dbba1bb748f3e2f6410a7eacbd94d"",""source_integral_doubles"":48606,""sum_abs_integrals"":783.0966481208136,""two_electron_fill_density"":0.5856921373200443,""two_electron_integrals"":26444},""log1p_method0_work_proxy"":13.243663775438133,""log1p_n_configurations"":8.0149968943483,""method0_work_proxy"":564481,""n_configurations"":3025}"
1f30a286fd904fe2716f31bd788fb12782f0dcc5342fb863034e2482b0f26fd3,fbebd5cfedfd0005f58cad7d1c051527915a2fc748f8733bda423da3a89006e0,0,2026-08-01T16:18:41.788243Z,2026-08-01T16:18:42.843372Z,false,timing_ineligible;warmup,warmup,0,h2o,H2O,cc-pVDZ,h2o-prefix-0100,8f6d951383efdfa90bdfdc8fc43e537f3e939861f6d1cd6b81d4217d95861751,amd-l4-default,gpu,1,0.9925770340050803,0.172023,0.0035629999999999998,,,24,100,100,10000,2899216,120.95703125,192.0,"{""alpha"":{""bit_length"":24,""count"":100,""file_bytes"":2500,""occupancy_max"":5,""occupancy_mean"":5.0,""occupancy_min"":5,""occupancy_variance"":0.0,""path"":""/home/nagan/autosbd-sc26-rg/data/derived/phase_b_prefixes/h2o/AlphaDets_n0100.txt"",""sha256"":""e9839cc16b450597bac2d0e1c9e8357d6de0e76b6755aab0d3e73419ab329ce3"",""unique_count"":100},""beta"":{""bit_length"":24,""count"":100,""file_bytes"":2500,""occupancy_max"":5,""occupancy_mean"":5.0,""occupancy_min"":5,""occupancy_variance"":0.0,""path"":""/home/nagan/autosbd-sc26-rg/data/derived/phase_b_prefixes/h2o/AlphaDets_n0100.txt"",""sha256"":""e9839cc16b450597bac2d0e1c9e8357d6de0e76b6755aab0d3e73419ab329ce3"",""unique_count"":100},""beta_reuses_alpha"":true,""combined_input_sha256"":""8f6d951383efdfa90bdfdc8fc43e537f3e939861f6d1cd6b81d4217d95861751"",""connectivity"":{""alpha"":{""determinants"":100,""directed_double_edges"":4640,""directed_single_edges"":1304,""double_degree_max"":66,""double_degree_mean"":46.4,""double_degree_min"":21,""double_edge_density"":0.4686868686868687,""single_degree_max"":41,""single_degree_mean"":13.04,""single_degree_min"":4,""single_edge_density"":0.1317171717171717,""unordered_pair_comparisons"":4950},""beta"":{""determinants"":100,""directed_double_edges"":4640,""directed_single_edges"":1304,""double_degree_max"":66,""double_degree_mean"":46.4,""double_degree_min"":21,""double_edge_density"":0.4686868686868687,""single_degree_max"":41,""single_degree_mean"":13.04,""single_degree_min"":4,""single_edge_density"":0.1317171717171717,""unordered_pair_comparisons"":4950},""pair_comparisons"":9900},""connectivity_pair_limit"":1000000,""fcidump"":{""compact_two_electron_slots"":45150,""core_integrals"":1,""exact_zero_integrals"":0,""file_bytes"":1124056,""integral_records"":26647,""isym"":1,""max_abs_integral"":33.02799415966381,""ms2"":0,""n_electrons"":10,""n_orbitals"":24,""one_electron_integrals"":202,""orbsym"":[1,1,1,1,1,1,1,1,1,1,1,1,1,1,1,1,1,1,1,1,1,1,1,1],""path"":""/home/nagan/autosbd-sc26-rg/external/riken-sbd/data/h2o/fcidump.txt"",""sha256"":""a3c2302834a33dce7260e8050a3f5180e05dbba1bb748f3e2f6410a7eacbd94d"",""source_integral_doubles"":48606,""sum_abs_integrals"":783.0966481208136,""two_electron_fill_density"":0.5856921373200443,""two_electron_integrals"":26444},""log1p_method0_work_proxy"":14.87995125850014,""log1p_n_configurations"":9.210440366976517,""method0_work_proxy"":2899216,""n_configurations"":10000}"
eb588f51a727973449d1d641e9aa5b66be2302a3c96bc1192ca3b16d50177fc3,9a790ca54c4c1a75a4949fcb7b449f8641dbe77b7da5776b4cee726e8f33db53,0,2026-08-01T16:18:44.702681Z,2026-08-01T16:18:46.077806Z,false,timing_ineligible;warmup,warmup,0,h2o,H2O,cc-pVDZ,h2o-prefix-0100,8f6d951383efdfa90bdfdc8fc43e537f3e939861f6d1cd6b81d4217d95861751,amd-cpu-16,cpu,16,1.3103030030033551,0.6587529999999999,0.002993,,,24,100,100,10000,2899216,24.41015625,,"{""alpha"":{""bit_length"":24,""count"":100,""file_bytes"":2500,""occupancy_max"":5,""occupancy_mean"":5.0,""occupancy_min"":5,""occupancy_variance"":0.0,""path"":""/home/nagan/autosbd-sc26-rg/data/derived/phase_b_prefixes/h2o/AlphaDets_n0100.txt"",""sha256"":""e9839cc16b450597bac2d0e1c9e8357d6de0e76b6755aab0d3e73419ab329ce3"",""unique_count"":100},""beta"":{""bit_length"":24,""count"":100,""file_bytes"":2500,""occupancy_max"":5,""occupancy_mean"":5.0,""occupancy_min"":5,""occupancy_variance"":0.0,""path"":""/home/nagan/autosbd-sc26-rg/data/derived/phase_b_prefixes/h2o/AlphaDets_n0100.txt"",""sha256"":""e9839cc16b450597bac2d0e1c9e8357d6de0e76b6755aab0d3e73419ab329ce3"",""unique_count"":100},""beta_reuses_alpha"":true,""combined_input_sha256"":""8f6d951383efdfa90bdfdc8fc43e537f3e939861f6d1cd6b81d4217d95861751"",""connectivity"":{""alpha"":{""determinants"":100,""directed_double_edges"":4640,""directed_single_edges"":1304,""double_degree_max"":66,""double_degree_mean"":46.4,""double_degree_min"":21,""double_edge_density"":0.4686868686868687,""single_degree_max"":41,""single_degree_mean"":13.04,""single_degree_min"":4,""single_edge_density"":0.1317171717171717,""unordered_pair_comparisons"":4950},""beta"":{""determinants"":100,""directed_double_edges"":4640,""directed_single_edges"":1304,""double_degree_max"":66,""double_degree_mean"":46.4,""double_degree_min"":21,""double_edge_density"":0.4686868686868687,""single_degree_max"":41,""single_degree_mean"":13.04,""single_degree_min"":4,""single_edge_density"":0.1317171717171717,""unordered_pair_comparisons"":4950},""pair_comparisons"":9900},""connectivity_pair_limit"":1000000,""fcidump"":{""compact_two_electron_slots"":45150,""core_integrals"":1,""exact_zero_integrals"":0,""file_bytes"":1124056,""integral_records"":26647,""isym"":1,""max_abs_integral"":33.02799415966381,""ms2"":0,""n_electrons"":10,""n_orbitals"":24,""one_electron_integrals"":202,""orbsym"":[1,1,1,1,1,1,1,1,1,1,1,1,1,1,1,1,1,1,1,1,1,1,1,1],""path"":""/home/nagan/autosbd-sc26-rg/external/riken-sbd/data/h2o/fcidump.txt"",""sha256"":""a3c2302834a33dce7260e8050a3f5180e05dbba1bb748f3e2f6410a7eacbd94d"",""source_integral_doubles"":48606,""sum_abs_integrals"":783.0966481208136,""two_electron_fill_density"":0.5856921373200443,""two_electron_integrals"":26444},""log1p_method0_work_proxy"":14.87995125850014,""log1p_n_configurations"":9.210440366976517,""method0_work_proxy"":2899216,""n_configurations"":10000}"
50f2e9376b380df43102bc84b9117655d4f61ce5592d202ad789a1f7a1172802,f8b3e81796fb47166142524c04550a2ff6973f238214c5ba498662aafecae2eb,0,2026-08-01T16:18:48.060412Z,2026-08-01T16:18:51.745139Z,false,timing_ineligible;warmup,warmup,0,h2o,H2O,cc-pVDZ,h2o-prefix-0174,54238461a8e4af6e254f60eecaa74512c6dee9fa209ca461041b5dea338aa659,amd-cpu-16,cpu,16,3.623175815999275,2.861212,0.004256,,,24,174,174,30276,12665248,29.94140625,,"{""alpha"":{""bit_length"":24,""count"":174,""file_bytes"":4350,""occupancy_max"":5,""occupancy_mean"":5.0,""occupancy_min"":5,""occupancy_variance"":0.0,""path"":""/home/nagan/autosbd-sc26-rg/data/derived/phase_b_prefixes/h2o/AlphaDets_n0174.txt"",""sha256"":""5cb369df17d90da84c3fb7fb13ff45a490e56281d262c8ae968e235b93c82c10"",""unique_count"":174},""beta"":{""bit_length"":24,""count"":174,""file_bytes"":4350,""occupancy_max"":5,""occupancy_mean"":5.0,""occupancy_min"":5,""occupancy_variance"":0.0,""path"":""/home/nagan/autosbd-sc26-rg/data/derived/phase_b_prefixes/h2o/AlphaDets_n0174.txt"",""sha256"":""5cb369df17d90da84c3fb7fb13ff45a490e56281d262c8ae968e235b93c82c10"",""unique_count"":174},""beta_reuses_alpha"":true,""combined_input_sha256"":""54238461a8e4af6e254f60eecaa74512c6dee9fa209ca461041b5dea338aa659"",""connectivity"":{""alpha"":{""determinants"":174,""directed_double_edges"":12824,""directed_single_edges"":2690,""double_degree_max"":113,""double_degree_mean"":73.70114942528735,""double_degree_min"":31,""double_edge_density"":0.42601820477044716,""single_degree_max"":57,""single_degree_mean"":15.459770114942529,""single_degree_min"":4,""single_edge_density"":0.08936283303434987,""unordered_pair_comparisons"":15051},""beta"":{""determinants"":174,""directed_double_edges"":12824,""directed_single_edges"":2690,""double_degree_max"":113,""double_degree_mean"":73.70114942528735,""double_degree_min"":31,""double_edge_density"":0.42601820477044716,""single_degree_max"":57,""single_degree_mean"":15.459770114942529,""single_degree_min"":4,""single_edge_density"":0.08936283303434987,""unordered_pair_comparisons"":15051},""pair_comparisons"":30102},""connectivity_pair_limit"":1000000,""fcidump"":{""compact_two_electron_slots"":45150,""core_integrals"":1,""exact_zero_integrals"":0,""file_bytes"":1124056,""integral_records"":26647,""isym"":1,""max_abs_integral"":33.02799415966381,""ms2"":0,""n_electrons"":10,""n_orbitals"":24,""one_electron_integrals"":202,""orbsym"":[1,1,1,1,1,1,1,1,1,1,1,1,1,1,1,1,1,1,1,1,1,1,1,1],""path"":""/home/nagan/autosbd-sc26-rg/external/riken-sbd/data/h2o/fcidump.txt"",""sha256"":""a3c2302834a33dce7260e8050a3f5180e05dbba1bb748f3e2f6410a7eacbd94d"",""source_integral_doubles"":48606,""sum_abs_integrals"":783.0966481208136,""two_electron_fill_density"":0.5856921373200443,""two_electron_integrals"":26444},""log1p_method0_work_proxy"":16.35437250170629,""log1p_n_configurations"":10.318143627345878,""method0_work_proxy"":12665248,""n_configurations"":30276}"
9a5a1d7a479213bc1808e72c96689af8de66a14967878118d7d723ecea3b23ff,db021094cb3163f888dee8ff1c2d358c1fe9bba7dec8c78b066bb26f4e3fe39e,0,2026-08-01T16:18:53.870881Z,2026-08-01T16:18:55.240951Z,false,timing_ineligible;warmup,warmup,0,h2o,H2O,cc-pVDZ,h2o-prefix-0174,54238461a8e4af6e254f60eecaa74512c6dee9fa209ca461041b5dea338aa659,amd-l4-default,gpu,1,1.3041720790060936,0.410024,0.010515,,,24,174,174,30276,12665248,126.16796875,194.0,"{""alpha"":{""bit_length"":24,""count"":174,""file_bytes"":4350,""occupancy_max"":5,""occupancy_mean"":5.0,""occupancy_min"":5,""occupancy_variance"":0.0,""path"":""/home/nagan/autosbd-sc26-rg/data/derived/phase_b_prefixes/h2o/AlphaDets_n0174.txt"",""sha256"":""5cb369df17d90da84c3fb7fb13ff45a490e56281d262c8ae968e235b93c82c10"",""unique_count"":174},""beta"":{""bit_length"":24,""count"":174,""file_bytes"":4350,""occupancy_max"":5,""occupancy_mean"":5.0,""occupancy_min"":5,""occupancy_variance"":0.0,""path"":""/home/nagan/autosbd-sc26-rg/data/derived/phase_b_prefixes/h2o/AlphaDets_n0174.txt"",""sha256"":""5cb369df17d90da84c3fb7fb13ff45a490e56281d262c8ae968e235b93c82c10"",""unique_count"":174},""beta_reuses_alpha"":true,""combined_input_sha256"":""54238461a8e4af6e254f60eecaa74512c6dee9fa209ca461041b5dea338aa659"",""connectivity"":{""alpha"":{""determinants"":174,""directed_double_edges"":12824,""directed_single_edges"":2690,""double_degree_max"":113,""double_degree_mean"":73.70114942528735,""double_degree_min"":31,""double_edge_density"":0.42601820477044716,""single_degree_max"":57,""single_degree_mean"":15.459770114942529,""single_degree_min"":4,""single_edge_density"":0.08936283303434987,""unordered_pair_comparisons"":15051},""beta"":{""determinants"":174,""directed_double_edges"":12824,""directed_single_edges"":2690,""double_degree_max"":113,""double_degree_mean"":73.70114942528735,""double_degree_min"":31,""double_edge_density"":0.42601820477044716,""single_degree_max"":57,""single_degree_mean"":15.459770114942529,""single_degree_min"":4,""single_edge_density"":0.08936283303434987,""unordered_pair_comparisons"":15051},""pair_comparisons"":30102},""connectivity_pair_limit"":1000000,""fcidump"":{""compact_two_electron_slots"":45150,""core_integrals"":1,""exact_zero_integrals"":0,""file_bytes"":1124056,""integral_records"":26647,""isym"":1,""max_abs_integral"":33.02799415966381,""ms2"":0,""n_electrons"":10,""n_orbitals"":24,""one_electron_integrals"":202,""orbsym"":[1,1,1,1,1,1,1,1,1,1,1,1,1,1,1,1,1,1,1,1,1,1,1,1],""path"":""/home/nagan/autosbd-sc26-rg/external/riken-sbd/data/h2o/fcidump.txt"",""sha256"":""a3c2302834a33dce7260e8050a3f5180e05dbba1bb748f3e2f6410a7eacbd94d"",""source_integral_doubles"":48606,""sum_abs_integrals"":783.0966481208136,""two_electron_fill_density"":0.5856921373200443,""two_electron_integrals"":26444},""log1p_method0_work_proxy"":16.35437250170629,""log1p_n_configurations"":10.318143627345878,""method0_work_proxy"":12665248,""n_configurations"":30276}"
a6cb670f0d04580ad6c19e1a57d5fed544bd603b704b20befa242be5b9446f1d,0a9ada2c55e986e8ebd5d2b8bb74f814a2d7b7d64ea2200f9710e665689396b5,0,2026-08-01T16:18:57.527101Z,2026-08-01T16:18:59.341485Z,false,timing_ineligible;warmup,warmup,0,h2o,H2O,cc-pVDZ,h2o-prefix-0275,ee17c38802ca7e869797f014dbc4957e7b589cc2cb8e2f2068c37fc2af1a150d,amd-l4-default,gpu,1,1.7483775949949631,0.863624,0.026198,,,24,275,275,75625,42706525,138.1875,196.0,"{""alpha"":{""bit_length"":24,""count"":275,""file_bytes"":6875,""occupancy_max"":5,""occupancy_mean"":5.0,""occupancy_min"":5,""occupancy_variance"":0.0,""path"":""/home/nagan/autosbd-sc26-rg/data/derived/phase_b_prefixes/h2o/AlphaDets_n0275.txt"",""sha256"":""ea94906047a1d081d493066478e9f009c07cb4286541f1781060081205fd5a67"",""unique_count"":275},""beta"":{""bit_length"":24,""count"":275,""file_bytes"":6875,""occupancy_max"":5,""occupancy_mean"":5.0,""occupancy_min"":5,""occupancy_variance"":0.0,""path"":""/home/nagan/autosbd-sc26-rg/data/derived/phase_b_prefixes/h2o/AlphaDets_n0275.txt"",""sha256"":""ea94906047a1d081d493066478e9f009c07cb4286541f1781060081205fd5a67"",""unique_count"":275},""beta_reuses_alpha"":true,""combined_input_sha256"":""ee17c38802ca7e869797f014dbc4957e7b589cc2cb8e2f2068c37fc2af1a150d"",""connectivity"":{""alpha"":{""determinants"":275,""directed_double_edges"":29706,""directed_single_edges"":4860,""double_degree_max"":193,""double_degree_mean"":108.02181818181818,""double_degree_min"":39,""double_edge_density"":0.39424021234240214,""single_degree_max"":77,""single_degree_mean"":17.672727272727272,""single_degree_min"":4,""single_edge_density"":0.06449900464499005,""unordered_pair_comparisons"":37675},""beta"":{""determinants"":275,""directed_double_edges"":29706,""directed_single_edges"":4860,""double_degree_max"":193,""double_degree_mean"":108.02181818181818,""double_degree_min"":39,""double_edge_density"":0.39424021234240214,""single_degree_max"":77,""single_degree_mean"":17.672727272727272,""single_degree_min"":4,""single_edge_density"":0.06449900464499005,""unordered_pair_comparisons"":37675},""pair_comparisons"":75350},""connectivity_pair_limit"":1000000,""fcidump"":{""compact_two_electron_slots"":45150,""core_integrals"":1,""exact_zero_integrals"":0,""file_bytes"":1124056,""integral_records"":26647,""isym"":1,""max_abs_integral"":33.02799415966381,""ms2"":0,""n_electrons"":10,""n_orbitals"":24,""one_electron_integrals"":202,""orbsym"":[1,1,1,1,1,1,1,1,1,1,1,1,1,1,1,1,1,1,1,1,1,1,1,1],""path"":""/home/nagan/autosbd-sc26-rg/external/riken-sbd/data/h2o/fcidump.txt"",""sha256"":""a3c2302834a33dce7260e8050a3f5180e05dbba1bb748f3e2f6410a7eacbd94d"",""source_integral_doubles"":48606,""sum_abs_integrals"":783.0966481208136,""two_electron_fill_density"":0.5856921373200443,""two_electron_integrals"":26444},""log1p_method0_work_proxy"":17.569862300244623,""log1p_n_configurations"":11.233555418386214,""method0_work_proxy"":42706525,""n_configurations"":75625}"
08ffab6aba5723bc739d41575283f1ba625baa1790c051b137f941e25e5348fe,36dcbe2740e37707541fcd5dba66275877a2f56edcf810ef7dbd2397feb386a7,0,2026-08-01T16:19:01.740188Z,2026-08-01T16:19:12.570112Z,false,timing_ineligible;warmup,warmup,0,h2o,H2O,cc-pVDZ,h2o-prefix-0275,ee17c38802ca7e869797f014dbc4957e7b589cc2cb8e2f2068c37fc2af1a150d,amd-cpu-16,cpu,16,10.763701408999623,9.691844999999999,0.007735999999999999,,,24,275,275,75625,42706525,41.33203125,,"{""alpha"":{""bit_length"":24,""count"":275,""file_bytes"":6875,""occupancy_max"":5,""occupancy_mean"":5.0,""occupancy_min"":5,""occupancy_variance"":0.0,""path"":""/home/nagan/autosbd-sc26-rg/data/derived/phase_b_prefixes/h2o/AlphaDets_n0275.txt"",""sha256"":""ea94906047a1d081d493066478e9f009c07cb4286541f1781060081205fd5a67"",""unique_count"":275},""beta"":{""bit_length"":24,""count"":275,""file_bytes"":6875,""occupancy_max"":5,""occupancy_mean"":5.0,""occupancy_min"":5,""occupancy_variance"":0.0,""path"":""/home/nagan/autosbd-sc26-rg/data/derived/phase_b_prefixes/h2o/AlphaDets_n0275.txt"",""sha256"":""ea94906047a1d081d493066478e9f009c07cb4286541f1781060081205fd5a67"",""unique_count"":275},""beta_reuses_alpha"":true,""combined_input_sha256"":""ee17c38802ca7e869797f014dbc4957e7b589cc2cb8e2f2068c37fc2af1a150d"",""connectivity"":{""alpha"":{""determinants"":275,""directed_double_edges"":29706,""directed_single_edges"":4860,""double_degree_max"":193,""double_degree_mean"":108.02181818181818,""double_degree_min"":39,""double_edge_density"":0.39424021234240214,""single_degree_max"":77,""single_degree_mean"":17.672727272727272,""single_degree_min"":4,""single_edge_density"":0.06449900464499005,""unordered_pair_comparisons"":37675},""beta"":{""determinants"":275,""directed_double_edges"":29706,""directed_single_edges"":4860,""double_degree_max"":193,""double_degree_mean"":108.02181818181818,""double_degree_min"":39,""double_edge_density"":0.39424021234240214,""single_degree_max"":77,""single_degree_mean"":17.672727272727272,""single_degree_min"":4,""single_edge_density"":0.06449900464499005,""unordered_pair_comparisons"":37675},""pair_comparisons"":75350},""connectivity_pair_limit"":1000000,""fcidump"":{""compact_two_electron_slots"":45150,""core_integrals"":1,""exact_zero_integrals"":0,""file_bytes"":1124056,""integral_records"":26647,""isym"":1,""max_abs_integral"":33.02799415966381,""ms2"":0,""n_electrons"":10,""n_orbitals"":24,""one_electron_integrals"":202,""orbsym"":[1,1,1,1,1,1,1,1,1,1,1,1,1,1,1,1,1,1,1,1,1,1,1,1],""path"":""/home/nagan/autosbd-sc26-rg/external/riken-sbd/data/h2o/fcidump.txt"",""sha256"":""a3c2302834a33dce7260e8050a3f5180e05dbba1bb748f3e2f6410a7eacbd94d"",""source_integral_doubles"":48606,""sum_abs_integrals"":783.0966481208136,""two_electron_fill_density"":0.5856921373200443,""two_electron_integrals"":26444},""log1p_method0_work_proxy"":17.569862300244623,""log1p_n_configurations"":11.233555418386214,""method0_work_proxy"":42706525,""n_configurations"":75625}"
efabc4001127f1b0cc9e3b544eb0e01f6195c78a4f9db41b6c278e28e6e96f5f,9882821037bc68d4a49923f2083c543537309dfeb6560dc95f4c6fb0ead4516a,0,2026-08-01T16:19:15.047634Z,2026-08-01T16:19:15.990016Z,true,,measured,0,n2,N2,6-31G,n2-prefix-0032,ec17e257f65c7e916b64077cad82f26ee99ce1d11991cf89affedccaafd1aa76,amd-l4-default,gpu,1,0.8832878190005431,0.023522,0.000386,,,18,32,32,1024,170180,116.76953125,190.0,"{""alpha"":{""bit_length"":18,""count"":32,""file_bytes"":608,""occupancy_max"":7,""occupancy_mean"":7.0,""occupancy_min"":7,""occupancy_variance"":0.0,""path"":""/home/nagan/autosbd-sc26-rg/data/derived/phase_b_prefixes/n2/AlphaDets_n0032.txt"",""sha256"":""3d2406670cadd5ba16089fa08af208b469208d3afaf09ff6268aa6bfd2ea7b7d"",""unique_count"":32},""beta"":{""bit_length"":18,""count"":32,""file_bytes"":608,""occupancy_max"":7,""occupancy_mean"":7.0,""occupancy_min"":7,""occupancy_variance"":0.0,""path"":""/home/nagan/autosbd-sc26-rg/data/derived/phase_b_prefixes/n2/AlphaDets_n0032.txt"",""sha256"":""3d2406670cadd5ba16089fa08af208b469208d3afaf09ff6268aa6bfd2ea7b7d"",""unique_count"":32},""beta_reuses_alpha"":true,""combined_input_sha256"":""ec17e257f65c7e916b64077cad82f26ee99ce1d11991cf89affedccaafd1aa76"",""connectivity"":{""alpha"":{""determinants"":32,""directed_double_edges"":520,""directed_single_edges"":338,""double_degree_max"":19,""double_degree_mean"":16.25,""double_degree_min"":14,""double_edge_density"":0.5241935483870968,""single_degree_max"":15,""single_degree_mean"":10.5625,""single_degree_min"":8,""single_edge_density"":0.3407258064516129,""unordered_pair_comparisons"":496},""beta"":{""determinants"":32,""directed_double_edges"":520,""directed_single_edges"":338,""double_degree_max"":19,""double_degree_mean"":16.25,""double_degree_min"":14,""double_edge_density"":0.5241935483870968,""single_degree_max"":15,""single_degree_mean"":10.5625,""single_degree_min"":8,""single_edge_density"":0.3407258064516129,""unordered_pair_comparisons"":496},""pair_comparisons"":992},""connectivity_pair_limit"":1000000,""fcidump"":{""compact_two_electron_slots"":14706,""core_integrals"":1,""exact_zero_integrals"":0,""file_bytes"":437951,""integral_records"":10325,""isym"":1,""max_abs_integral"":28.13104666664194,""ms2"":0,""n_electrons"":14,""n_orbitals"":18,""one_electron_integrals"":122,""orbsym"":[1,1,1,1,1,1,1,1,1,1,1,1,1,1,1,1,1,1],""path"":""/home/nagan/autosbd-sc26-rg/external/riken-sbd/data/n2/fcidump.txt"",""sha256"":""dee67eb5e8aee2f099953a52d7910db59bc7b284ad03a8fa7ffd2a4ba8efcf33"",""source_integral_doubles"":16650,""sum_abs_integrals"":500.99976876026955,""two_electron_fill_density"":0.6937304501563988,""two_electron_integrals"":10202},""log1p_method0_work_proxy"":12.044617855517439,""log1p_n_configurations"":6.932447891572509,""method0_work_proxy"":170180,""n_configurations"":1024}"
0592a3acd609f1a38ea9f1a33c4b9e1d52f59defa698619216e343f290f573c2,1173fcbe59434326a2d83b91f6814ee80de045cb5c1489ba8addd9aaf29074f2,0,2026-08-01T16:19:18.492604Z,2026-08-01T16:19:19.162020Z,true,,measured,0,n2,N2,6-31G,n2-prefix-0032,ec17e257f65c7e916b64077cad82f26ee99ce1d11991cf89affedccaafd1aa76,amd-cpu-16,cpu,16,0.6084291410079459,0.034026,0.002526,,,18,32,32,1024,170180,20.98828125,,"{""alpha"":{""bit_length"":18,""count"":32,""file_bytes"":608,""occupancy_max"":7,""occupancy_mean"":7.0,""occupancy_min"":7,""occupancy_variance"":0.0,""path"":""/home/nagan/autosbd-sc26-rg/data/derived/phase_b_prefixes/n2/AlphaDets_n0032.txt"",""sha256"":""3d2406670cadd5ba16089fa08af208b469208d3afaf09ff6268aa6bfd2ea7b7d"",""unique_count"":32},""beta"":{""bit_length"":18,""count"":32,""file_bytes"":608,""occupancy_max"":7,""occupancy_mean"":7.0,""occupancy_min"":7,""occupancy_variance"":0.0,""path"":""/home/nagan/autosbd-sc26-rg/data/derived/phase_b_prefixes/n2/AlphaDets_n0032.txt"",""sha256"":""3d2406670cadd5ba16089fa08af208b469208d3afaf09ff6268aa6bfd2ea7b7d"",""unique_count"":32},""beta_reuses_alpha"":true,""combined_input_sha256"":""ec17e257f65c7e916b64077cad82f26ee99ce1d11991cf89affedccaafd1aa76"",""connectivity"":{""alpha"":{""determinants"":32,""directed_double_edges"":520,""directed_single_edges"":338,""double_degree_max"":19,""double_degree_mean"":16.25,""double_degree_min"":14,""double_edge_density"":0.5241935483870968,""single_degree_max"":15,""single_degree_mean"":10.5625,""single_degree_min"":8,""single_edge_density"":0.3407258064516129,""unordered_pair_comparisons"":496},""beta"":{""determinants"":32,""directed_double_edges"":520,""directed_single_edges"":338,""double_degree_max"":19,""double_degree_mean"":16.25,""double_degree_min"":14,""double_edge_density"":0.5241935483870968,""single_degree_max"":15,""single_degree_mean"":10.5625,""single_degree_min"":8,""single_edge_density"":0.3407258064516129,""unordered_pair_comparisons"":496},""pair_comparisons"":992},""connectivity_pair_limit"":1000000,""fcidump"":{""compact_two_electron_slots"":14706,""core_integrals"":1,""exact_zero_integrals"":0,""file_bytes"":437951,""integral_records"":10325,""isym"":1,""max_abs_integral"":28.13104666664194,""ms2"":0,""n_electrons"":14,""n_orbitals"":18,""one_electron_integrals"":122,""orbsym"":[1,1,1,1,1,1,1,1,1,1,1,1,1,1,1,1,1,1],""path"":""/home/nagan/autosbd-sc26-rg/external/riken-sbd/data/n2/fcidump.txt"",""sha256"":""dee67eb5e8aee2f099953a52d7910db59bc7b284ad03a8fa7ffd2a4ba8efcf33"",""source_integral_doubles"":16650,""sum_abs_integrals"":500.99976876026955,""two_electron_fill_density"":0.6937304501563988,""two_electron_integrals"":10202},""log1p_method0_work_proxy"":12.044617855517439,""log1p_n_configurations"":6.932447891572509,""method0_work_proxy"":170180,""n_configurations"":1024}"
0df1f3a72e1b80892b785185249d089cf77c8ed249780ef045b0d924b71141aa,809a88833384b584b19d4b04f474147fb4d32e58aa07b59a1695f1175df2d398,0,2026-08-01T16:19:21.723925Z,2026-08-01T16:19:22.647987Z,true,,measured,0,n2,N2,6-31G,n2-prefix-0055,4507b50dbe257a7a5d0b15b1536c16526f2f0ab957eead9d7e17d765571a3637,amd-l4-default,gpu,1,0.8635288439982105,0.038851,0.001131,,,18,55,55,3025,712569,116.86328125,192.0,"{""alpha"":{""bit_length"":18,""count"":55,""file_bytes"":1045,""occupancy_max"":7,""occupancy_mean"":7.0,""occupancy_min"":7,""occupancy_variance"":0.0,""path"":""/home/nagan/autosbd-sc26-rg/data/derived/phase_b_prefixes/n2/AlphaDets_n0055.txt"",""sha256"":""75b771bea9661bb23f98f6e2bdd165e47841cee8e8de91c13959eb40abc54d79"",""unique_count"":55},""beta"":{""bit_length"":18,""count"":55,""file_bytes"":1045,""occupancy_max"":7,""occupancy_mean"":7.0,""occupancy_min"":7,""occupancy_variance"":0.0,""path"":""/home/nagan/autosbd-sc26-rg/data/derived/phase_b_prefixes/n2/AlphaDets_n0055.txt"",""sha256"":""75b771bea9661bb23f98f6e2bdd165e47841cee8e8de91c13959eb40abc54d79"",""unique_count"":55},""beta_reuses_alpha"":true,""combined_input_sha256"":""4507b50dbe257a7a5d0b15b1536c16526f2f0ab957eead9d7e17d765571a3637"",""connectivity"":{""alpha"":{""determinants"":55,""directed_double_edges"":1540,""directed_single_edges"":682,""double_degree_max"":32,""double_degree_mean"":28.0,""double_degree_min"":22,""double_edge_density"":0.5185185185185185,""single_degree_max"":20,""single_degree_mean"":12.4,""single_degree_min"":7,""single_edge_density"":0.22962962962962963,""unordered_pair_comparisons"":1485},""beta"":{""determinants"":55,""directed_double_edges"":1540,""directed_single_edges"":682,""double_degree_max"":32,""double_degree_mean"":28.0,""double_degree_min"":22,""double_edge_density"":0.5185185185185185,""single_degree_max"":20,""single_degree_mean"":12.4,""single_degree_min"":7,""single_edge_density"":0.22962962962962963,""unordered_pair_comparisons"":1485},""pair_comparisons"":2970},""connectivity_pair_limit"":1000000,""fcidump"":{""compact_two_electron_slots"":14706,""core_integrals"":1,""exact_zero_integrals"":0,""file_bytes"":437951,""integral_records"":10325,""isym"":1,""max_abs_integral"":28.13104666664194,""ms2"":0,""n_electrons"":14,""n_orbitals"":18,""one_electron_integrals"":122,""orbsym"":[1,1,1,1,1,1,1,1,1,1,1,1,1,1,1,1,1,1],""path"":""/home/nagan/autosbd-sc26-rg/external/riken-sbd/data/n2/fcidump.txt"",""sha256"":""dee67eb5e8aee2f099953a52d7910db59bc7b284ad03a8fa7ffd2a4ba8efcf33"",""source_integral_doubles"":16650,""sum_abs_integrals"":500.99976876026955,""two_electron_fill_density"":0.6937304501563988,""two_electron_integrals"":10202},""log1p_method0_work_proxy"":13.476633431913193,""log1p_n_configurations"":8.0149968943483,""method0_work_proxy"":712569,""n_configurations"":3025}"
296a7d1189306fe8a0638fb64ba0fa4245990e5e67e5af065cd8577f9e01cfec,c762dc9c7b743a93cebb15b8782a671608d1a0ed77373e6ae1b7297d67d4decc,0,2026-08-01T16:19:25.260295Z,2026-08-01T16:19:26.027518Z,true,,measured,0,n2,N2,6-31G,n2-prefix-0055,4507b50dbe257a7a5d0b15b1536c16526f2f0ab957eead9d7e17d765571a3637,amd-cpu-16,cpu,16,0.70849667499715,0.131603,0.002583,,,18,55,55,3025,712569,21.65234375,,"{""alpha"":{""bit_length"":18,""count"":55,""file_bytes"":1045,""occupancy_max"":7,""occupancy_mean"":7.0,""occupancy_min"":7,""occupancy_variance"":0.0,""path"":""/home/nagan/autosbd-sc26-rg/data/derived/phase_b_prefixes/n2/AlphaDets_n0055.txt"",""sha256"":""75b771bea9661bb23f98f6e2bdd165e47841cee8e8de91c13959eb40abc54d79"",""unique_count"":55},""beta"":{""bit_length"":18,""count"":55,""file_bytes"":1045,""occupancy_max"":7,""occupancy_mean"":7.0,""occupancy_min"":7,""occupancy_variance"":0.0,""path"":""/home/nagan/autosbd-sc26-rg/data/derived/phase_b_prefixes/n2/AlphaDets_n0055.txt"",""sha256"":""75b771bea9661bb23f98f6e2bdd165e47841cee8e8de91c13959eb40abc54d79"",""unique_count"":55},""beta_reuses_alpha"":true,""combined_input_sha256"":""4507b50dbe257a7a5d0b15b1536c16526f2f0ab957eead9d7e17d765571a3637"",""connectivity"":{""alpha"":{""determinants"":55,""directed_double_edges"":1540,""directed_single_edges"":682,""double_degree_max"":32,""double_degree_mean"":28.0,""double_degree_min"":22,""double_edge_density"":0.5185185185185185,""single_degree_max"":20,""single_degree_mean"":12.4,""single_degree_min"":7,""single_edge_density"":0.22962962962962963,""unordered_pair_comparisons"":1485},""beta"":{""determinants"":55,""directed_double_edges"":1540,""directed_single_edges"":682,""double_degree_max"":32,""double_degree_mean"":28.0,""double_degree_min"":22,""double_edge_density"":0.5185185185185185,""single_degree_max"":20,""single_degree_mean"":12.4,""single_degree_min"":7,""single_edge_density"":0.22962962962962963,""unordered_pair_comparisons"":1485},""pair_comparisons"":2970},""connectivity_pair_limit"":1000000,""fcidump"":{""compact_two_electron_slots"":14706,""core_integrals"":1,""exact_zero_integrals"":0,""file_bytes"":437951,""integral_records"":10325,""isym"":1,""max_abs_integral"":28.13104666664194,""ms2"":0,""n_electrons"":14,""n_orbitals"":18,""one_electron_integrals"":122,""orbsym"":[1,1,1,1,1,1,1,1,1,1,1,1,1,1,1,1,1,1],""path"":""/home/nagan/autosbd-sc26-rg/external/riken-sbd/data/n2/fcidump.txt"",""sha256"":""dee67eb5e8aee2f099953a52d7910db59bc7b284ad03a8fa7ffd2a4ba8efcf33"",""source_integral_doubles"":16650,""sum_abs_integrals"":500.99976876026955,""two_electron_fill_density"":0.6937304501563988,""two_electron_integrals"":10202},""log1p_method0_work_proxy"":13.476633431913193,""log1p_n_configurations"":8.0149968943483,""method0_work_proxy"":712569,""n_configurations"":3025}"
00cb7aed4fb818560fd24b25d65ccd73b8a5ea7567c0913902fcfb03c3a6a88e,31275605ef61064abc4b8116bcdaa6d0032fc735adb26805bddbfc4e21e68141,0,2026-08-01T16:19:28.710184Z,2026-08-01T16:19:29.770994Z,true,,measured,0,n2,N2,6-31G,n2-prefix-0100,1d928136c75b5deedcb2c11db761ed345aaa597dd9fa947d1b41ee63cafa3f5f,amd-l4-default,gpu,1,1.0006711989990436,0.102691,0.003323,,,18,100,100,10000,2963696,109.69921875,192.0,"{""alpha"":{""bit_length"":18,""count"":100,""file_bytes"":1900,""occupancy_max"":7,""occupancy_mean"":7.0,""occupancy_min"":7,""occupancy_variance"":0.0,""path"":""/home/nagan/autosbd-sc26-rg/data/derived/phase_b_prefixes/n2/AlphaDets_n0100.txt"",""sha256"":""bc288d1aa1293c495453c7bb7bf3079aa9d2e03c799715d2835d9a09034b9917"",""unique_count"":100},""beta"":{""bit_length"":18,""count"":100,""file_bytes"":1900,""occupancy_max"":7,""occupancy_mean"":7.0,""occupancy_min"":7,""occupancy_variance"":0.0,""path"":""/home/nagan/autosbd-sc26-rg/data/derived/phase_b_prefixes/n2/AlphaDets_n0100.txt"",""sha256"":""bc288d1aa1293c495453c7bb7bf3079aa9d2e03c799715d2835d9a09034b9917"",""unique_count"":100},""beta_reuses_alpha"":true,""combined_input_sha256"":""1d928136c75b5deedcb2c11db761ed345aaa597dd9fa947d1b41ee63cafa3f5f"",""connectivity"":{""alpha"":{""determinants"":100,""directed_double_edges"":4508,""directed_single_edges"":1336,""double_degree_max"":61,""double_degree_mean"":45.08,""double_degree_min"":29,""double_edge_density"":0.45535353535353534,""single_degree_max"":35,""single_degree_mean"":13.36,""single_degree_min"":5,""single_edge_density"":0.13494949494949496,""unordered_pair_comparisons"":4950},""beta"":{""determinants"":100,""directed_double_edges"":4508,""directed_single_edges"":1336,""double_degree_max"":61,""double_degree_mean"":45.08,""double_degree_min"":29,""double_edge_density"":0.45535353535353534,""single_degree_max"":35,""single_degree_mean"":13.36,""single_degree_min"":5,""single_edge_density"":0.13494949494949496,""unordered_pair_comparisons"":4950},""pair_comparisons"":9900},""connectivity_pair_limit"":1000000,""fcidump"":{""compact_two_electron_slots"":14706,""core_integrals"":1,""exact_zero_integrals"":0,""file_bytes"":437951,""integral_records"":10325,""isym"":1,""max_abs_integral"":28.13104666664194,""ms2"":0,""n_electrons"":14,""n_orbitals"":18,""one_electron_integrals"":122,""orbsym"":[1,1,1,1,1,1,1,1,1,1,1,1,1,1,1,1,1,1],""path"":""/home/nagan/autosbd-sc26-rg/external/riken-sbd/data/n2/fcidump.txt"",""sha256"":""dee67eb5e8aee2f099953a52d7910db59bc7b284ad03a8fa7ffd2a4ba8efcf33"",""source_integral_doubles"":16650,""sum_abs_integrals"":500.99976876026955,""two_electron_fill_density"":0.6937304501563988,""two_electron_integrals"":10202},""log1p_method0_work_proxy"":14.90194803345196,""log1p_n_configurations"":9.210440366976517,""method0_work_proxy"":2963696,""n_configurations"":10000}"
71c21e93409f5c89c853dfd548519db4ac095c461bc9209dd3894279ce6339e7,2fa5a84366e7ed5166c169d6b32794fab4d817ba9709801f9e58e8d9b521d705,0,2026-08-01T16:19:32.474500Z,2026-08-01T16:19:33.643461Z,true,,measured,0,n2,N2,6-31G,n2-prefix-0100,1d928136c75b5deedcb2c11db761ed345aaa597dd9fa947d1b41ee63cafa3f5f,amd-cpu-16,cpu,16,1.1101547190046404,0.512845,0.003249,,,18,100,100,10000,2963696,23.53515625,,"{""alpha"":{""bit_length"":18,""count"":100,""file_bytes"":1900,""occupancy_max"":7,""occupancy_mean"":7.0,""occupancy_min"":7,""occupancy_variance"":0.0,""path"":""/home/nagan/autosbd-sc26-rg/data/derived/phase_b_prefixes/n2/AlphaDets_n0100.txt"",""sha256"":""bc288d1aa1293c495453c7bb7bf3079aa9d2e03c799715d2835d9a09034b9917"",""unique_count"":100},""beta"":{""bit_length"":18,""count"":100,""file_bytes"":1900,""occupancy_max"":7,""occupancy_mean"":7.0,""occupancy_min"":7,""occupancy_variance"":0.0,""path"":""/home/nagan/autosbd-sc26-rg/data/derived/phase_b_prefixes/n2/AlphaDets_n0100.txt"",""sha256"":""bc288d1aa1293c495453c7bb7bf3079aa9d2e03c799715d2835d9a09034b9917"",""unique_count"":100},""beta_reuses_alpha"":true,""combined_input_sha256"":""1d928136c75b5deedcb2c11db761ed345aaa597dd9fa947d1b41ee63cafa3f5f"",""connectivity"":{""alpha"":{""determinants"":100,""directed_double_edges"":4508,""directed_single_edges"":1336,""double_degree_max"":61,""double_degree_mean"":45.08,""double_degree_min"":29,""double_edge_density"":0.45535353535353534,""single_degree_max"":35,""single_degree_mean"":13.36,""single_degree_min"":5,""single_edge_density"":0.13494949494949496,""unordered_pair_comparisons"":4950},""beta"":{""determinants"":100,""directed_double_edges"":4508,""directed_single_edges"":1336,""double_degree_max"":61,""double_degree_mean"":45.08,""double_degree_min"":29,""double_edge_density"":0.45535353535353534,""single_degree_max"":35,""single_degree_mean"":13.36,""single_degree_min"":5,""single_edge_density"":0.13494949494949496,""unordered_pair_comparisons"":4950},""pair_comparisons"":9900},""connectivity_pair_limit"":1000000,""fcidump"":{""compact_two_electron_slots"":14706,""core_integrals"":1,""exact_zero_integrals"":0,""file_bytes"":437951,""integral_records"":10325,""isym"":1,""max_abs_integral"":28.13104666664194,""ms2"":0,""n_electrons"":14,""n_orbitals"":18,""one_electron_integrals"":122,""orbsym"":[1,1,1,1,1,1,1,1,1,1,1,1,1,1,1,1,1,1],""path"":""/home/nagan/autosbd-sc26-rg/external/riken-sbd/data/n2/fcidump.txt"",""sha256"":""dee67eb5e8aee2f099953a52d7910db59bc7b284ad03a8fa7ffd2a4ba8efcf33"",""source_integral_doubles"":16650,""sum_abs_integrals"":500.99976876026955,""two_electron_fill_density"":0.6937304501563988,""two_electron_integrals"":10202},""log1p_method0_work_proxy"":14.90194803345196,""log1p_n_configurations"":9.210440366976517,""method0_work_proxy"":2963696,""n_configurations"":10000}"
468b13a758fbe46dab840fd322a524027faa58d23f45cb04e5148876b9d524c4,ecf3fb41392ad6ad771b490c9615ef630e86569fa248bd2dc07cd8efbd29f47f,0,2026-08-01T16:19:36.407038Z,2026-08-01T16:19:39.486361Z,true,,measured,0,n2,N2,6-31G,n2-prefix-0174,d1155d168110c036ee82b3dc7b49f5ee983c34dd893b4504304b8b36a4e23818,amd-cpu-16,cpu,16,3.0211586939985864,2.322611,0.0047669999999999995,,,18,174,174,30276,12076200,28.69140625,,"{""alpha"":{""bit_length"":18,""count"":174,""file_bytes"":3306,""occupancy_max"":7,""occupancy_mean"":7.0,""occupancy_min"":7,""occupancy_variance"":0.0,""path"":""/home/nagan/autosbd-sc26-rg/data/derived/phase_b_prefixes/n2/AlphaDets_n0174.txt"",""sha256"":""89ff6a62b266baf5d449dbc21d728acf318fb5c2f13dfe5e786804033bfe4823"",""unique_count"":174},""beta"":{""bit_length"":18,""count"":174,""file_bytes"":3306,""occupancy_max"":7,""occupancy_mean"":7.0,""occupancy_min"":7,""occupancy_variance"":0.0,""path"":""/home/nagan/autosbd-sc26-rg/data/derived/phase_b_prefixes/n2/AlphaDets_n0174.txt"",""sha256"":""89ff6a62b266baf5d449dbc21d728acf318fb5c2f13dfe5e786804033bfe4823"",""unique_count"":174},""beta_reuses_alpha"":true,""combined_input_sha256"":""d1155d168110c036ee82b3dc7b49f5ee983c34dd893b4504304b8b36a4e23818"",""connectivity"":{""alpha"":{""determinants"":174,""directed_double_edges"":11850,""directed_single_edges"":2646,""double_degree_max"":117,""double_degree_mean"":68.10344827586206,""double_degree_min"":33,""double_edge_density"":0.3936615507275264,""single_degree_max"":50,""single_degree_mean"":15.206896551724139,""single_degree_min"":4,""single_edge_density"":0.08790113613713374,""unordered_pair_comparisons"":15051},""beta"":{""determinants"":174,""directed_double_edges"":11850,""directed_single_edges"":2646,""double_degree_max"":117,""double_degree_mean"":68.10344827586206,""double_degree_min"":33,""double_edge_density"":0.3936615507275264,""single_degree_max"":50,""single_degree_mean"":15.206896551724139,""single_degree_min"":4,""single_edge_density"":0.08790113613713374,""unordered_pair_comparisons"":15051},""pair_comparisons"":30102},""connectivity_pair_limit"":1000000,""fcidump"":{""compact_two_electron_slots"":14706,""core_integrals"":1,""exact_zero_integrals"":0,""file_bytes"":437951,""integral_records"":10325,""isym"":1,""max_abs_integral"":28.13104666664194,""ms2"":0,""n_electrons"":14,""n_orbitals"":18,""one_electron_integrals"":122,""orbsym"":[1,1,1,1,1,1,1,1,1,1,1,1,1,1,1,1,1,1],""path"":""/home/nagan/autosbd-sc26-rg/external/riken-sbd/data/n2/fcidump.txt"",""sha256"":""dee67eb5e8aee2f099953a52d7910db59bc7b284ad03a8fa7ffd2a4ba8efcf33"",""source_integral_doubles"":16650,""sum_abs_integrals"":500.99976876026955,""two_electron_fill_density"":0.6937304501563988,""two_electron_integrals"":10202},""log1p_method0_work_proxy"":16.306747214254646,""log1p_n_configurations"":10.318143627345878,""method0_work_proxy"":12076200,""n_configurations"":30276}"
d32fd5f3c30fcd2033377cdffa11f28dc2781ca417ee3ce2f0358c8cb98a1435,2359a4ca6891c2eaaf679404f884cdaadb3e18539d867fcd5f9e674292d4f9ff,0,2026-08-01T16:19:42.345655Z,2026-08-01T16:19:43.577748Z,true,,measured,0,n2,N2,6-31G,n2-prefix-0174,d1155d168110c036ee82b3dc7b49f5ee983c34dd893b4504304b8b36a4e23818,amd-l4-default,gpu,1,1.1739291639969451,0.285851,0.009418000000000001,,,18,174,174,30276,12076200,124.828125,194.0,"{""alpha"":{""bit_length"":18,""count"":174,""file_bytes"":3306,""occupancy_max"":7,""occupancy_mean"":7.0,""occupancy_min"":7,""occupancy_variance"":0.0,""path"":""/home/nagan/autosbd-sc26-rg/data/derived/phase_b_prefixes/n2/AlphaDets_n0174.txt"",""sha256"":""89ff6a62b266baf5d449dbc21d728acf318fb5c2f13dfe5e786804033bfe4823"",""unique_count"":174},""beta"":{""bit_length"":18,""count"":174,""file_bytes"":3306,""occupancy_max"":7,""occupancy_mean"":7.0,""occupancy_min"":7,""occupancy_variance"":0.0,""path"":""/home/nagan/autosbd-sc26-rg/data/derived/phase_b_prefixes/n2/AlphaDets_n0174.txt"",""sha256"":""89ff6a62b266baf5d449dbc21d728acf318fb5c2f13dfe5e786804033bfe4823"",""unique_count"":174},""beta_reuses_alpha"":true,""combined_input_sha256"":""d1155d168110c036ee82b3dc7b49f5ee983c34dd893b4504304b8b36a4e23818"",""connectivity"":{""alpha"":{""determinants"":174,""directed_double_edges"":11850,""directed_single_edges"":2646,""double_degree_max"":117,""double_degree_mean"":68.10344827586206,""double_degree_min"":33,""double_edge_density"":0.3936615507275264,""single_degree_max"":50,""single_degree_mean"":15.206896551724139,""single_degree_min"":4,""single_edge_density"":0.08790113613713374,""unordered_pair_comparisons"":15051},""beta"":{""determinants"":174,""directed_double_edges"":11850,""directed_single_edges"":2646,""double_degree_max"":117,""double_degree_mean"":68.10344827586206,""double_degree_min"":33,""double_edge_density"":0.3936615507275264,""single_degree_max"":50,""single_degree_mean"":15.206896551724139,""single_degree_min"":4,""single_edge_density"":0.08790113613713374,""unordered_pair_comparisons"":15051},""pair_comparisons"":30102},""connectivity_pair_limit"":1000000,""fcidump"":{""compact_two_electron_slots"":14706,""core_integrals"":1,""exact_zero_integrals"":0,""file_bytes"":437951,""integral_records"":10325,""isym"":1,""max_abs_integral"":28.13104666664194,""ms2"":0,""n_electrons"":14,""n_orbitals"":18,""one_electron_integrals"":122,""orbsym"":[1,1,1,1,1,1,1,1,1,1,1,1,1,1,1,1,1,1],""path"":""/home/nagan/autosbd-sc26-rg/external/riken-sbd/data/n2/fcidump.txt"",""sha256"":""dee67eb5e8aee2f099953a52d7910db59bc7b284ad03a8fa7ffd2a4ba8efcf33"",""source_integral_doubles"":16650,""sum_abs_integrals"":500.99976876026955,""two_electron_fill_density"":0.6937304501563988,""two_electron_integrals"":10202},""log1p_method0_work_proxy"":16.306747214254646,""log1p_n_configurations"":10.318143627345878,""method0_work_proxy"":12076200,""n_configurations"":30276}"
a666eafcc4e9b20d48b1190c4e93bef33561e0aad41ca0bca37493d907b75082,cfc7e3589cbcde0ea32ead94294c7b7de0fd2d1ae3552101c39e1c276b2cea5a,0,2026-08-01T16:19:46.529552Z,2026-08-01T16:19:52.426529Z,true,,measured,0,n2,N2,6-31G,n2-prefix-0239,6976b0d5793326781b16b53b6ff8d7c76068bdd016bdd29aa4cbee3e6aab0deb,amd-cpu-16,cpu,16,5.836346620999393,5.016214,0.006334,,,18,239,239,57121,26354153,35.265625,,"{""alpha"":{""bit_length"":18,""count"":239,""file_bytes"":4541,""occupancy_max"":7,""occupancy_mean"":7.0,""occupancy_min"":7,""occupancy_variance"":0.0,""path"":""/home/nagan/autosbd-sc26-rg/data/derived/phase_b_prefixes/n2/AlphaDets_n0239.txt"",""sha256"":""73a28f6e6a26b06fbf4accf704f4112dca36ea53fe52ec40ed6379644b218dd2"",""unique_count"":239},""beta"":{""bit_length"":18,""count"":239,""file_bytes"":4541,""occupancy_max"":7,""occupancy_mean"":7.0,""occupancy_min"":7,""occupancy_variance"":0.0,""path"":""/home/nagan/autosbd-sc26-rg/data/derived/phase_b_prefixes/n2/AlphaDets_n0239.txt"",""sha256"":""73a28f6e6a26b06fbf4accf704f4112dca36ea53fe52ec40ed6379644b218dd2"",""unique_count"":239},""beta_reuses_alpha"":true,""combined_input_sha256"":""6976b0d5793326781b16b53b6ff8d7c76068bdd016bdd29aa4cbee3e6aab0deb"",""connectivity"":{""alpha"":{""determinants"":239,""directed_double_edges"":19984,""directed_single_edges"":3860,""double_degree_max"":168,""double_degree_mean"":83.61506276150628,""double_degree_min"":36,""double_edge_density"":0.3513237931155726,""single_degree_max"":57,""single_degree_mean"":16.15062761506276,""single_degree_min"":4,""single_edge_density"":0.06785977989522168,""unordered_pair_comparisons"":28441},""beta"":{""determinants"":239,""directed_double_edges"":19984,""directed_single_edges"":3860,""double_degree_max"":168,""double_degree_mean"":83.61506276150628,""double_degree_min"":36,""double_edge_density"":0.3513237931155726,""single_degree_max"":57,""single_degree_mean"":16.15062761506276,""single_degree_min"":4,""single_edge_density"":0.06785977989522168,""unordered_pair_comparisons"":28441},""pair_comparisons"":56882},""connectivity_pair_limit"":1000000,""fcidump"":{""compact_two_electron_slots"":14706,""core_integrals"":1,""exact_zero_integrals"":0,""file_bytes"":437951,""integral_records"":10325,""isym"":1,""max_abs_integral"":28.13104666664194,""ms2"":0,""n_electrons"":14,""n_orbitals"":18,""one_electron_integrals"":122,""orbsym"":[1,1,1,1,1,1,1,1,1,1,1,1,1,1,1,1,1,1],""path"":""/home/nagan/autosbd-sc26-rg/external/riken-sbd/data/n2/fcidump.txt"",""sha256"":""dee67eb5e8aee2f099953a52d7910db59bc7b284ad03a8fa7ffd2a4ba8efcf33"",""source_integral_doubles"":16650,""sum_abs_integrals"":500.99976876026955,""two_electron_fill_density"":0.6937304501563988,""two_electron_integrals"":10202},""log1p_method0_work_proxy"":17.087136467585477,""log1p_n_configurations"":10.952944610406092,""method0_work_proxy"":26354153,""n_configurations"":57121}"
841012176c3913f1a1bb3bc325722d5edfbb7f8107defa188f35c5f429dc4967,453385cff67425be71c547bf0c8518236be23383de803f4629ea7953366cd378,0,2026-08-01T16:19:55.414593Z,2026-08-01T16:19:56.802434Z,true,,measured,0,n2,N2,6-31G,n2-prefix-0239,6976b0d5793326781b16b53b6ff8d7c76068bdd016bdd29aa4cbee3e6aab0deb,amd-l4-default,gpu,1,1.3289525579893962,0.438118,0.015955,,,18,239,239,57121,26354153,131.3515625,194.0,"{""alpha"":{""bit_length"":18,""count"":239,""file_bytes"":4541,""occupancy_max"":7,""occupancy_mean"":7.0,""occupancy_min"":7,""occupancy_variance"":0.0,""path"":""/home/nagan/autosbd-sc26-rg/data/derived/phase_b_prefixes/n2/AlphaDets_n0239.txt"",""sha256"":""73a28f6e6a26b06fbf4accf704f4112dca36ea53fe52ec40ed6379644b218dd2"",""unique_count"":239},""beta"":{""bit_length"":18,""count"":239,""file_bytes"":4541,""occupancy_max"":7,""occupancy_mean"":7.0,""occupancy_min"":7,""occupancy_variance"":0.0,""path"":""/home/nagan/autosbd-sc26-rg/data/derived/phase_b_prefixes/n2/AlphaDets_n0239.txt"",""sha256"":""73a28f6e6a26b06fbf4accf704f4112dca36ea53fe52ec40ed6379644b218dd2"",""unique_count"":239},""beta_reuses_alpha"":true,""combined_input_sha256"":""6976b0d5793326781b16b53b6ff8d7c76068bdd016bdd29aa4cbee3e6aab0deb"",""connectivity"":{""alpha"":{""determinants"":239,""directed_double_edges"":19984,""directed_single_edges"":3860,""double_degree_max"":168,""double_degree_mean"":83.61506276150628,""double_degree_min"":36,""double_edge_density"":0.3513237931155726,""single_degree_max"":57,""single_degree_mean"":16.15062761506276,""single_degree_min"":4,""single_edge_density"":0.06785977989522168,""unordered_pair_comparisons"":28441},""beta"":{""determinants"":239,""directed_double_edges"":19984,""directed_single_edges"":3860,""double_degree_max"":168,""double_degree_mean"":83.61506276150628,""double_degree_min"":36,""double_edge_density"":0.3513237931155726,""single_degree_max"":57,""single_degree_mean"":16.15062761506276,""single_degree_min"":4,""single_edge_density"":0.06785977989522168,""unordered_pair_comparisons"":28441},""pair_comparisons"":56882},""connectivity_pair_limit"":1000000,""fcidump"":{""compact_two_electron_slots"":14706,""core_integrals"":1,""exact_zero_integrals"":0,""file_bytes"":437951,""integral_records"":10325,""isym"":1,""max_abs_integral"":28.13104666664194,""ms2"":0,""n_electrons"":14,""n_orbitals"":18,""one_electron_integrals"":122,""orbsym"":[1,1,1,1,1,1,1,1,1,1,1,1,1,1,1,1,1,1],""path"":""/home/nagan/autosbd-sc26-rg/external/riken-sbd/data/n2/fcidump.txt"",""sha256"":""dee67eb5e8aee2f099953a52d7910db59bc7b284ad03a8fa7ffd2a4ba8efcf33"",""source_integral_doubles"":16650,""sum_abs_integrals"":500.99976876026955,""two_electron_fill_density"":0.6937304501563988,""two_electron_integrals"":10202},""log1p_method0_work_proxy"":17.087136467585477,""log1p_n_configurations"":10.952944610406092,""method0_work_proxy"":26354153,""n_configurations"":57121}"
7eb7d21bea248993c7a4257db1477b90b9164d398a117e902cd6a0774824e5a6,9c31627b48585e0fad6fafbd31887ade5a6bc4629a0c4be82147e7209eb48d03,0,2026-08-01T16:19:59.890768Z,2026-08-01T16:20:00.798899Z,true,,measured,0,h2o,H2O,cc-pVDZ,h2o-prefix-0032,bc8b7df3cfd9b36edc9a7de5e173ba97c6d3260c199b68c67f44ddff94624373,amd-l4-default,gpu,1,0.843160745993373,0.03754,0.000452,,,24,32,32,1024,140176,79.4140625,20.0,"{""alpha"":{""bit_length"":24,""count"":32,""file_bytes"":800,""occupancy_max"":5,""occupancy_mean"":5.0,""occupancy_min"":5,""occupancy_variance"":0.0,""path"":""/home/nagan/autosbd-sc26-rg/data/derived/phase_b_prefixes/h2o/AlphaDets_n0032.txt"",""sha256"":""6f1fcf262ca0e91cbede71522a4f756cc801a0c7730d2e16552876386f6da58f"",""unique_count"":32},""beta"":{""bit_length"":24,""count"":32,""file_bytes"":800,""occupancy_max"":5,""occupancy_mean"":5.0,""occupancy_min"":5,""occupancy_variance"":0.0,""path"":""/home/nagan/autosbd-sc26-rg/data/derived/phase_b_prefixes/h2o/AlphaDets_n0032.txt"",""sha256"":""6f1fcf262ca0e91cbede71522a4f756cc801a0c7730d2e16552876386f6da58f"",""unique_count"":32},""beta_reuses_alpha"":true,""combined_input_sha256"":""bc8b7df3cfd9b36edc9a7de5e173ba97c6d3260c199b68c67f44ddff94624373"",""connectivity"":{""alpha"":{""determinants"":32,""directed_double_edges"":550,""directed_single_edges"":292,""double_degree_max"":21,""double_degree_mean"":17.1875,""double_degree_min"":11,""double_edge_density"":0.5544354838709677,""single_degree_max"":20,""single_degree_mean"":9.125,""single_degree_min"":4,""single_edge_density"":0.29435483870967744,""unordered_pair_comparisons"":496},""beta"":{""determinants"":32,""directed_double_edges"":550,""directed_single_edges"":292,""double_degree_max"":21,""double_degree_mean"":17.1875,""double_degree_min"":11,""double_edge_density"":0.5544354838709677,""single_degree_max"":20,""single_degree_mean"":9.125,""single_degree_min"":4,""single_edge_density"":0.29435483870967744,""unordered_pair_comparisons"":496},""pair_comparisons"":992},""connectivity_pair_limit"":1000000,""fcidump"":{""compact_two_electron_slots"":45150,""core_integrals"":1,""exact_zero_integrals"":0,""file_bytes"":1124056,""integral_records"":26647,""isym"":1,""max_abs_integral"":33.02799415966381,""ms2"":0,""n_electrons"":10,""n_orbitals"":24,""one_electron_integrals"":202,""orbsym"":[1,1,1,1,1,1,1,1,1,1,1,1,1,1,1,1,1,1,1,1,1,1,1,1],""path"":""/home/nagan/autosbd-sc26-rg/external/riken-sbd/data/h2o/fcidump.txt"",""sha256"":""a3c2302834a33dce7260e8050a3f5180e05dbba1bb748f3e2f6410a7eacbd94d"",""source_integral_doubles"":48606,""sum_abs_integrals"":783.0966481208136,""two_electron_fill_density"":0.5856921373200443,""two_electron_integrals"":26444},""log1p_method0_work_proxy"":11.850661188769525,""log1p_n_configurations"":6.932447891572509,""method0_work_proxy"":140176,""n_configurations"":1024}"
79f3eaf7e2a70ec95e1e2b3430da4c9f7a44bb533c37b589c0bafb766bbf44df,f10a5a260e04c5bb49339ea36d5106d7bba97319df4af3cb037c8b08794159e0,0,2026-08-01T16:20:04.006603Z,2026-08-01T16:20:04.678581Z,true,,measured,0,h2o,H2O,cc-pVDZ,h2o-prefix-0032,bc8b7df3cfd9b36edc9a7de5e173ba97c6d3260c199b68c67f44ddff94624373,amd-cpu-16,cpu,16,0.607913322004606,0.034349,0.0026420000000000003,,,24,32,32,1024,140176,20.9375,,"{""alpha"":{""bit_length"":24,""count"":32,""file_bytes"":800,""occupancy_max"":5,""occupancy_mean"":5.0,""occupancy_min"":5,""occupancy_variance"":0.0,""path"":""/home/nagan/autosbd-sc26-rg/data/derived/phase_b_prefixes/h2o/AlphaDets_n0032.txt"",""sha256"":""6f1fcf262ca0e91cbede71522a4f756cc801a0c7730d2e16552876386f6da58f"",""unique_count"":32},""beta"":{""bit_length"":24,""count"":32,""file_bytes"":800,""occupancy_max"":5,""occupancy_mean"":5.0,""occupancy_min"":5,""occupancy_variance"":0.0,""path"":""/home/nagan/autosbd-sc26-rg/data/derived/phase_b_prefixes/h2o/AlphaDets_n0032.txt"",""sha256"":""6f1fcf262ca0e91cbede71522a4f756cc801a0c7730d2e16552876386f6da58f"",""unique_count"":32},""beta_reuses_alpha"":true,""combined_input_sha256"":""bc8b7df3cfd9b36edc9a7de5e173ba97c6d3260c199b68c67f44ddff94624373"",""connectivity"":{""alpha"":{""determinants"":32,""directed_double_edges"":550,""directed_single_edges"":292,""double_degree_max"":21,""double_degree_mean"":17.1875,""double_degree_min"":11,""double_edge_density"":0.5544354838709677,""single_degree_max"":20,""single_degree_mean"":9.125,""single_degree_min"":4,""single_edge_density"":0.29435483870967744,""unordered_pair_comparisons"":496},""beta"":{""determinants"":32,""directed_double_edges"":550,""directed_single_edges"":292,""double_degree_max"":21,""double_degree_mean"":17.1875,""double_degree_min"":11,""double_edge_density"":0.5544354838709677,""single_degree_max"":20,""single_degree_mean"":9.125,""single_degree_min"":4,""single_edge_density"":0.29435483870967744,""unordered_pair_comparisons"":496},""pair_comparisons"":992},""connectivity_pair_limit"":1000000,""fcidump"":{""compact_two_electron_slots"":45150,""core_integrals"":1,""exact_zero_integrals"":0,""file_bytes"":1124056,""integral_records"":26647,""isym"":1,""max_abs_integral"":33.02799415966381,""ms2"":0,""n_electrons"":10,""n_orbitals"":24,""one_electron_integrals"":202,""orbsym"":[1,1,1,1,1,1,1,1,1,1,1,1,1,1,1,1,1,1,1,1,1,1,1,1],""path"":""/home/nagan/autosbd-sc26-rg/external/riken-sbd/data/h2o/fcidump.txt"",""sha256"":""a3c2302834a33dce7260e8050a3f5180e05dbba1bb748f3e2f6410a7eacbd94d"",""source_integral_doubles"":48606,""sum_abs_integrals"":783.0966481208136,""two_electron_fill_density"":0.5856921373200443,""two_electron_integrals"":26444},""log1p_method0_work_proxy"":11.850661188769525,""log1p_n_configurations"":6.932447891572509,""method0_work_proxy"":140176,""n_configurations"":1024}"
a5ee9f3a261a904561504e24a405c0e9d7933b59414599007957bac7d0ff3b3a,fba7fd76aa1104fa437a2d08c0192b83b3db7d8efe2dcb24f600c45b72c3848e,0,2026-08-01T16:20:08.008895Z,2026-08-01T16:20:08.782479Z,true,,measured,0,h2o,H2O,cc-pVDZ,h2o-prefix-0055,d0872935a2dc0f51499913dbc2f2300c4158877041671b5eb2d7406276f4b6e4,amd-cpu-16,cpu,16,0.7077529169910122,0.128677,0.0026609999999999997,,,24,55,55,3025,564481,22.76171875,,"{""alpha"":{""bit_length"":24,""count"":55,""file_bytes"":1375,""occupancy_max"":5,""occupancy_mean"":5.0,""occupancy_min"":5,""occupancy_variance"":0.0,""path"":""/home/nagan/autosbd-sc26-rg/data/derived/phase_b_prefixes/h2o/AlphaDets_n0055.txt"",""sha256"":""5e4b39a5043f24f7cdaabbc08de83d9d0b1d7e7bd44d0ee17093d9434de09463"",""unique_count"":55},""beta"":{""bit_length"":24,""count"":55,""file_bytes"":1375,""occupancy_max"":5,""occupancy_mean"":5.0,""occupancy_min"":5,""occupancy_variance"":0.0,""path"":""/home/nagan/autosbd-sc26-rg/data/derived/phase_b_prefixes/h2o/AlphaDets_n0055.txt"",""sha256"":""5e4b39a5043f24f7cdaabbc08de83d9d0b1d7e7bd44d0ee17093d9434de09463"",""unique_count"":55},""beta_reuses_alpha"":true,""combined_input_sha256"":""d0872935a2dc0f51499913dbc2f2300c4158877041671b5eb2d7406276f4b6e4"",""connectivity"":{""alpha"":{""determinants"":55,""directed_double_edges"":1512,""directed_single_edges"":576,""double_degree_max"":36,""double_degree_mean"":27.490909090909092,""double_degree_min"":16,""double_edge_density"":0.509090909090909,""single_degree_max"":27,""single_degree_mean"":10.472727272727273,""single_degree_min"":4,""single_edge_density"":0.19393939393939394,""unordered_pair_comparisons"":1485},""beta"":{""determinants"":55,""directed_double_edges"":1512,""directed_single_edges"":576,""double_degree_max"":36,""double_degree_mean"":27.490909090909092,""double_degree_min"":16,""double_edge_density"":0.509090909090909,""single_degree_max"":27,""single_degree_mean"":10.472727272727273,""single_degree_min"":4,""single_edge_density"":0.19393939393939394,""unordered_pair_comparisons"":1485},""pair_comparisons"":2970},""connectivity_pair_limit"":1000000,""fcidump"":{""compact_two_electron_slots"":45150,""core_integrals"":1,""exact_zero_integrals"":0,""file_bytes"":1124056,""integral_records"":26647,""isym"":1,""max_abs_integral"":33.02799415966381,""ms2"":0,""n_electrons"":10,""n_orbitals"":24,""one_electron_integrals"":202,""orbsym"":[1,1,1,1,1,1,1,1,1,1,1,1,1,1,1,1,1,1,1,1,1,1,1,1],""path"":""/home/nagan/autosbd-sc26-rg/external/riken-sbd/data/h2o/fcidump.txt"",""sha256"":""a3c2302834a33dce7260e8050a3f5180e05dbba1bb748f3e2f6410a7eacbd94d"",""source_integral_doubles"":48606,""sum_abs_integrals"":783.0966481208136,""two_electron_fill_density"":0.5856921373200443,""two_electron_integrals"":26444},""log1p_method0_work_proxy"":13.243663775438133,""log1p_n_configurations"":8.0149968943483,""method0_work_proxy"":564481,""n_configurations"":3025}"
b7b3784648da23f340bc6f6b57b870896137df80e6496262db58917f6e1a2187,407267e3c44cc24e22b89fc3ff655fa8af704d327705bb86a52bce3c995acbcd,0,2026-08-01T16:20:12.239173Z,2026-08-01T16:20:13.308759Z,true,,measured,0,h2o,H2O,cc-pVDZ,h2o-prefix-0055,d0872935a2dc0f51499913dbc2f2300c4158877041671b5eb2d7406276f4b6e4,amd-l4-default,gpu,1,1.0029124569991836,0.06891599999999999,0.001232,,,24,55,55,3025,564481,79.6171875,20.0,"{""alpha"":{""bit_length"":24,""count"":55,""file_bytes"":1375,""occupancy_max"":5,""occupancy_mean"":5.0,""occupancy_min"":5,""occupancy_variance"":0.0,""path"":""/home/nagan/autosbd-sc26-rg/data/derived/phase_b_prefixes/h2o/AlphaDets_n0055.txt"",""sha256"":""5e4b39a5043f24f7cdaabbc08de83d9d0b1d7e7bd44d0ee17093d9434de09463"",""unique_count"":55},""beta"":{""bit_length"":24,""count"":55,""file_bytes"":1375,""occupancy_max"":5,""occupancy_mean"":5.0,""occupancy_min"":5,""occupancy_variance"":0.0,""path"":""/home/nagan/autosbd-sc26-rg/data/derived/phase_b_prefixes/h2o/AlphaDets_n0055.txt"",""sha256"":""5e4b39a5043f24f7cdaabbc08de83d9d0b1d7e7bd44d0ee17093d9434de09463"",""unique_count"":55},""beta_reuses_alpha"":true,""combined_input_sha256"":""d0872935a2dc0f51499913dbc2f2300c4158877041671b5eb2d7406276f4b6e4"",""connectivity"":{""alpha"":{""determinants"":55,""directed_double_edges"":1512,""directed_single_edges"":576,""double_degree_max"":36,""double_degree_mean"":27.490909090909092,""double_degree_min"":16,""double_edge_density"":0.509090909090909,""single_degree_max"":27,""single_degree_mean"":10.472727272727273,""single_degree_min"":4,""single_edge_density"":0.19393939393939394,""unordered_pair_comparisons"":1485},""beta"":{""determinants"":55,""directed_double_edges"":1512,""directed_single_edges"":576,""double_degree_max"":36,""double_degree_mean"":27.490909090909092,""double_degree_min"":16,""double_edge_density"":0.509090909090909,""single_degree_max"":27,""single_degree_mean"":10.472727272727273,""single_degree_min"":4,""single_edge_density"":0.19393939393939394,""unordered_pair_comparisons"":1485},""pair_comparisons"":2970},""connectivity_pair_limit"":1000000,""fcidump"":{""compact_two_electron_slots"":45150,""core_integrals"":1,""exact_zero_integrals"":0,""file_bytes"":1124056,""integral_records"":26647,""isym"":1,""max_abs_integral"":33.02799415966381,""ms2"":0,""n_electrons"":10,""n_orbitals"":24,""one_electron_integrals"":202,""orbsym"":[1,1,1,1,1,1,1,1,1,1,1,1,1,1,1,1,1,1,1,1,1,1,1,1],""path"":""/home/nagan/autosbd-sc26-rg/external/riken-sbd/data/h2o/fcidump.txt"",""sha256"":""a3c2302834a33dce7260e8050a3f5180e05dbba1bb748f3e2f6410a7eacbd94d"",""source_integral_doubles"":48606,""sum_abs_integrals"":783.0966481208136,""two_electron_fill_density"":0.5856921373200443,""two_electron_integrals"":26444},""log1p_method0_work_proxy"":13.243663775438133,""log1p_n_configurations"":8.0149968943483,""method0_work_proxy"":564481,""n_configurations"":3025}"
c771085f53b053c78feaa866a525b9378d4a2c60fe3891c3902e36a904f2c812,8433aeb3cd1f8f8c7a37a1fa349bca145acd25d3a09c6b366ef86c13098c5f7b,0,2026-08-01T16:20:16.905024Z,2026-08-01T16:20:17.965744Z,true,,measured,0,h2o,H2O,cc-pVDZ,h2o-prefix-0100,8f6d951383efdfa90bdfdc8fc43e537f3e939861f6d1cd6b81d4217d95861751,amd-l4-default,gpu,1,0.9952357529982692,0.172856,0.003563,,,24,100,100,10000,2899216,120.94140625,192.0,"{""alpha"":{""bit_length"":24,""count"":100,""file_bytes"":2500,""occupancy_max"":5,""occupancy_mean"":5.0,""occupancy_min"":5,""occupancy_variance"":0.0,""path"":""/home/nagan/autosbd-sc26-rg/data/derived/phase_b_prefixes/h2o/AlphaDets_n0100.txt"",""sha256"":""e9839cc16b450597bac2d0e1c9e8357d6de0e76b6755aab0d3e73419ab329ce3"",""unique_count"":100},""beta"":{""bit_length"":24,""count"":100,""file_bytes"":2500,""occupancy_max"":5,""occupancy_mean"":5.0,""occupancy_min"":5,""occupancy_variance"":0.0,""path"":""/home/nagan/autosbd-sc26-rg/data/derived/phase_b_prefixes/h2o/AlphaDets_n0100.txt"",""sha256"":""e9839cc16b450597bac2d0e1c9e8357d6de0e76b6755aab0d3e73419ab329ce3"",""unique_count"":100},""beta_reuses_alpha"":true,""combined_input_sha256"":""8f6d951383efdfa90bdfdc8fc43e537f3e939861f6d1cd6b81d4217d95861751"",""connectivity"":{""alpha"":{""determinants"":100,""directed_double_edges"":4640,""directed_single_edges"":1304,""double_degree_max"":66,""double_degree_mean"":46.4,""double_degree_min"":21,""double_edge_density"":0.4686868686868687,""single_degree_max"":41,""single_degree_mean"":13.04,""single_degree_min"":4,""single_edge_density"":0.1317171717171717,""unordered_pair_comparisons"":4950},""beta"":{""determinants"":100,""directed_double_edges"":4640,""directed_single_edges"":1304,""double_degree_max"":66,""double_degree_mean"":46.4,""double_degree_min"":21,""double_edge_density"":0.4686868686868687,""single_degree_max"":41,""single_degree_mean"":13.04,""single_degree_min"":4,""single_edge_density"":0.1317171717171717,""unordered_pair_comparisons"":4950},""pair_comparisons"":9900},""connectivity_pair_limit"":1000000,""fcidump"":{""compact_two_electron_slots"":45150,""core_integrals"":1,""exact_zero_integrals"":0,""file_bytes"":1124056,""integral_records"":26647,""isym"":1,""max_abs_integral"":33.02799415966381,""ms2"":0,""n_electrons"":10,""n_orbitals"":24,""one_electron_integrals"":202,""orbsym"":[1,1,1,1,1,1,1,1,1,1,1,1,1,1,1,1,1,1,1,1,1,1,1,1],""path"":""/home/nagan/autosbd-sc26-rg/external/riken-sbd/data/h2o/fcidump.txt"",""sha256"":""a3c2302834a33dce7260e8050a3f5180e05dbba1bb748f3e2f6410a7eacbd94d"",""source_integral_doubles"":48606,""sum_abs_integrals"":783.0966481208136,""two_electron_fill_density"":0.5856921373200443,""two_electron_integrals"":26444},""log1p_method0_work_proxy"":14.87995125850014,""log1p_n_configurations"":9.210440366976517,""method0_work_proxy"":2899216,""n_configurations"":10000}"
8072eae8125d52dd0fb12bf9f5796f3332bd989f0568c101c6447c0fa78076b0,d0003a37a399a45091b9a70d5fb46773815f1559b43ab92c2bcb5ef95e315a2e,0,2026-08-01T16:20:21.694920Z,2026-08-01T16:20:23.071792Z,true,,measured,0,h2o,H2O,cc-pVDZ,h2o-prefix-0100,8f6d951383efdfa90bdfdc8fc43e537f3e939861f6d1cd6b81d4217d95861751,amd-cpu-16,cpu,16,1.3121018120000372,0.6637299999999999,0.003333,,,24,100,100,10000,2899216,24.3046875,,"{""alpha"":{""bit_length"":24,""count"":100,""file_bytes"":2500,""occupancy_max"":5,""occupancy_mean"":5.0,""occupancy_min"":5,""occupancy_variance"":0.0,""path"":""/home/nagan/autosbd-sc26-rg/data/derived/phase_b_prefixes/h2o/AlphaDets_n0100.txt"",""sha256"":""e9839cc16b450597bac2d0e1c9e8357d6de0e76b6755aab0d3e73419ab329ce3"",""unique_count"":100},""beta"":{""bit_length"":24,""count"":100,""file_bytes"":2500,""occupancy_max"":5,""occupancy_mean"":5.0,""occupancy_min"":5,""occupancy_variance"":0.0,""path"":""/home/nagan/autosbd-sc26-rg/data/derived/phase_b_prefixes/h2o/AlphaDets_n0100.txt"",""sha256"":""e9839cc16b450597bac2d0e1c9e8357d6de0e76b6755aab0d3e73419ab329ce3"",""unique_count"":100},""beta_reuses_alpha"":true,""combined_input_sha256"":""8f6d951383efdfa90bdfdc8fc43e537f3e939861f6d1cd6b81d4217d95861751"",""connectivity"":{""alpha"":{""determinants"":100,""directed_double_edges"":4640,""directed_single_edges"":1304,""double_degree_max"":66,""double_degree_mean"":46.4,""double_degree_min"":21,""double_edge_density"":0.4686868686868687,""single_degree_max"":41,""single_degree_mean"":13.04,""single_degree_min"":4,""single_edge_density"":0.1317171717171717,""unordered_pair_comparisons"":4950},""beta"":{""determinants"":100,""directed_double_edges"":4640,""directed_single_edges"":1304,""double_degree_max"":66,""double_degree_mean"":46.4,""double_degree_min"":21,""double_edge_density"":0.4686868686868687,""single_degree_max"":41,""single_degree_mean"":13.04,""single_degree_min"":4,""single_edge_density"":0.1317171717171717,""unordered_pair_comparisons"":4950},""pair_comparisons"":9900},""connectivity_pair_limit"":1000000,""fcidump"":{""compact_two_electron_slots"":45150,""core_integrals"":1,""exact_zero_integrals"":0,""file_bytes"":1124056,""integral_records"":26647,""isym"":1,""max_abs_integral"":33.02799415966381,""ms2"":0,""n_electrons"":10,""n_orbitals"":24,""one_electron_integrals"":202,""orbsym"":[1,1,1,1,1,1,1,1,1,1,1,1,1,1,1,1,1,1,1,1,1,1,1,1],""path"":""/home/nagan/autosbd-sc26-rg/external/riken-sbd/data/h2o/fcidump.txt"",""sha256"":""a3c2302834a33dce7260e8050a3f5180e05dbba1bb748f3e2f6410a7eacbd94d"",""source_integral_doubles"":48606,""sum_abs_integrals"":783.0966481208136,""two_electron_fill_density"":0.5856921373200443,""two_electron_integrals"":26444},""log1p_method0_work_proxy"":14.87995125850014,""log1p_n_configurations"":9.210440366976517,""method0_work_proxy"":2899216,""n_configurations"":10000}"
2b62326e2191d0fcdc1a4eb2e65d252a20ced25cadf561c627e849f8c3008022,bafe305f2c76854ddf098e9586c287cfd484af499c7c70a9d6d6f314ddde891b,0,2026-08-01T16:20:26.947339Z,2026-08-01T16:20:30.637701Z,true,,measured,0,h2o,H2O,cc-pVDZ,h2o-prefix-0174,54238461a8e4af6e254f60eecaa74512c6dee9fa209ca461041b5dea338aa659,amd-cpu-16,cpu,16,3.6248270479991334,2.877555,0.004484999999999999,,,24,174,174,30276,12665248,29.8359375,,"{""alpha"":{""bit_length"":24,""count"":174,""file_bytes"":4350,""occupancy_max"":5,""occupancy_mean"":5.0,""occupancy_min"":5,""occupancy_variance"":0.0,""path"":""/home/nagan/autosbd-sc26-rg/data/derived/phase_b_prefixes/h2o/AlphaDets_n0174.txt"",""sha256"":""5cb369df17d90da84c3fb7fb13ff45a490e56281d262c8ae968e235b93c82c10"",""unique_count"":174},""beta"":{""bit_length"":24,""count"":174,""file_bytes"":4350,""occupancy_max"":5,""occupancy_mean"":5.0,""occupancy_min"":5,""occupancy_variance"":0.0,""path"":""/home/nagan/autosbd-sc26-rg/data/derived/phase_b_prefixes/h2o/AlphaDets_n0174.txt"",""sha256"":""5cb369df17d90da84c3fb7fb13ff45a490e56281d262c8ae968e235b93c82c10"",""unique_count"":174},""beta_reuses_alpha"":true,""combined_input_sha256"":""54238461a8e4af6e254f60eecaa74512c6dee9fa209ca461041b5dea338aa659"",""connectivity"":{""alpha"":{""determinants"":174,""directed_double_edges"":12824,""directed_single_edges"":2690,""double_degree_max"":113,""double_degree_mean"":73.70114942528735,""double_degree_min"":31,""double_edge_density"":0.42601820477044716,""single_degree_max"":57,""single_degree_mean"":15.459770114942529,""single_degree_min"":4,""single_edge_density"":0.08936283303434987,""unordered_pair_comparisons"":15051},""beta"":{""determinants"":174,""directed_double_edges"":12824,""directed_single_edges"":2690,""double_degree_max"":113,""double_degree_mean"":73.70114942528735,""double_degree_min"":31,""double_edge_density"":0.42601820477044716,""single_degree_max"":57,""single_degree_mean"":15.459770114942529,""single_degree_min"":4,""single_edge_density"":0.08936283303434987,""unordered_pair_comparisons"":15051},""pair_comparisons"":30102},""connectivity_pair_limit"":1000000,""fcidump"":{""compact_two_electron_slots"":45150,""core_integrals"":1,""exact_zero_integrals"":0,""file_bytes"":1124056,""integral_records"":26647,""isym"":1,""max_abs_integral"":33.02799415966381,""ms2"":0,""n_electrons"":10,""n_orbitals"":24,""one_electron_integrals"":202,""orbsym"":[1,1,1,1,1,1,1,1,1,1,1,1,1,1,1,1,1,1,1,1,1,1,1,1],""path"":""/home/nagan/autosbd-sc26-rg/external/riken-sbd/data/h2o/fcidump.txt"",""sha256"":""a3c2302834a33dce7260e8050a3f5180e05dbba1bb748f3e2f6410a7eacbd94d"",""source_integral_doubles"":48606,""sum_abs_integrals"":783.0966481208136,""two_electron_fill_density"":0.5856921373200443,""two_electron_integrals"":26444},""log1p_method0_work_proxy"":16.35437250170629,""log1p_n_configurations"":10.318143627345878,""method0_work_proxy"":12665248,""n_configurations"":30276}"
04f21ba1c96b0aca61ca21e3ea8cb8c9c50586c79bf413f4149b75166328e827,b28cb395981632b211b84e128e44015ccb53559020ec2dfea628fd420abd0622,0,2026-08-01T16:20:34.669456Z,2026-08-01T16:20:36.044029Z,true,,measured,0,h2o,H2O,cc-pVDZ,h2o-prefix-0174,54238461a8e4af6e254f60eecaa74512c6dee9fa209ca461041b5dea338aa659,amd-l4-default,gpu,1,1.3094272339949384,0.409173,0.010318,,,24,174,174,30276,12665248,126.234375,194.0,"{""alpha"":{""bit_length"":24,""count"":174,""file_bytes"":4350,""occupancy_max"":5,""occupancy_mean"":5.0,""occupancy_min"":5,""occupancy_variance"":0.0,""path"":""/home/nagan/autosbd-sc26-rg/data/derived/phase_b_prefixes/h2o/AlphaDets_n0174.txt"",""sha256"":""5cb369df17d90da84c3fb7fb13ff45a490e56281d262c8ae968e235b93c82c10"",""unique_count"":174},""beta"":{""bit_length"":24,""count"":174,""file_bytes"":4350,""occupancy_max"":5,""occupancy_mean"":5.0,""occupancy_min"":5,""occupancy_variance"":0.0,""path"":""/home/nagan/autosbd-sc26-rg/data/derived/phase_b_prefixes/h2o/AlphaDets_n0174.txt"",""sha256"":""5cb369df17d90da84c3fb7fb13ff45a490e56281d262c8ae968e235b93c82c10"",""unique_count"":174},""beta_reuses_alpha"":true,""combined_input_sha256"":""54238461a8e4af6e254f60eecaa74512c6dee9fa209ca461041b5dea338aa659"",""connectivity"":{""alpha"":{""determinants"":174,""directed_double_edges"":12824,""directed_single_edges"":2690,""double_degree_max"":113,""double_degree_mean"":73.70114942528735,""double_degree_min"":31,""double_edge_density"":0.42601820477044716,""single_degree_max"":57,""single_degree_mean"":15.459770114942529,""single_degree_min"":4,""single_edge_density"":0.08936283303434987,""unordered_pair_comparisons"":15051},""beta"":{""determinants"":174,""directed_double_edges"":12824,""directed_single_edges"":2690,""double_degree_max"":113,""double_degree_mean"":73.70114942528735,""double_degree_min"":31,""double_edge_density"":0.42601820477044716,""single_degree_max"":57,""single_degree_mean"":15.459770114942529,""single_degree_min"":4,""single_edge_density"":0.08936283303434987,""unordered_pair_comparisons"":15051},""pair_comparisons"":30102},""connectivity_pair_limit"":1000000,""fcidump"":{""compact_two_electron_slots"":45150,""core_integrals"":1,""exact_zero_integrals"":0,""file_bytes"":1124056,""integral_records"":26647,""isym"":1,""max_abs_integral"":33.02799415966381,""ms2"":0,""n_electrons"":10,""n_orbitals"":24,""one_electron_integrals"":202,""orbsym"":[1,1,1,1,1,1,1,1,1,1,1,1,1,1,1,1,1,1,1,1,1,1,1,1],""path"":""/home/nagan/autosbd-sc26-rg/external/riken-sbd/data/h2o/fcidump.txt"",""sha256"":""a3c2302834a33dce7260e8050a3f5180e05dbba1bb748f3e2f6410a7eacbd94d"",""source_integral_doubles"":48606,""sum_abs_integrals"":783.0966481208136,""two_electron_fill_density"":0.5856921373200443,""two_electron_integrals"":26444},""log1p_method0_work_proxy"":16.35437250170629,""log1p_n_configurations"":10.318143627345878,""method0_work_proxy"":12665248,""n_configurations"":30276}"
2341068c41c6314e1c99c447001ac78b8e1f0ff111677bc343682bfff1732297,925b44771e778c836c6face7522b06b97fdad92bf3c296ffd99a9eb849e94c83,0,2026-08-01T16:20:40.171374Z,2026-08-01T16:20:42.002683Z,true,,measured,0,h2o,H2O,cc-pVDZ,h2o-prefix-0275,ee17c38802ca7e869797f014dbc4957e7b589cc2cb8e2f2068c37fc2af1a150d,amd-l4-default,gpu,1,1.7653092239925172,0.865788,0.026248999999999998,,,24,275,275,75625,42706525,138.14453125,196.0,"{""alpha"":{""bit_length"":24,""count"":275,""file_bytes"":6875,""occupancy_max"":5,""occupancy_mean"":5.0,""occupancy_min"":5,""occupancy_variance"":0.0,""path"":""/home/nagan/autosbd-sc26-rg/data/derived/phase_b_prefixes/h2o/AlphaDets_n0275.txt"",""sha256"":""ea94906047a1d081d493066478e9f009c07cb4286541f1781060081205fd5a67"",""unique_count"":275},""beta"":{""bit_length"":24,""count"":275,""file_bytes"":6875,""occupancy_max"":5,""occupancy_mean"":5.0,""occupancy_min"":5,""occupancy_variance"":0.0,""path"":""/home/nagan/autosbd-sc26-rg/data/derived/phase_b_prefixes/h2o/AlphaDets_n0275.txt"",""sha256"":""ea94906047a1d081d493066478e9f009c07cb4286541f1781060081205fd5a67"",""unique_count"":275},""beta_reuses_alpha"":true,""combined_input_sha256"":""ee17c38802ca7e869797f014dbc4957e7b589cc2cb8e2f2068c37fc2af1a150d"",""connectivity"":{""alpha"":{""determinants"":275,""directed_double_edges"":29706,""directed_single_edges"":4860,""double_degree_max"":193,""double_degree_mean"":108.02181818181818,""double_degree_min"":39,""double_edge_density"":0.39424021234240214,""single_degree_max"":77,""single_degree_mean"":17.672727272727272,""single_degree_min"":4,""single_edge_density"":0.06449900464499005,""unordered_pair_comparisons"":37675},""beta"":{""determinants"":275,""directed_double_edges"":29706,""directed_single_edges"":4860,""double_degree_max"":193,""double_degree_mean"":108.02181818181818,""double_degree_min"":39,""double_edge_density"":0.39424021234240214,""single_degree_max"":77,""single_degree_mean"":17.672727272727272,""single_degree_min"":4,""single_edge_density"":0.06449900464499005,""unordered_pair_comparisons"":37675},""pair_comparisons"":75350},""connectivity_pair_limit"":1000000,""fcidump"":{""compact_two_electron_slots"":45150,""core_integrals"":1,""exact_zero_integrals"":0,""file_bytes"":1124056,""integral_records"":26647,""isym"":1,""max_abs_integral"":33.02799415966381,""ms2"":0,""n_electrons"":10,""n_orbitals"":24,""one_electron_integrals"":202,""orbsym"":[1,1,1,1,1,1,1,1,1,1,1,1,1,1,1,1,1,1,1,1,1,1,1,1],""path"":""/home/nagan/autosbd-sc26-rg/external/riken-sbd/data/h2o/fcidump.txt"",""sha256"":""a3c2302834a33dce7260e8050a3f5180e05dbba1bb748f3e2f6410a7eacbd94d"",""source_integral_doubles"":48606,""sum_abs_integrals"":783.0966481208136,""two_electron_fill_density"":0.5856921373200443,""two_electron_integrals"":26444},""log1p_method0_work_proxy"":17.569862300244623,""log1p_n_configurations"":11.233555418386214,""method0_work_proxy"":42706525,""n_configurations"":75625}"
9b30ce64526870c147a9e9d56dcd83ae6081df6755dc6deb1fdb682c03df7b6f,ce188b8af11e0a76b649561a69391b2092e861e6304c174a5d318ded78c89fc5,0,2026-08-01T16:20:46.284678Z,2026-08-01T16:20:57.210461Z,true,,measured,0,h2o,H2O,cc-pVDZ,h2o-prefix-0275,ee17c38802ca7e869797f014dbc4957e7b589cc2cb8e2f2068c37fc2af1a150d,amd-cpu-16,cpu,16,10.860245068004588,9.741090999999999,0.008103,,,24,275,275,75625,42706525,41.40234375,,"{""alpha"":{""bit_length"":24,""count"":275,""file_bytes"":6875,""occupancy_max"":5,""occupancy_mean"":5.0,""occupancy_min"":5,""occupancy_variance"":0.0,""path"":""/home/nagan/autosbd-sc26-rg/data/derived/phase_b_prefixes/h2o/AlphaDets_n0275.txt"",""sha256"":""ea94906047a1d081d493066478e9f009c07cb4286541f1781060081205fd5a67"",""unique_count"":275},""beta"":{""bit_length"":24,""count"":275,""file_bytes"":6875,""occupancy_max"":5,""occupancy_mean"":5.0,""occupancy_min"":5,""occupancy_variance"":0.0,""path"":""/home/nagan/autosbd-sc26-rg/data/derived/phase_b_prefixes/h2o/AlphaDets_n0275.txt"",""sha256"":""ea94906047a1d081d493066478e9f009c07cb4286541f1781060081205fd5a67"",""unique_count"":275},""beta_reuses_alpha"":true,""combined_input_sha256"":""ee17c38802ca7e869797f014dbc4957e7b589cc2cb8e2f2068c37fc2af1a150d"",""connectivity"":{""alpha"":{""determinants"":275,""directed_double_edges"":29706,""directed_single_edges"":4860,""double_degree_max"":193,""double_degree_mean"":108.02181818181818,""double_degree_min"":39,""double_edge_density"":0.39424021234240214,""single_degree_max"":77,""single_degree_mean"":17.672727272727272,""single_degree_min"":4,""single_edge_density"":0.06449900464499005,""unordered_pair_comparisons"":37675},""beta"":{""determinants"":275,""directed_double_edges"":29706,""directed_single_edges"":4860,""double_degree_max"":193,""double_degree_mean"":108.02181818181818,""double_degree_min"":39,""double_edge_density"":0.39424021234240214,""single_degree_max"":77,""single_degree_mean"":17.672727272727272,""single_degree_min"":4,""single_edge_density"":0.06449900464499005,""unordered_pair_comparisons"":37675},""pair_comparisons"":75350},""connectivity_pair_limit"":1000000,""fcidump"":{""compact_two_electron_slots"":45150,""core_integrals"":1,""exact_zero_integrals"":0,""file_bytes"":1124056,""integral_records"":26647,""isym"":1,""max_abs_integral"":33.02799415966381,""ms2"":0,""n_electrons"":10,""n_orbitals"":24,""one_electron_integrals"":202,""orbsym"":[1,1,1,1,1,1,1,1,1,1,1,1,1,1,1,1,1,1,1,1,1,1,1,1],""path"":""/home/nagan/autosbd-sc26-rg/external/riken-sbd/data/h2o/fcidump.txt"",""sha256"":""a3c2302834a33dce7260e8050a3f5180e05dbba1bb748f3e2f6410a7eacbd94d"",""source_integral_doubles"":48606,""sum_abs_integrals"":783.0966481208136,""two_electron_fill_density"":0.5856921373200443,""two_electron_integrals"":26444},""log1p_method0_work_proxy"":17.569862300244623,""log1p_n_configurations"":11.233555418386214,""method0_work_proxy"":42706525,""n_configurations"":75625}"
