trial_id,logical_trial_id,attempt_index,timestamp_utc,finished_timestamp_utc,included,exclusion_reasons,phase,repetition,problem_instance,input_sha256,candidate_name,backend,cpu_threads,wall_time_s,solver_time_s,initialization_time_s,matvec_time_s,transfer_time_s,n_orbitals,n_alpha_strings,n_beta_strings,n_configurations,estimated_work,peak_host_rss_mb,peak_gpu_memory_mb,input_features_json
f16ec20bbfcfcc9cc28a1f90b9a114d9686f69f98ac1567e7b47b97ae7a21a7e,178f75b9948a5a2098a2c48dab23a554734113d82ea8af1cbf667104919f49d9,0,2026-08-01T01:59:53.572582Z,2026-08-01T01:59:55.321881Z,false,timing_ineligible;warmup,warmup,0,fe4s4-prefix-0032,f103fd51dd08c7654df2db110936ac379bd103b817b518083fa50ae85cc66390,amd-l4-default,gpu,1,1.6343316979982774,0.154637,0.000355,,,36,32,32,1024,679168,128.28515625,194.0,"{""alpha"":{""bit_length"":36,""count"":32,""file_bytes"":1184,""occupancy_max"":27,""occupancy_mean"":27.0,""occupancy_min"":27,""occupancy_variance"":0.0,""path"":""/home/nagan/autosbd-sc26-rg/data/derived/amd_fe4s4_prefixes/AlphaDets_n0032.txt"",""sha256"":""5f2beadb720d61c467a3ee8ee9f127152e1a69b2edcdad3139d74888d5d4cbc8"",""unique_count"":32},""beta"":{""bit_length"":36,""count"":32,""file_bytes"":1184,""occupancy_max"":27,""occupancy_mean"":27.0,""occupancy_min"":27,""occupancy_variance"":0.0,""path"":""/home/nagan/autosbd-sc26-rg/data/derived/amd_fe4s4_prefixes/AlphaDets_n0032.txt"",""sha256"":""5f2beadb720d61c467a3ee8ee9f127152e1a69b2edcdad3139d74888d5d4cbc8"",""unique_count"":32},""beta_reuses_alpha"":true,""combined_input_sha256"":""f103fd51dd08c7654df2db110936ac379bd103b817b518083fa50ae85cc66390"",""connectivity"":{""alpha"":{""determinants"":32,""directed_double_edges"":208,""directed_single_edges"":784,""double_degree_max"":26,""double_degree_mean"":6.5,""double_degree_min"":0,""double_edge_density"":0.20967741935483872,""single_degree_max"":31,""single_degree_mean"":24.5,""single_degree_min"":5,""single_edge_density"":0.7903225806451613,""unordered_pair_comparisons"":496},""beta"":{""determinants"":32,""directed_double_edges"":208,""directed_single_edges"":784,""double_degree_max"":26,""double_degree_mean"":6.5,""double_degree_min"":0,""double_edge_density"":0.20967741935483872,""single_degree_max"":31,""single_degree_mean"":24.5,""single_degree_min"":5,""single_edge_density"":0.7903225806451613,""unordered_pair_comparisons"":496},""pair_comparisons"":992},""connectivity_pair_limit"":1000000,""fcidump"":{""compact_two_electron_slots"":222111,""core_integrals"":1,""exact_zero_integrals"":1,""file_bytes"":9584950,""integral_records"":222778,""isym"":1,""max_abs_integral"":13.43276387194341,""ms2"":0,""n_electrons"":54,""n_orbitals"":36,""one_electron_integrals"":666,""orbsym"":[1,1,1,1,1,1,1,1,1,1,1,1,1,1,1,1,1,1,1,1,1,1,1,1,1,1,1,1,1,1,1,1,1,1,1,1],""path"":""/home/nagan/autosbd-sc26-rg/external/amd-sbd/samples/selected_basis_diagonalization/fcidump_Fe4S4.txt"",""sha256"":""9a74e2035f76218f1d02aa641a5be256c0b685f0382b1612fc261117dd1b6e93"",""source_integral_doubles"":229887,""sum_abs_integrals"":1054.5633693506882,""two_electron_fill_density"":1.0,""two_electron_integrals"":222111},""log1p_method0_work_proxy"":13.428625271005966,""log1p_n_configurations"":6.932447891572509,""method0_work_proxy"":679168,""n_configurations"":1024}"
4ef3e18770524d630983b87dc94e44eaf78bb19c51dde3badccdd25fb20ea1d3,d0c9e86c9a6d6307c486b173b1135262d0280f77f26b8535b0f69fee78de21dd,0,2026-08-01T01:59:56.313966Z,2026-08-01T01:59:57.833835Z,false,timing_ineligible;warmup,warmup,0,fe4s4-prefix-0032,f103fd51dd08c7654df2db110936ac379bd103b817b518083fa50ae85cc66390,amd-cpu-16,cpu,16,1.410186731001886,0.264888,0.002444,,,36,32,32,1024,679168,43.34765625,,"{""alpha"":{""bit_length"":36,""count"":32,""file_bytes"":1184,""occupancy_max"":27,""occupancy_mean"":27.0,""occupancy_min"":27,""occupancy_variance"":0.0,""path"":""/home/nagan/autosbd-sc26-rg/data/derived/amd_fe4s4_prefixes/AlphaDets_n0032.txt"",""sha256"":""5f2beadb720d61c467a3ee8ee9f127152e1a69b2edcdad3139d74888d5d4cbc8"",""unique_count"":32},""beta"":{""bit_length"":36,""count"":32,""file_bytes"":1184,""occupancy_max"":27,""occupancy_mean"":27.0,""occupancy_min"":27,""occupancy_variance"":0.0,""path"":""/home/nagan/autosbd-sc26-rg/data/derived/amd_fe4s4_prefixes/AlphaDets_n0032.txt"",""sha256"":""5f2beadb720d61c467a3ee8ee9f127152e1a69b2edcdad3139d74888d5d4cbc8"",""unique_count"":32},""beta_reuses_alpha"":true,""combined_input_sha256"":""f103fd51dd08c7654df2db110936ac379bd103b817b518083fa50ae85cc66390"",""connectivity"":{""alpha"":{""determinants"":32,""directed_double_edges"":208,""directed_single_edges"":784,""double_degree_max"":26,""double_degree_mean"":6.5,""double_degree_min"":0,""double_edge_density"":0.20967741935483872,""single_degree_max"":31,""single_degree_mean"":24.5,""single_degree_min"":5,""single_edge_density"":0.7903225806451613,""unordered_pair_comparisons"":496},""beta"":{""determinants"":32,""directed_double_edges"":208,""directed_single_edges"":784,""double_degree_max"":26,""double_degree_mean"":6.5,""double_degree_min"":0,""double_edge_density"":0.20967741935483872,""single_degree_max"":31,""single_degree_mean"":24.5,""single_degree_min"":5,""single_edge_density"":0.7903225806451613,""unordered_pair_comparisons"":496},""pair_comparisons"":992},""connectivity_pair_limit"":1000000,""fcidump"":{""compact_two_electron_slots"":222111,""core_integrals"":1,""exact_zero_integrals"":1,""file_bytes"":9584950,""integral_records"":222778,""isym"":1,""max_abs_integral"":13.43276387194341,""ms2"":0,""n_electrons"":54,""n_orbitals"":36,""one_electron_integrals"":666,""orbsym"":[1,1,1,1,1,1,1,1,1,1,1,1,1,1,1,1,1,1,1,1,1,1,1,1,1,1,1,1,1,1,1,1,1,1,1,1],""path"":""/home/nagan/autosbd-sc26-rg/external/amd-sbd/samples/selected_basis_diagonalization/fcidump_Fe4S4.txt"",""sha256"":""9a74e2035f76218f1d02aa641a5be256c0b685f0382b1612fc261117dd1b6e93"",""source_integral_doubles"":229887,""sum_abs_integrals"":1054.5633693506882,""two_electron_fill_density"":1.0,""two_electron_integrals"":222111},""log1p_method0_work_proxy"":13.428625271005966,""log1p_n_configurations"":6.932447891572509,""method0_work_proxy"":679168,""n_configurations"":1024}"
469f3e9e0bfed5ce886a3fc8912e382ca839c3b15b28d04e8ef0188ccf02d85a,6d7264c45b97fba1558aa7285fef3aacfb08e33b9741f4bac426f2ec45835e0a,0,2026-08-01T01:59:58.821722Z,2026-08-01T02:00:01.352702Z,false,timing_ineligible;warmup,warmup,0,fe4s4-prefix-0055,9e7200c65761a843b0d95d70dc1680653805434675077bb83579fcfa0852bba7,amd-cpu-16,cpu,16,2.4159194809981273,1.225497,0.002914,,,36,55,55,3025,2782081,43.33203125,,"{""alpha"":{""bit_length"":36,""count"":55,""file_bytes"":2035,""occupancy_max"":27,""occupancy_mean"":27.0,""occupancy_min"":27,""occupancy_variance"":0.0,""path"":""/home/nagan/autosbd-sc26-rg/data/derived/amd_fe4s4_prefixes/AlphaDets_n0055.txt"",""sha256"":""2b296f3011a87e9bf7f9682b8de25e78442ac6bcb47942bf8003ecdeb65d3ef1"",""unique_count"":55},""beta"":{""bit_length"":36,""count"":55,""file_bytes"":2035,""occupancy_max"":27,""occupancy_mean"":27.0,""occupancy_min"":27,""occupancy_variance"":0.0,""path"":""/home/nagan/autosbd-sc26-rg/data/derived/amd_fe4s4_prefixes/AlphaDets_n0055.txt"",""sha256"":""2b296f3011a87e9bf7f9682b8de25e78442ac6bcb47942bf8003ecdeb65d3ef1"",""unique_count"":55},""beta_reuses_alpha"":true,""combined_input_sha256"":""9e7200c65761a843b0d95d70dc1680653805434675077bb83579fcfa0852bba7"",""connectivity"":{""alpha"":{""determinants"":55,""directed_double_edges"":1404,""directed_single_edges"":1566,""double_degree_max"":26,""double_degree_mean"":25.527272727272727,""double_degree_min"":0,""double_edge_density"":0.4727272727272727,""single_degree_max"":54,""single_degree_mean"":28.472727272727273,""single_degree_min"":28,""single_edge_density"":0.5272727272727272,""unordered_pair_comparisons"":1485},""beta"":{""determinants"":55,""directed_double_edges"":1404,""directed_single_edges"":1566,""double_degree_max"":26,""double_degree_mean"":25.527272727272727,""double_degree_min"":0,""double_edge_density"":0.4727272727272727,""single_degree_max"":54,""single_degree_mean"":28.472727272727273,""single_degree_min"":28,""single_edge_density"":0.5272727272727272,""unordered_pair_comparisons"":1485},""pair_comparisons"":2970},""connectivity_pair_limit"":1000000,""fcidump"":{""compact_two_electron_slots"":222111,""core_integrals"":1,""exact_zero_integrals"":1,""file_bytes"":9584950,""integral_records"":222778,""isym"":1,""max_abs_integral"":13.43276387194341,""ms2"":0,""n_electrons"":54,""n_orbitals"":36,""one_electron_integrals"":666,""orbsym"":[1,1,1,1,1,1,1,1,1,1,1,1,1,1,1,1,1,1,1,1,1,1,1,1,1,1,1,1,1,1,1,1,1,1,1,1],""path"":""/home/nagan/autosbd-sc26-rg/external/amd-sbd/samples/selected_basis_diagonalization/fcidump_Fe4S4.txt"",""sha256"":""9a74e2035f76218f1d02aa641a5be256c0b685f0382b1612fc261117dd1b6e93"",""source_integral_doubles"":229887,""sum_abs_integrals"":1054.5633693506882,""two_electron_fill_density"":1.0,""two_electron_integrals"":222111},""log1p_method0_work_proxy"":14.83871012622884,""log1p_n_configurations"":8.0149968943483,""method0_work_proxy"":2782081,""n_configurations"":3025}"
e284853e26527ba397dc55b81bf3e41aaa6e49bb07a1c9219172743b8918a976,9e6762dfe97cbfeea91eaf3c9115f72686c46159d4cc4bfd440abdefd7dfff68,0,2026-08-01T02:00:02.341569Z,2026-08-01T02:00:04.380463Z,false,timing_ineligible;warmup,warmup,0,fe4s4-prefix-0055,9e7200c65761a843b0d95d70dc1680653805434675077bb83579fcfa0852bba7,amd-l4-default,gpu,1,1.9241060669955914,0.44685,0.00089,,,36,55,55,3025,2782081,129.01171875,194.0,"{""alpha"":{""bit_length"":36,""count"":55,""file_bytes"":2035,""occupancy_max"":27,""occupancy_mean"":27.0,""occupancy_min"":27,""occupancy_variance"":0.0,""path"":""/home/nagan/autosbd-sc26-rg/data/derived/amd_fe4s4_prefixes/AlphaDets_n0055.txt"",""sha256"":""2b296f3011a87e9bf7f9682b8de25e78442ac6bcb47942bf8003ecdeb65d3ef1"",""unique_count"":55},""beta"":{""bit_length"":36,""count"":55,""file_bytes"":2035,""occupancy_max"":27,""occupancy_mean"":27.0,""occupancy_min"":27,""occupancy_variance"":0.0,""path"":""/home/nagan/autosbd-sc26-rg/data/derived/amd_fe4s4_prefixes/AlphaDets_n0055.txt"",""sha256"":""2b296f3011a87e9bf7f9682b8de25e78442ac6bcb47942bf8003ecdeb65d3ef1"",""unique_count"":55},""beta_reuses_alpha"":true,""combined_input_sha256"":""9e7200c65761a843b0d95d70dc1680653805434675077bb83579fcfa0852bba7"",""connectivity"":{""alpha"":{""determinants"":55,""directed_double_edges"":1404,""directed_single_edges"":1566,""double_degree_max"":26,""double_degree_mean"":25.527272727272727,""double_degree_min"":0,""double_edge_density"":0.4727272727272727,""single_degree_max"":54,""single_degree_mean"":28.472727272727273,""single_degree_min"":28,""single_edge_density"":0.5272727272727272,""unordered_pair_comparisons"":1485},""beta"":{""determinants"":55,""directed_double_edges"":1404,""directed_single_edges"":1566,""double_degree_max"":26,""double_degree_mean"":25.527272727272727,""double_degree_min"":0,""double_edge_density"":0.4727272727272727,""single_degree_max"":54,""single_degree_mean"":28.472727272727273,""single_degree_min"":28,""single_edge_density"":0.5272727272727272,""unordered_pair_comparisons"":1485},""pair_comparisons"":2970},""connectivity_pair_limit"":1000000,""fcidump"":{""compact_two_electron_slots"":222111,""core_integrals"":1,""exact_zero_integrals"":1,""file_bytes"":9584950,""integral_records"":222778,""isym"":1,""max_abs_integral"":13.43276387194341,""ms2"":0,""n_electrons"":54,""n_orbitals"":36,""one_electron_integrals"":666,""orbsym"":[1,1,1,1,1,1,1,1,1,1,1,1,1,1,1,1,1,1,1,1,1,1,1,1,1,1,1,1,1,1,1,1,1,1,1,1],""path"":""/home/nagan/autosbd-sc26-rg/external/amd-sbd/samples/selected_basis_diagonalization/fcidump_Fe4S4.txt"",""sha256"":""9a74e2035f76218f1d02aa641a5be256c0b685f0382b1612fc261117dd1b6e93"",""source_integral_doubles"":229887,""sum_abs_integrals"":1054.5633693506882,""two_electron_fill_density"":1.0,""two_electron_integrals"":222111},""log1p_method0_work_proxy"":14.83871012622884,""log1p_n_configurations"":8.0149968943483,""method0_work_proxy"":2782081,""n_configurations"":3025}"
6bd677d64c28fdab2b1199ebdc0d85cb655d6e1a91ffbc0a77298bf5e9e4fee8,d9d3bd7162bd2a9e184a6861800957720ace8343d94d951a8e4c916ff116506d,0,2026-08-01T02:00:05.371248Z,2026-08-01T02:00:07.113487Z,true,,measured,0,fe4s4-prefix-0032,f103fd51dd08c7654df2db110936ac379bd103b817b518083fa50ae85cc66390,amd-l4-default,gpu,1,1.6338358529974357,0.153647,0.000353,,,36,32,32,1024,679168,128.40625,194.0,"{""alpha"":{""bit_length"":36,""count"":32,""file_bytes"":1184,""occupancy_max"":27,""occupancy_mean"":27.0,""occupancy_min"":27,""occupancy_variance"":0.0,""path"":""/home/nagan/autosbd-sc26-rg/data/derived/amd_fe4s4_prefixes/AlphaDets_n0032.txt"",""sha256"":""5f2beadb720d61c467a3ee8ee9f127152e1a69b2edcdad3139d74888d5d4cbc8"",""unique_count"":32},""beta"":{""bit_length"":36,""count"":32,""file_bytes"":1184,""occupancy_max"":27,""occupancy_mean"":27.0,""occupancy_min"":27,""occupancy_variance"":0.0,""path"":""/home/nagan/autosbd-sc26-rg/data/derived/amd_fe4s4_prefixes/AlphaDets_n0032.txt"",""sha256"":""5f2beadb720d61c467a3ee8ee9f127152e1a69b2edcdad3139d74888d5d4cbc8"",""unique_count"":32},""beta_reuses_alpha"":true,""combined_input_sha256"":""f103fd51dd08c7654df2db110936ac379bd103b817b518083fa50ae85cc66390"",""connectivity"":{""alpha"":{""determinants"":32,""directed_double_edges"":208,""directed_single_edges"":784,""double_degree_max"":26,""double_degree_mean"":6.5,""double_degree_min"":0,""double_edge_density"":0.20967741935483872,""single_degree_max"":31,""single_degree_mean"":24.5,""single_degree_min"":5,""single_edge_density"":0.7903225806451613,""unordered_pair_comparisons"":496},""beta"":{""determinants"":32,""directed_double_edges"":208,""directed_single_edges"":784,""double_degree_max"":26,""double_degree_mean"":6.5,""double_degree_min"":0,""double_edge_density"":0.20967741935483872,""single_degree_max"":31,""single_degree_mean"":24.5,""single_degree_min"":5,""single_edge_density"":0.7903225806451613,""unordered_pair_comparisons"":496},""pair_comparisons"":992},""connectivity_pair_limit"":1000000,""fcidump"":{""compact_two_electron_slots"":222111,""core_integrals"":1,""exact_zero_integrals"":1,""file_bytes"":9584950,""integral_records"":222778,""isym"":1,""max_abs_integral"":13.43276387194341,""ms2"":0,""n_electrons"":54,""n_orbitals"":36,""one_electron_integrals"":666,""orbsym"":[1,1,1,1,1,1,1,1,1,1,1,1,1,1,1,1,1,1,1,1,1,1,1,1,1,1,1,1,1,1,1,1,1,1,1,1],""path"":""/home/nagan/autosbd-sc26-rg/external/amd-sbd/samples/selected_basis_diagonalization/fcidump_Fe4S4.txt"",""sha256"":""9a74e2035f76218f1d02aa641a5be256c0b685f0382b1612fc261117dd1b6e93"",""source_integral_doubles"":229887,""sum_abs_integrals"":1054.5633693506882,""two_electron_fill_density"":1.0,""two_electron_integrals"":222111},""log1p_method0_work_proxy"":13.428625271005966,""log1p_n_configurations"":6.932447891572509,""method0_work_proxy"":679168,""n_configurations"":1024}"
c81319dfb3791ad00d4d559c0d9b09dd424a602ce7c629f8e52dfc91e0ec6e68,dbcdc24d1d45c28ff0bc644d65e0b4b5eb376359b6cb69f30df2bcb43e36350d,0,2026-08-01T02:00:08.092946Z,2026-08-01T02:00:09.613356Z,true,,measured,0,fe4s4-prefix-0032,f103fd51dd08c7654df2db110936ac379bd103b817b518083fa50ae85cc66390,amd-cpu-16,cpu,16,1.4109253030037507,0.260575,0.002754,,,36,32,32,1024,679168,43.21484375,,"{""alpha"":{""bit_length"":36,""count"":32,""file_bytes"":1184,""occupancy_max"":27,""occupancy_mean"":27.0,""occupancy_min"":27,""occupancy_variance"":0.0,""path"":""/home/nagan/autosbd-sc26-rg/data/derived/amd_fe4s4_prefixes/AlphaDets_n0032.txt"",""sha256"":""5f2beadb720d61c467a3ee8ee9f127152e1a69b2edcdad3139d74888d5d4cbc8"",""unique_count"":32},""beta"":{""bit_length"":36,""count"":32,""file_bytes"":1184,""occupancy_max"":27,""occupancy_mean"":27.0,""occupancy_min"":27,""occupancy_variance"":0.0,""path"":""/home/nagan/autosbd-sc26-rg/data/derived/amd_fe4s4_prefixes/AlphaDets_n0032.txt"",""sha256"":""5f2beadb720d61c467a3ee8ee9f127152e1a69b2edcdad3139d74888d5d4cbc8"",""unique_count"":32},""beta_reuses_alpha"":true,""combined_input_sha256"":""f103fd51dd08c7654df2db110936ac379bd103b817b518083fa50ae85cc66390"",""connectivity"":{""alpha"":{""determinants"":32,""directed_double_edges"":208,""directed_single_edges"":784,""double_degree_max"":26,""double_degree_mean"":6.5,""double_degree_min"":0,""double_edge_density"":0.20967741935483872,""single_degree_max"":31,""single_degree_mean"":24.5,""single_degree_min"":5,""single_edge_density"":0.7903225806451613,""unordered_pair_comparisons"":496},""beta"":{""determinants"":32,""directed_double_edges"":208,""directed_single_edges"":784,""double_degree_max"":26,""double_degree_mean"":6.5,""double_degree_min"":0,""double_edge_density"":0.20967741935483872,""single_degree_max"":31,""single_degree_mean"":24.5,""single_degree_min"":5,""single_edge_density"":0.7903225806451613,""unordered_pair_comparisons"":496},""pair_comparisons"":992},""connectivity_pair_limit"":1000000,""fcidump"":{""compact_two_electron_slots"":222111,""core_integrals"":1,""exact_zero_integrals"":1,""file_bytes"":9584950,""integral_records"":222778,""isym"":1,""max_abs_integral"":13.43276387194341,""ms2"":0,""n_electrons"":54,""n_orbitals"":36,""one_electron_integrals"":666,""orbsym"":[1,1,1,1,1,1,1,1,1,1,1,1,1,1,1,1,1,1,1,1,1,1,1,1,1,1,1,1,1,1,1,1,1,1,1,1],""path"":""/home/nagan/autosbd-sc26-rg/external/amd-sbd/samples/selected_basis_diagonalization/fcidump_Fe4S4.txt"",""sha256"":""9a74e2035f76218f1d02aa641a5be256c0b685f0382b1612fc261117dd1b6e93"",""source_integral_doubles"":229887,""sum_abs_integrals"":1054.5633693506882,""two_electron_fill_density"":1.0,""two_electron_integrals"":222111},""log1p_method0_work_proxy"":13.428625271005966,""log1p_n_configurations"":6.932447891572509,""method0_work_proxy"":679168,""n_configurations"":1024}"
26e34d766211ea7fffb19b527451db1d4e0e2fec45fc802a620584d36f0c94c5,8e7c3ac6c48a6f3957311edd1c3bd496db534ef90ac295f189fa8f5c7084f382,0,2026-08-01T02:00:10.594167Z,2026-08-01T02:00:12.629180Z,true,,measured,0,fe4s4-prefix-0055,9e7200c65761a843b0d95d70dc1680653805434675077bb83579fcfa0852bba7,amd-l4-default,gpu,1,1.9206987360012135,0.446836,0.000873,,,36,55,55,3025,2782081,128.9296875,194.0,"{""alpha"":{""bit_length"":36,""count"":55,""file_bytes"":2035,""occupancy_max"":27,""occupancy_mean"":27.0,""occupancy_min"":27,""occupancy_variance"":0.0,""path"":""/home/nagan/autosbd-sc26-rg/data/derived/amd_fe4s4_prefixes/AlphaDets_n0055.txt"",""sha256"":""2b296f3011a87e9bf7f9682b8de25e78442ac6bcb47942bf8003ecdeb65d3ef1"",""unique_count"":55},""beta"":{""bit_length"":36,""count"":55,""file_bytes"":2035,""occupancy_max"":27,""occupancy_mean"":27.0,""occupancy_min"":27,""occupancy_variance"":0.0,""path"":""/home/nagan/autosbd-sc26-rg/data/derived/amd_fe4s4_prefixes/AlphaDets_n0055.txt"",""sha256"":""2b296f3011a87e9bf7f9682b8de25e78442ac6bcb47942bf8003ecdeb65d3ef1"",""unique_count"":55},""beta_reuses_alpha"":true,""combined_input_sha256"":""9e7200c65761a843b0d95d70dc1680653805434675077bb83579fcfa0852bba7"",""connectivity"":{""alpha"":{""determinants"":55,""directed_double_edges"":1404,""directed_single_edges"":1566,""double_degree_max"":26,""double_degree_mean"":25.527272727272727,""double_degree_min"":0,""double_edge_density"":0.4727272727272727,""single_degree_max"":54,""single_degree_mean"":28.472727272727273,""single_degree_min"":28,""single_edge_density"":0.5272727272727272,""unordered_pair_comparisons"":1485},""beta"":{""determinants"":55,""directed_double_edges"":1404,""directed_single_edges"":1566,""double_degree_max"":26,""double_degree_mean"":25.527272727272727,""double_degree_min"":0,""double_edge_density"":0.4727272727272727,""single_degree_max"":54,""single_degree_mean"":28.472727272727273,""single_degree_min"":28,""single_edge_density"":0.5272727272727272,""unordered_pair_comparisons"":1485},""pair_comparisons"":2970},""connectivity_pair_limit"":1000000,""fcidump"":{""compact_two_electron_slots"":222111,""core_integrals"":1,""exact_zero_integrals"":1,""file_bytes"":9584950,""integral_records"":222778,""isym"":1,""max_abs_integral"":13.43276387194341,""ms2"":0,""n_electrons"":54,""n_orbitals"":36,""one_electron_integrals"":666,""orbsym"":[1,1,1,1,1,1,1,1,1,1,1,1,1,1,1,1,1,1,1,1,1,1,1,1,1,1,1,1,1,1,1,1,1,1,1,1],""path"":""/home/nagan/autosbd-sc26-rg/external/amd-sbd/samples/selected_basis_diagonalization/fcidump_Fe4S4.txt"",""sha256"":""9a74e2035f76218f1d02aa641a5be256c0b685f0382b1612fc261117dd1b6e93"",""source_integral_doubles"":229887,""sum_abs_integrals"":1054.5633693506882,""two_electron_fill_density"":1.0,""two_electron_integrals"":222111},""log1p_method0_work_proxy"":14.83871012622884,""log1p_n_configurations"":8.0149968943483,""method0_work_proxy"":2782081,""n_configurations"":3025}"
e42646e72c03542753e41340f3aec8e5eb26c6326da06afbd3aa7faa69026a11,6c8c31dddea4edec22359dd0f0b194cdabd4b6b16a8f864d3a91cbce3795ab60,0,2026-08-01T02:00:13.610571Z,2026-08-01T02:00:16.135808Z,true,,measured,0,fe4s4-prefix-0055,9e7200c65761a843b0d95d70dc1680653805434675077bb83579fcfa0852bba7,amd-cpu-16,cpu,16,2.416199424995284,1.230324,0.003146,,,36,55,55,3025,2782081,43.265625,,"{""alpha"":{""bit_length"":36,""count"":55,""file_bytes"":2035,""occupancy_max"":27,""occupancy_mean"":27.0,""occupancy_min"":27,""occupancy_variance"":0.0,""path"":""/home/nagan/autosbd-sc26-rg/data/derived/amd_fe4s4_prefixes/AlphaDets_n0055.txt"",""sha256"":""2b296f3011a87e9bf7f9682b8de25e78442ac6bcb47942bf8003ecdeb65d3ef1"",""unique_count"":55},""beta"":{""bit_length"":36,""count"":55,""file_bytes"":2035,""occupancy_max"":27,""occupancy_mean"":27.0,""occupancy_min"":27,""occupancy_variance"":0.0,""path"":""/home/nagan/autosbd-sc26-rg/data/derived/amd_fe4s4_prefixes/AlphaDets_n0055.txt"",""sha256"":""2b296f3011a87e9bf7f9682b8de25e78442ac6bcb47942bf8003ecdeb65d3ef1"",""unique_count"":55},""beta_reuses_alpha"":true,""combined_input_sha256"":""9e7200c65761a843b0d95d70dc1680653805434675077bb83579fcfa0852bba7"",""connectivity"":{""alpha"":{""determinants"":55,""directed_double_edges"":1404,""directed_single_edges"":1566,""double_degree_max"":26,""double_degree_mean"":25.527272727272727,""double_degree_min"":0,""double_edge_density"":0.4727272727272727,""single_degree_max"":54,""single_degree_mean"":28.472727272727273,""single_degree_min"":28,""single_edge_density"":0.5272727272727272,""unordered_pair_comparisons"":1485},""beta"":{""determinants"":55,""directed_double_edges"":1404,""directed_single_edges"":1566,""double_degree_max"":26,""double_degree_mean"":25.527272727272727,""double_degree_min"":0,""double_edge_density"":0.4727272727272727,""single_degree_max"":54,""single_degree_mean"":28.472727272727273,""single_degree_min"":28,""single_edge_density"":0.5272727272727272,""unordered_pair_comparisons"":1485},""pair_comparisons"":2970},""connectivity_pair_limit"":1000000,""fcidump"":{""compact_two_electron_slots"":222111,""core_integrals"":1,""exact_zero_integrals"":1,""file_bytes"":9584950,""integral_records"":222778,""isym"":1,""max_abs_integral"":13.43276387194341,""ms2"":0,""n_electrons"":54,""n_orbitals"":36,""one_electron_integrals"":666,""orbsym"":[1,1,1,1,1,1,1,1,1,1,1,1,1,1,1,1,1,1,1,1,1,1,1,1,1,1,1,1,1,1,1,1,1,1,1,1],""path"":""/home/nagan/autosbd-sc26-rg/external/amd-sbd/samples/selected_basis_diagonalization/fcidump_Fe4S4.txt"",""sha256"":""9a74e2035f76218f1d02aa641a5be256c0b685f0382b1612fc261117dd1b6e93"",""source_integral_doubles"":229887,""sum_abs_integrals"":1054.5633693506882,""two_electron_fill_density"":1.0,""two_electron_integrals"":222111},""log1p_method0_work_proxy"":14.83871012622884,""log1p_n_configurations"":8.0149968943483,""method0_work_proxy"":2782081,""n_configurations"":3025}"
107fbe8a96874d48fbf6cf07d9f91c5add6ca9602bfddb399a2fe261c997a3d8,1766e1109d829eb36f7a070ff237e2f58618d08a5e4050aab7a835b8a5e848d3,0,2026-08-01T02:00:17.108777Z,2026-08-01T02:00:18.634501Z,true,,measured,1,fe4s4-prefix-0032,f103fd51dd08c7654df2db110936ac379bd103b817b518083fa50ae85cc66390,amd-cpu-16,cpu,16,1.4105689610005356,0.267921,0.002367,,,36,32,32,1024,679168,43.2421875,,"{""alpha"":{""bit_length"":36,""count"":32,""file_bytes"":1184,""occupancy_max"":27,""occupancy_mean"":27.0,""occupancy_min"":27,""occupancy_variance"":0.0,""path"":""/home/nagan/autosbd-sc26-rg/data/derived/amd_fe4s4_prefixes/AlphaDets_n0032.txt"",""sha256"":""5f2beadb720d61c467a3ee8ee9f127152e1a69b2edcdad3139d74888d5d4cbc8"",""unique_count"":32},""beta"":{""bit_length"":36,""count"":32,""file_bytes"":1184,""occupancy_max"":27,""occupancy_mean"":27.0,""occupancy_min"":27,""occupancy_variance"":0.0,""path"":""/home/nagan/autosbd-sc26-rg/data/derived/amd_fe4s4_prefixes/AlphaDets_n0032.txt"",""sha256"":""5f2beadb720d61c467a3ee8ee9f127152e1a69b2edcdad3139d74888d5d4cbc8"",""unique_count"":32},""beta_reuses_alpha"":true,""combined_input_sha256"":""f103fd51dd08c7654df2db110936ac379bd103b817b518083fa50ae85cc66390"",""connectivity"":{""alpha"":{""determinants"":32,""directed_double_edges"":208,""directed_single_edges"":784,""double_degree_max"":26,""double_degree_mean"":6.5,""double_degree_min"":0,""double_edge_density"":0.20967741935483872,""single_degree_max"":31,""single_degree_mean"":24.5,""single_degree_min"":5,""single_edge_density"":0.7903225806451613,""unordered_pair_comparisons"":496},""beta"":{""determinants"":32,""directed_double_edges"":208,""directed_single_edges"":784,""double_degree_max"":26,""double_degree_mean"":6.5,""double_degree_min"":0,""double_edge_density"":0.20967741935483872,""single_degree_max"":31,""single_degree_mean"":24.5,""single_degree_min"":5,""single_edge_density"":0.7903225806451613,""unordered_pair_comparisons"":496},""pair_comparisons"":992},""connectivity_pair_limit"":1000000,""fcidump"":{""compact_two_electron_slots"":222111,""core_integrals"":1,""exact_zero_integrals"":1,""file_bytes"":9584950,""integral_records"":222778,""isym"":1,""max_abs_integral"":13.43276387194341,""ms2"":0,""n_electrons"":54,""n_orbitals"":36,""one_electron_integrals"":666,""orbsym"":[1,1,1,1,1,1,1,1,1,1,1,1,1,1,1,1,1,1,1,1,1,1,1,1,1,1,1,1,1,1,1,1,1,1,1,1],""path"":""/home/nagan/autosbd-sc26-rg/external/amd-sbd/samples/selected_basis_diagonalization/fcidump_Fe4S4.txt"",""sha256"":""9a74e2035f76218f1d02aa641a5be256c0b685f0382b1612fc261117dd1b6e93"",""source_integral_doubles"":229887,""sum_abs_integrals"":1054.5633693506882,""two_electron_fill_density"":1.0,""two_electron_integrals"":222111},""log1p_method0_work_proxy"":13.428625271005966,""log1p_n_configurations"":6.932447891572509,""method0_work_proxy"":679168,""n_configurations"":1024}"
82ebcc264c25541f0a13ba78c4e1ba3fd63fc78df7334b1c1fce1fe53d5cefaa,d3344f6ae7a902d64dea9fc1a730bf78e5331419db38c4a11b16f55c36984b3a,0,2026-08-01T02:00:19.615701Z,2026-08-01T02:00:21.359872Z,true,,measured,1,fe4s4-prefix-0032,f103fd51dd08c7654df2db110936ac379bd103b817b518083fa50ae85cc66390,amd-l4-default,gpu,1,1.628517176999594,0.152911,0.00033999999999999997,,,36,32,32,1024,679168,128.359375,194.0,"{""alpha"":{""bit_length"":36,""count"":32,""file_bytes"":1184,""occupancy_max"":27,""occupancy_mean"":27.0,""occupancy_min"":27,""occupancy_variance"":0.0,""path"":""/home/nagan/autosbd-sc26-rg/data/derived/amd_fe4s4_prefixes/AlphaDets_n0032.txt"",""sha256"":""5f2beadb720d61c467a3ee8ee9f127152e1a69b2edcdad3139d74888d5d4cbc8"",""unique_count"":32},""beta"":{""bit_length"":36,""count"":32,""file_bytes"":1184,""occupancy_max"":27,""occupancy_mean"":27.0,""occupancy_min"":27,""occupancy_variance"":0.0,""path"":""/home/nagan/autosbd-sc26-rg/data/derived/amd_fe4s4_prefixes/AlphaDets_n0032.txt"",""sha256"":""5f2beadb720d61c467a3ee8ee9f127152e1a69b2edcdad3139d74888d5d4cbc8"",""unique_count"":32},""beta_reuses_alpha"":true,""combined_input_sha256"":""f103fd51dd08c7654df2db110936ac379bd103b817b518083fa50ae85cc66390"",""connectivity"":{""alpha"":{""determinants"":32,""directed_double_edges"":208,""directed_single_edges"":784,""double_degree_max"":26,""double_degree_mean"":6.5,""double_degree_min"":0,""double_edge_density"":0.20967741935483872,""single_degree_max"":31,""single_degree_mean"":24.5,""single_degree_min"":5,""single_edge_density"":0.7903225806451613,""unordered_pair_comparisons"":496},""beta"":{""determinants"":32,""directed_double_edges"":208,""directed_single_edges"":784,""double_degree_max"":26,""double_degree_mean"":6.5,""double_degree_min"":0,""double_edge_density"":0.20967741935483872,""single_degree_max"":31,""single_degree_mean"":24.5,""single_degree_min"":5,""single_edge_density"":0.7903225806451613,""unordered_pair_comparisons"":496},""pair_comparisons"":992},""connectivity_pair_limit"":1000000,""fcidump"":{""compact_two_electron_slots"":222111,""core_integrals"":1,""exact_zero_integrals"":1,""file_bytes"":9584950,""integral_records"":222778,""isym"":1,""max_abs_integral"":13.43276387194341,""ms2"":0,""n_electrons"":54,""n_orbitals"":36,""one_electron_integrals"":666,""orbsym"":[1,1,1,1,1,1,1,1,1,1,1,1,1,1,1,1,1,1,1,1,1,1,1,1,1,1,1,1,1,1,1,1,1,1,1,1],""path"":""/home/nagan/autosbd-sc26-rg/external/amd-sbd/samples/selected_basis_diagonalization/fcidump_Fe4S4.txt"",""sha256"":""9a74e2035f76218f1d02aa641a5be256c0b685f0382b1612fc261117dd1b6e93"",""source_integral_doubles"":229887,""sum_abs_integrals"":1054.5633693506882,""two_electron_fill_density"":1.0,""two_electron_integrals"":222111},""log1p_method0_work_proxy"":13.428625271005966,""log1p_n_configurations"":6.932447891572509,""method0_work_proxy"":679168,""n_configurations"":1024}"
bb355684dbac68a98351d6f79de503a41f210d047d6cf0446a5696e13a6542bf,499c7962c7ea3ea18895d701ee407a64a6a214a18224285dd20366142f57575c,0,2026-08-01T02:00:22.355976Z,2026-08-01T02:00:24.385976Z,true,,measured,1,fe4s4-prefix-0055,9e7200c65761a843b0d95d70dc1680653805434675077bb83579fcfa0852bba7,amd-l4-default,gpu,1,1.9190878600056749,0.44803,0.000856,,,36,55,55,3025,2782081,129.015625,194.0,"{""alpha"":{""bit_length"":36,""count"":55,""file_bytes"":2035,""occupancy_max"":27,""occupancy_mean"":27.0,""occupancy_min"":27,""occupancy_variance"":0.0,""path"":""/home/nagan/autosbd-sc26-rg/data/derived/amd_fe4s4_prefixes/AlphaDets_n0055.txt"",""sha256"":""2b296f3011a87e9bf7f9682b8de25e78442ac6bcb47942bf8003ecdeb65d3ef1"",""unique_count"":55},""beta"":{""bit_length"":36,""count"":55,""file_bytes"":2035,""occupancy_max"":27,""occupancy_mean"":27.0,""occupancy_min"":27,""occupancy_variance"":0.0,""path"":""/home/nagan/autosbd-sc26-rg/data/derived/amd_fe4s4_prefixes/AlphaDets_n0055.txt"",""sha256"":""2b296f3011a87e9bf7f9682b8de25e78442ac6bcb47942bf8003ecdeb65d3ef1"",""unique_count"":55},""beta_reuses_alpha"":true,""combined_input_sha256"":""9e7200c65761a843b0d95d70dc1680653805434675077bb83579fcfa0852bba7"",""connectivity"":{""alpha"":{""determinants"":55,""directed_double_edges"":1404,""directed_single_edges"":1566,""double_degree_max"":26,""double_degree_mean"":25.527272727272727,""double_degree_min"":0,""double_edge_density"":0.4727272727272727,""single_degree_max"":54,""single_degree_mean"":28.472727272727273,""single_degree_min"":28,""single_edge_density"":0.5272727272727272,""unordered_pair_comparisons"":1485},""beta"":{""determinants"":55,""directed_double_edges"":1404,""directed_single_edges"":1566,""double_degree_max"":26,""double_degree_mean"":25.527272727272727,""double_degree_min"":0,""double_edge_density"":0.4727272727272727,""single_degree_max"":54,""single_degree_mean"":28.472727272727273,""single_degree_min"":28,""single_edge_density"":0.5272727272727272,""unordered_pair_comparisons"":1485},""pair_comparisons"":2970},""connectivity_pair_limit"":1000000,""fcidump"":{""compact_two_electron_slots"":222111,""core_integrals"":1,""exact_zero_integrals"":1,""file_bytes"":9584950,""integral_records"":222778,""isym"":1,""max_abs_integral"":13.43276387194341,""ms2"":0,""n_electrons"":54,""n_orbitals"":36,""one_electron_integrals"":666,""orbsym"":[1,1,1,1,1,1,1,1,1,1,1,1,1,1,1,1,1,1,1,1,1,1,1,1,1,1,1,1,1,1,1,1,1,1,1,1],""path"":""/home/nagan/autosbd-sc26-rg/external/amd-sbd/samples/selected_basis_diagonalization/fcidump_Fe4S4.txt"",""sha256"":""9a74e2035f76218f1d02aa641a5be256c0b685f0382b1612fc261117dd1b6e93"",""source_integral_doubles"":229887,""sum_abs_integrals"":1054.5633693506882,""two_electron_fill_density"":1.0,""two_electron_integrals"":222111},""log1p_method0_work_proxy"":14.83871012622884,""log1p_n_configurations"":8.0149968943483,""method0_work_proxy"":2782081,""n_configurations"":3025}"
b1fb7cbf40909cb1b119bcb1a118af06caa1af2d6fb6535a8fd5065b151b2de5,704d837a58c791f553cd030b48aa472de2b42dbf64a9e61912904cfe321805e0,0,2026-08-01T02:00:25.372885Z,2026-08-01T02:00:27.901590Z,true,,measured,1,fe4s4-prefix-0055,9e7200c65761a843b0d95d70dc1680653805434675077bb83579fcfa0852bba7,amd-cpu-16,cpu,16,2.41789160999906,1.242664,0.0029890000000000003,,,36,55,55,3025,2782081,43.34375,,"{""alpha"":{""bit_length"":36,""count"":55,""file_bytes"":2035,""occupancy_max"":27,""occupancy_mean"":27.0,""occupancy_min"":27,""occupancy_variance"":0.0,""path"":""/home/nagan/autosbd-sc26-rg/data/derived/amd_fe4s4_prefixes/AlphaDets_n0055.txt"",""sha256"":""2b296f3011a87e9bf7f9682b8de25e78442ac6bcb47942bf8003ecdeb65d3ef1"",""unique_count"":55},""beta"":{""bit_length"":36,""count"":55,""file_bytes"":2035,""occupancy_max"":27,""occupancy_mean"":27.0,""occupancy_min"":27,""occupancy_variance"":0.0,""path"":""/home/nagan/autosbd-sc26-rg/data/derived/amd_fe4s4_prefixes/AlphaDets_n0055.txt"",""sha256"":""2b296f3011a87e9bf7f9682b8de25e78442ac6bcb47942bf8003ecdeb65d3ef1"",""unique_count"":55},""beta_reuses_alpha"":true,""combined_input_sha256"":""9e7200c65761a843b0d95d70dc1680653805434675077bb83579fcfa0852bba7"",""connectivity"":{""alpha"":{""determinants"":55,""directed_double_edges"":1404,""directed_single_edges"":1566,""double_degree_max"":26,""double_degree_mean"":25.527272727272727,""double_degree_min"":0,""double_edge_density"":0.4727272727272727,""single_degree_max"":54,""single_degree_mean"":28.472727272727273,""single_degree_min"":28,""single_edge_density"":0.5272727272727272,""unordered_pair_comparisons"":1485},""beta"":{""determinants"":55,""directed_double_edges"":1404,""directed_single_edges"":1566,""double_degree_max"":26,""double_degree_mean"":25.527272727272727,""double_degree_min"":0,""double_edge_density"":0.4727272727272727,""single_degree_max"":54,""single_degree_mean"":28.472727272727273,""single_degree_min"":28,""single_edge_density"":0.5272727272727272,""unordered_pair_comparisons"":1485},""pair_comparisons"":2970},""connectivity_pair_limit"":1000000,""fcidump"":{""compact_two_electron_slots"":222111,""core_integrals"":1,""exact_zero_integrals"":1,""file_bytes"":9584950,""integral_records"":222778,""isym"":1,""max_abs_integral"":13.43276387194341,""ms2"":0,""n_electrons"":54,""n_orbitals"":36,""one_electron_integrals"":666,""orbsym"":[1,1,1,1,1,1,1,1,1,1,1,1,1,1,1,1,1,1,1,1,1,1,1,1,1,1,1,1,1,1,1,1,1,1,1,1],""path"":""/home/nagan/autosbd-sc26-rg/external/amd-sbd/samples/selected_basis_diagonalization/fcidump_Fe4S4.txt"",""sha256"":""9a74e2035f76218f1d02aa641a5be256c0b685f0382b1612fc261117dd1b6e93"",""source_integral_doubles"":229887,""sum_abs_integrals"":1054.5633693506882,""two_electron_fill_density"":1.0,""two_electron_integrals"":222111},""log1p_method0_work_proxy"":14.83871012622884,""log1p_n_configurations"":8.0149968943483,""method0_work_proxy"":2782081,""n_configurations"":3025}"
8087a3105880ca163d7ebda8fa4893be8dcb3f4c77b1cd7dd9639553bd50f829,0213231eea4aa017d1e80c64ca0672477afbbaf456b32fccafd38d9e455833e7,0,2026-08-01T02:00:28.888035Z,2026-08-01T02:00:30.641534Z,true,,measured,2,fe4s4-prefix-0032,f103fd51dd08c7654df2db110936ac379bd103b817b518083fa50ae85cc66390,amd-l4-default,gpu,1,1.6364258149988018,0.154274,0.000336,,,36,32,32,1024,679168,128.37109375,194.0,"{""alpha"":{""bit_length"":36,""count"":32,""file_bytes"":1184,""occupancy_max"":27,""occupancy_mean"":27.0,""occupancy_min"":27,""occupancy_variance"":0.0,""path"":""/home/nagan/autosbd-sc26-rg/data/derived/amd_fe4s4_prefixes/AlphaDets_n0032.txt"",""sha256"":""5f2beadb720d61c467a3ee8ee9f127152e1a69b2edcdad3139d74888d5d4cbc8"",""unique_count"":32},""beta"":{""bit_length"":36,""count"":32,""file_bytes"":1184,""occupancy_max"":27,""occupancy_mean"":27.0,""occupancy_min"":27,""occupancy_variance"":0.0,""path"":""/home/nagan/autosbd-sc26-rg/data/derived/amd_fe4s4_prefixes/AlphaDets_n0032.txt"",""sha256"":""5f2beadb720d61c467a3ee8ee9f127152e1a69b2edcdad3139d74888d5d4cbc8"",""unique_count"":32},""beta_reuses_alpha"":true,""combined_input_sha256"":""f103fd51dd08c7654df2db110936ac379bd103b817b518083fa50ae85cc66390"",""connectivity"":{""alpha"":{""determinants"":32,""directed_double_edges"":208,""directed_single_edges"":784,""double_degree_max"":26,""double_degree_mean"":6.5,""double_degree_min"":0,""double_edge_density"":0.20967741935483872,""single_degree_max"":31,""single_degree_mean"":24.5,""single_degree_min"":5,""single_edge_density"":0.7903225806451613,""unordered_pair_comparisons"":496},""beta"":{""determinants"":32,""directed_double_edges"":208,""directed_single_edges"":784,""double_degree_max"":26,""double_degree_mean"":6.5,""double_degree_min"":0,""double_edge_density"":0.20967741935483872,""single_degree_max"":31,""single_degree_mean"":24.5,""single_degree_min"":5,""single_edge_density"":0.7903225806451613,""unordered_pair_comparisons"":496},""pair_comparisons"":992},""connectivity_pair_limit"":1000000,""fcidump"":{""compact_two_electron_slots"":222111,""core_integrals"":1,""exact_zero_integrals"":1,""file_bytes"":9584950,""integral_records"":222778,""isym"":1,""max_abs_integral"":13.43276387194341,""ms2"":0,""n_electrons"":54,""n_orbitals"":36,""one_electron_integrals"":666,""orbsym"":[1,1,1,1,1,1,1,1,1,1,1,1,1,1,1,1,1,1,1,1,1,1,1,1,1,1,1,1,1,1,1,1,1,1,1,1],""path"":""/home/nagan/autosbd-sc26-rg/external/amd-sbd/samples/selected_basis_diagonalization/fcidump_Fe4S4.txt"",""sha256"":""9a74e2035f76218f1d02aa641a5be256c0b685f0382b1612fc261117dd1b6e93"",""source_integral_doubles"":229887,""sum_abs_integrals"":1054.5633693506882,""two_electron_fill_density"":1.0,""two_electron_integrals"":222111},""log1p_method0_work_proxy"":13.428625271005966,""log1p_n_configurations"":6.932447891572509,""method0_work_proxy"":679168,""n_configurations"":1024}"
a91ca983f96b931e6b837c868a483aa1696fc238577613fbe51f281e3b3b7ab9,72c681ac39258b47e1ba0d2b08a80ddf3612eee217094d12d742796eb9e260fa,0,2026-08-01T02:00:31.629934Z,2026-08-01T02:00:33.152165Z,true,,measured,2,fe4s4-prefix-0032,f103fd51dd08c7654df2db110936ac379bd103b817b518083fa50ae85cc66390,amd-cpu-16,cpu,16,1.4120800509990659,0.264977,0.00263,,,36,32,32,1024,679168,43.33203125,,"{""alpha"":{""bit_length"":36,""count"":32,""file_bytes"":1184,""occupancy_max"":27,""occupancy_mean"":27.0,""occupancy_min"":27,""occupancy_variance"":0.0,""path"":""/home/nagan/autosbd-sc26-rg/data/derived/amd_fe4s4_prefixes/AlphaDets_n0032.txt"",""sha256"":""5f2beadb720d61c467a3ee8ee9f127152e1a69b2edcdad3139d74888d5d4cbc8"",""unique_count"":32},""beta"":{""bit_length"":36,""count"":32,""file_bytes"":1184,""occupancy_max"":27,""occupancy_mean"":27.0,""occupancy_min"":27,""occupancy_variance"":0.0,""path"":""/home/nagan/autosbd-sc26-rg/data/derived/amd_fe4s4_prefixes/AlphaDets_n0032.txt"",""sha256"":""5f2beadb720d61c467a3ee8ee9f127152e1a69b2edcdad3139d74888d5d4cbc8"",""unique_count"":32},""beta_reuses_alpha"":true,""combined_input_sha256"":""f103fd51dd08c7654df2db110936ac379bd103b817b518083fa50ae85cc66390"",""connectivity"":{""alpha"":{""determinants"":32,""directed_double_edges"":208,""directed_single_edges"":784,""double_degree_max"":26,""double_degree_mean"":6.5,""double_degree_min"":0,""double_edge_density"":0.20967741935483872,""single_degree_max"":31,""single_degree_mean"":24.5,""single_degree_min"":5,""single_edge_density"":0.7903225806451613,""unordered_pair_comparisons"":496},""beta"":{""determinants"":32,""directed_double_edges"":208,""directed_single_edges"":784,""double_degree_max"":26,""double_degree_mean"":6.5,""double_degree_min"":0,""double_edge_density"":0.20967741935483872,""single_degree_max"":31,""single_degree_mean"":24.5,""single_degree_min"":5,""single_edge_density"":0.7903225806451613,""unordered_pair_comparisons"":496},""pair_comparisons"":992},""connectivity_pair_limit"":1000000,""fcidump"":{""compact_two_electron_slots"":222111,""core_integrals"":1,""exact_zero_integrals"":1,""file_bytes"":9584950,""integral_records"":222778,""isym"":1,""max_abs_integral"":13.43276387194341,""ms2"":0,""n_electrons"":54,""n_orbitals"":36,""one_electron_integrals"":666,""orbsym"":[1,1,1,1,1,1,1,1,1,1,1,1,1,1,1,1,1,1,1,1,1,1,1,1,1,1,1,1,1,1,1,1,1,1,1,1],""path"":""/home/nagan/autosbd-sc26-rg/external/amd-sbd/samples/selected_basis_diagonalization/fcidump_Fe4S4.txt"",""sha256"":""9a74e2035f76218f1d02aa641a5be256c0b685f0382b1612fc261117dd1b6e93"",""source_integral_doubles"":229887,""sum_abs_integrals"":1054.5633693506882,""two_electron_fill_density"":1.0,""two_electron_integrals"":222111},""log1p_method0_work_proxy"":13.428625271005966,""log1p_n_configurations"":6.932447891572509,""method0_work_proxy"":679168,""n_configurations"":1024}"
49bdc6528a387317d71ad181d2781bc5da2c6c32ae7424737064f4bda960c4e0,5174c0918015b9b5b959b78a5f7d2e59cd7adbf97209340406de7041c355a407,0,2026-08-01T02:00:34.144164Z,2026-08-01T02:00:36.678205Z,true,,measured,2,fe4s4-prefix-0055,9e7200c65761a843b0d95d70dc1680653805434675077bb83579fcfa0852bba7,amd-cpu-16,cpu,16,2.4183522559978883,1.249278,0.0027440000000000003,,,36,55,55,3025,2782081,43.32421875,,"{""alpha"":{""bit_length"":36,""count"":55,""file_bytes"":2035,""occupancy_max"":27,""occupancy_mean"":27.0,""occupancy_min"":27,""occupancy_variance"":0.0,""path"":""/home/nagan/autosbd-sc26-rg/data/derived/amd_fe4s4_prefixes/AlphaDets_n0055.txt"",""sha256"":""2b296f3011a87e9bf7f9682b8de25e78442ac6bcb47942bf8003ecdeb65d3ef1"",""unique_count"":55},""beta"":{""bit_length"":36,""count"":55,""file_bytes"":2035,""occupancy_max"":27,""occupancy_mean"":27.0,""occupancy_min"":27,""occupancy_variance"":0.0,""path"":""/home/nagan/autosbd-sc26-rg/data/derived/amd_fe4s4_prefixes/AlphaDets_n0055.txt"",""sha256"":""2b296f3011a87e9bf7f9682b8de25e78442ac6bcb47942bf8003ecdeb65d3ef1"",""unique_count"":55},""beta_reuses_alpha"":true,""combined_input_sha256"":""9e7200c65761a843b0d95d70dc1680653805434675077bb83579fcfa0852bba7"",""connectivity"":{""alpha"":{""determinants"":55,""directed_double_edges"":1404,""directed_single_edges"":1566,""double_degree_max"":26,""double_degree_mean"":25.527272727272727,""double_degree_min"":0,""double_edge_density"":0.4727272727272727,""single_degree_max"":54,""single_degree_mean"":28.472727272727273,""single_degree_min"":28,""single_edge_density"":0.5272727272727272,""unordered_pair_comparisons"":1485},""beta"":{""determinants"":55,""directed_double_edges"":1404,""directed_single_edges"":1566,""double_degree_max"":26,""double_degree_mean"":25.527272727272727,""double_degree_min"":0,""double_edge_density"":0.4727272727272727,""single_degree_max"":54,""single_degree_mean"":28.472727272727273,""single_degree_min"":28,""single_edge_density"":0.5272727272727272,""unordered_pair_comparisons"":1485},""pair_comparisons"":2970},""connectivity_pair_limit"":1000000,""fcidump"":{""compact_two_electron_slots"":222111,""core_integrals"":1,""exact_zero_integrals"":1,""file_bytes"":9584950,""integral_records"":222778,""isym"":1,""max_abs_integral"":13.43276387194341,""ms2"":0,""n_electrons"":54,""n_orbitals"":36,""one_electron_integrals"":666,""orbsym"":[1,1,1,1,1,1,1,1,1,1,1,1,1,1,1,1,1,1,1,1,1,1,1,1,1,1,1,1,1,1,1,1,1,1,1,1],""path"":""/home/nagan/autosbd-sc26-rg/external/amd-sbd/samples/selected_basis_diagonalization/fcidump_Fe4S4.txt"",""sha256"":""9a74e2035f76218f1d02aa641a5be256c0b685f0382b1612fc261117dd1b6e93"",""source_integral_doubles"":229887,""sum_abs_integrals"":1054.5633693506882,""two_electron_fill_density"":1.0,""two_electron_integrals"":222111},""log1p_method0_work_proxy"":14.83871012622884,""log1p_n_configurations"":8.0149968943483,""method0_work_proxy"":2782081,""n_configurations"":3025}"
ab0ae4126a47916620b0128fe8b3a0459b49dae9dfac87301427564b7c24744c,8042cc816c13b7506ec2557104eba97061f36faa10b62c7da7119e98c2a1f384,0,2026-08-01T02:00:37.668792Z,2026-08-01T02:00:39.705355Z,true,,measured,2,fe4s4-prefix-0055,9e7200c65761a843b0d95d70dc1680653805434675077bb83579fcfa0852bba7,amd-l4-default,gpu,1,1.9198227190063335,0.446587,0.000866,,,36,55,55,3025,2782081,128.96484375,194.0,"{""alpha"":{""bit_length"":36,""count"":55,""file_bytes"":2035,""occupancy_max"":27,""occupancy_mean"":27.0,""occupancy_min"":27,""occupancy_variance"":0.0,""path"":""/home/nagan/autosbd-sc26-rg/data/derived/amd_fe4s4_prefixes/AlphaDets_n0055.txt"",""sha256"":""2b296f3011a87e9bf7f9682b8de25e78442ac6bcb47942bf8003ecdeb65d3ef1"",""unique_count"":55},""beta"":{""bit_length"":36,""count"":55,""file_bytes"":2035,""occupancy_max"":27,""occupancy_mean"":27.0,""occupancy_min"":27,""occupancy_variance"":0.0,""path"":""/home/nagan/autosbd-sc26-rg/data/derived/amd_fe4s4_prefixes/AlphaDets_n0055.txt"",""sha256"":""2b296f3011a87e9bf7f9682b8de25e78442ac6bcb47942bf8003ecdeb65d3ef1"",""unique_count"":55},""beta_reuses_alpha"":true,""combined_input_sha256"":""9e7200c65761a843b0d95d70dc1680653805434675077bb83579fcfa0852bba7"",""connectivity"":{""alpha"":{""determinants"":55,""directed_double_edges"":1404,""directed_single_edges"":1566,""double_degree_max"":26,""double_degree_mean"":25.527272727272727,""double_degree_min"":0,""double_edge_density"":0.4727272727272727,""single_degree_max"":54,""single_degree_mean"":28.472727272727273,""single_degree_min"":28,""single_edge_density"":0.5272727272727272,""unordered_pair_comparisons"":1485},""beta"":{""determinants"":55,""directed_double_edges"":1404,""directed_single_edges"":1566,""double_degree_max"":26,""double_degree_mean"":25.527272727272727,""double_degree_min"":0,""double_edge_density"":0.4727272727272727,""single_degree_max"":54,""single_degree_mean"":28.472727272727273,""single_degree_min"":28,""single_edge_density"":0.5272727272727272,""unordered_pair_comparisons"":1485},""pair_comparisons"":2970},""connectivity_pair_limit"":1000000,""fcidump"":{""compact_two_electron_slots"":222111,""core_integrals"":1,""exact_zero_integrals"":1,""file_bytes"":9584950,""integral_records"":222778,""isym"":1,""max_abs_integral"":13.43276387194341,""ms2"":0,""n_electrons"":54,""n_orbitals"":36,""one_electron_integrals"":666,""orbsym"":[1,1,1,1,1,1,1,1,1,1,1,1,1,1,1,1,1,1,1,1,1,1,1,1,1,1,1,1,1,1,1,1,1,1,1,1],""path"":""/home/nagan/autosbd-sc26-rg/external/amd-sbd/samples/selected_basis_diagonalization/fcidump_Fe4S4.txt"",""sha256"":""9a74e2035f76218f1d02aa641a5be256c0b685f0382b1612fc261117dd1b6e93"",""source_integral_doubles"":229887,""sum_abs_integrals"":1054.5633693506882,""two_electron_fill_density"":1.0,""two_electron_integrals"":222111},""log1p_method0_work_proxy"":14.83871012622884,""log1p_n_configurations"":8.0149968943483,""method0_work_proxy"":2782081,""n_configurations"":3025}"
c847995688ac6961210aae0e1e5ee7eebc93301404e744ca672adbfebfdfd029,32e4fe3dcda4e92e509e0b49eb27ed536e2e2d6aa7b5b9e8194758e0408928f8,0,2026-08-01T02:00:40.704698Z,2026-08-01T02:00:42.380404Z,true,,measured,3,fe4s4-prefix-0032,f103fd51dd08c7654df2db110936ac379bd103b817b518083fa50ae85cc66390,amd-l4-default,gpu,1,1.566750982994563,0.153721,0.000335,,,36,32,32,1024,679168,128.390625,194.0,"{""alpha"":{""bit_length"":36,""count"":32,""file_bytes"":1184,""occupancy_max"":27,""occupancy_mean"":27.0,""occupancy_min"":27,""occupancy_variance"":0.0,""path"":""/home/nagan/autosbd-sc26-rg/data/derived/amd_fe4s4_prefixes/AlphaDets_n0032.txt"",""sha256"":""5f2beadb720d61c467a3ee8ee9f127152e1a69b2edcdad3139d74888d5d4cbc8"",""unique_count"":32},""beta"":{""bit_length"":36,""count"":32,""file_bytes"":1184,""occupancy_max"":27,""occupancy_mean"":27.0,""occupancy_min"":27,""occupancy_variance"":0.0,""path"":""/home/nagan/autosbd-sc26-rg/data/derived/amd_fe4s4_prefixes/AlphaDets_n0032.txt"",""sha256"":""5f2beadb720d61c467a3ee8ee9f127152e1a69b2edcdad3139d74888d5d4cbc8"",""unique_count"":32},""beta_reuses_alpha"":true,""combined_input_sha256"":""f103fd51dd08c7654df2db110936ac379bd103b817b518083fa50ae85cc66390"",""connectivity"":{""alpha"":{""determinants"":32,""directed_double_edges"":208,""directed_single_edges"":784,""double_degree_max"":26,""double_degree_mean"":6.5,""double_degree_min"":0,""double_edge_density"":0.20967741935483872,""single_degree_max"":31,""single_degree_mean"":24.5,""single_degree_min"":5,""single_edge_density"":0.7903225806451613,""unordered_pair_comparisons"":496},""beta"":{""determinants"":32,""directed_double_edges"":208,""directed_single_edges"":784,""double_degree_max"":26,""double_degree_mean"":6.5,""double_degree_min"":0,""double_edge_density"":0.20967741935483872,""single_degree_max"":31,""single_degree_mean"":24.5,""single_degree_min"":5,""single_edge_density"":0.7903225806451613,""unordered_pair_comparisons"":496},""pair_comparisons"":992},""connectivity_pair_limit"":1000000,""fcidump"":{""compact_two_electron_slots"":222111,""core_integrals"":1,""exact_zero_integrals"":1,""file_bytes"":9584950,""integral_records"":222778,""isym"":1,""max_abs_integral"":13.43276387194341,""ms2"":0,""n_electrons"":54,""n_orbitals"":36,""one_electron_integrals"":666,""orbsym"":[1,1,1,1,1,1,1,1,1,1,1,1,1,1,1,1,1,1,1,1,1,1,1,1,1,1,1,1,1,1,1,1,1,1,1,1],""path"":""/home/nagan/autosbd-sc26-rg/external/amd-sbd/samples/selected_basis_diagonalization/fcidump_Fe4S4.txt"",""sha256"":""9a74e2035f76218f1d02aa641a5be256c0b685f0382b1612fc261117dd1b6e93"",""source_integral_doubles"":229887,""sum_abs_integrals"":1054.5633693506882,""two_electron_fill_density"":1.0,""two_electron_integrals"":222111},""log1p_method0_work_proxy"":13.428625271005966,""log1p_n_configurations"":6.932447891572509,""method0_work_proxy"":679168,""n_configurations"":1024}"
2d7af29017a3bd241e7b73c2504be82e8419e9e1124daafb0b0d3aa37ddfa1fa,662bcd9d9599118fa9ad4e9d90cce7afc7625acbd915a460c60f394d21f2b911,0,2026-08-01T02:00:43.354443Z,2026-08-01T02:00:44.875395Z,true,,measured,3,fe4s4-prefix-0032,f103fd51dd08c7654df2db110936ac379bd103b817b518083fa50ae85cc66390,amd-cpu-16,cpu,16,1.410908539997763,0.261632,0.002691,,,36,32,32,1024,679168,43.2421875,,"{""alpha"":{""bit_length"":36,""count"":32,""file_bytes"":1184,""occupancy_max"":27,""occupancy_mean"":27.0,""occupancy_min"":27,""occupancy_variance"":0.0,""path"":""/home/nagan/autosbd-sc26-rg/data/derived/amd_fe4s4_prefixes/AlphaDets_n0032.txt"",""sha256"":""5f2beadb720d61c467a3ee8ee9f127152e1a69b2edcdad3139d74888d5d4cbc8"",""unique_count"":32},""beta"":{""bit_length"":36,""count"":32,""file_bytes"":1184,""occupancy_max"":27,""occupancy_mean"":27.0,""occupancy_min"":27,""occupancy_variance"":0.0,""path"":""/home/nagan/autosbd-sc26-rg/data/derived/amd_fe4s4_prefixes/AlphaDets_n0032.txt"",""sha256"":""5f2beadb720d61c467a3ee8ee9f127152e1a69b2edcdad3139d74888d5d4cbc8"",""unique_count"":32},""beta_reuses_alpha"":true,""combined_input_sha256"":""f103fd51dd08c7654df2db110936ac379bd103b817b518083fa50ae85cc66390"",""connectivity"":{""alpha"":{""determinants"":32,""directed_double_edges"":208,""directed_single_edges"":784,""double_degree_max"":26,""double_degree_mean"":6.5,""double_degree_min"":0,""double_edge_density"":0.20967741935483872,""single_degree_max"":31,""single_degree_mean"":24.5,""single_degree_min"":5,""single_edge_density"":0.7903225806451613,""unordered_pair_comparisons"":496},""beta"":{""determinants"":32,""directed_double_edges"":208,""directed_single_edges"":784,""double_degree_max"":26,""double_degree_mean"":6.5,""double_degree_min"":0,""double_edge_density"":0.20967741935483872,""single_degree_max"":31,""single_degree_mean"":24.5,""single_degree_min"":5,""single_edge_density"":0.7903225806451613,""unordered_pair_comparisons"":496},""pair_comparisons"":992},""connectivity_pair_limit"":1000000,""fcidump"":{""compact_two_electron_slots"":222111,""core_integrals"":1,""exact_zero_integrals"":1,""file_bytes"":9584950,""integral_records"":222778,""isym"":1,""max_abs_integral"":13.43276387194341,""ms2"":0,""n_electrons"":54,""n_orbitals"":36,""one_electron_integrals"":666,""orbsym"":[1,1,1,1,1,1,1,1,1,1,1,1,1,1,1,1,1,1,1,1,1,1,1,1,1,1,1,1,1,1,1,1,1,1,1,1],""path"":""/home/nagan/autosbd-sc26-rg/external/amd-sbd/samples/selected_basis_diagonalization/fcidump_Fe4S4.txt"",""sha256"":""9a74e2035f76218f1d02aa641a5be256c0b685f0382b1612fc261117dd1b6e93"",""source_integral_doubles"":229887,""sum_abs_integrals"":1054.5633693506882,""two_electron_fill_density"":1.0,""two_electron_integrals"":222111},""log1p_method0_work_proxy"":13.428625271005966,""log1p_n_configurations"":6.932447891572509,""method0_work_proxy"":679168,""n_configurations"":1024}"
3e678c24f0557fc0944c95780b793b32d2ad68a8ee3d842fb1db37ad16ea494a,412798d0f6d25a76ff33476f5a885fedd34724814f6171f5f30c0bf568d1ffc3,0,2026-08-01T02:00:45.886036Z,2026-08-01T02:00:47.931872Z,true,,measured,3,fe4s4-prefix-0055,9e7200c65761a843b0d95d70dc1680653805434675077bb83579fcfa0852bba7,amd-l4-default,gpu,1,1.9298950240045087,0.447252,0.000898,,,36,55,55,3025,2782081,129.03125,194.0,"{""alpha"":{""bit_length"":36,""count"":55,""file_bytes"":2035,""occupancy_max"":27,""occupancy_mean"":27.0,""occupancy_min"":27,""occupancy_variance"":0.0,""path"":""/home/nagan/autosbd-sc26-rg/data/derived/amd_fe4s4_prefixes/AlphaDets_n0055.txt"",""sha256"":""2b296f3011a87e9bf7f9682b8de25e78442ac6bcb47942bf8003ecdeb65d3ef1"",""unique_count"":55},""beta"":{""bit_length"":36,""count"":55,""file_bytes"":2035,""occupancy_max"":27,""occupancy_mean"":27.0,""occupancy_min"":27,""occupancy_variance"":0.0,""path"":""/home/nagan/autosbd-sc26-rg/data/derived/amd_fe4s4_prefixes/AlphaDets_n0055.txt"",""sha256"":""2b296f3011a87e9bf7f9682b8de25e78442ac6bcb47942bf8003ecdeb65d3ef1"",""unique_count"":55},""beta_reuses_alpha"":true,""combined_input_sha256"":""9e7200c65761a843b0d95d70dc1680653805434675077bb83579fcfa0852bba7"",""connectivity"":{""alpha"":{""determinants"":55,""directed_double_edges"":1404,""directed_single_edges"":1566,""double_degree_max"":26,""double_degree_mean"":25.527272727272727,""double_degree_min"":0,""double_edge_density"":0.4727272727272727,""single_degree_max"":54,""single_degree_mean"":28.472727272727273,""single_degree_min"":28,""single_edge_density"":0.5272727272727272,""unordered_pair_comparisons"":1485},""beta"":{""determinants"":55,""directed_double_edges"":1404,""directed_single_edges"":1566,""double_degree_max"":26,""double_degree_mean"":25.527272727272727,""double_degree_min"":0,""double_edge_density"":0.4727272727272727,""single_degree_max"":54,""single_degree_mean"":28.472727272727273,""single_degree_min"":28,""single_edge_density"":0.5272727272727272,""unordered_pair_comparisons"":1485},""pair_comparisons"":2970},""connectivity_pair_limit"":1000000,""fcidump"":{""compact_two_electron_slots"":222111,""core_integrals"":1,""exact_zero_integrals"":1,""file_bytes"":9584950,""integral_records"":222778,""isym"":1,""max_abs_integral"":13.43276387194341,""ms2"":0,""n_electrons"":54,""n_orbitals"":36,""one_electron_integrals"":666,""orbsym"":[1,1,1,1,1,1,1,1,1,1,1,1,1,1,1,1,1,1,1,1,1,1,1,1,1,1,1,1,1,1,1,1,1,1,1,1],""path"":""/home/nagan/autosbd-sc26-rg/external/amd-sbd/samples/selected_basis_diagonalization/fcidump_Fe4S4.txt"",""sha256"":""9a74e2035f76218f1d02aa641a5be256c0b685f0382b1612fc261117dd1b6e93"",""source_integral_doubles"":229887,""sum_abs_integrals"":1054.5633693506882,""two_electron_fill_density"":1.0,""two_electron_integrals"":222111},""log1p_method0_work_proxy"":14.83871012622884,""log1p_n_configurations"":8.0149968943483,""method0_work_proxy"":2782081,""n_configurations"":3025}"
2a3761bfb0e7d1da032304ab608bcd13e898bade945269c386049b8db2764dd4,bc2d98e66b316cd2c72cd326c0bce015ce223d9af9bf1feedc2bbed81e7d47fb,0,2026-08-01T02:00:48.924985Z,2026-08-01T02:00:51.451214Z,true,,measured,3,fe4s4-prefix-0055,9e7200c65761a843b0d95d70dc1680653805434675077bb83579fcfa0852bba7,amd-cpu-16,cpu,16,2.4161540099958074,1.231158,0.002758,,,36,55,55,3025,2782081,43.18359375,,"{""alpha"":{""bit_length"":36,""count"":55,""file_bytes"":2035,""occupancy_max"":27,""occupancy_mean"":27.0,""occupancy_min"":27,""occupancy_variance"":0.0,""path"":""/home/nagan/autosbd-sc26-rg/data/derived/amd_fe4s4_prefixes/AlphaDets_n0055.txt"",""sha256"":""2b296f3011a87e9bf7f9682b8de25e78442ac6bcb47942bf8003ecdeb65d3ef1"",""unique_count"":55},""beta"":{""bit_length"":36,""count"":55,""file_bytes"":2035,""occupancy_max"":27,""occupancy_mean"":27.0,""occupancy_min"":27,""occupancy_variance"":0.0,""path"":""/home/nagan/autosbd-sc26-rg/data/derived/amd_fe4s4_prefixes/AlphaDets_n0055.txt"",""sha256"":""2b296f3011a87e9bf7f9682b8de25e78442ac6bcb47942bf8003ecdeb65d3ef1"",""unique_count"":55},""beta_reuses_alpha"":true,""combined_input_sha256"":""9e7200c65761a843b0d95d70dc1680653805434675077bb83579fcfa0852bba7"",""connectivity"":{""alpha"":{""determinants"":55,""directed_double_edges"":1404,""directed_single_edges"":1566,""double_degree_max"":26,""double_degree_mean"":25.527272727272727,""double_degree_min"":0,""double_edge_density"":0.4727272727272727,""single_degree_max"":54,""single_degree_mean"":28.472727272727273,""single_degree_min"":28,""single_edge_density"":0.5272727272727272,""unordered_pair_comparisons"":1485},""beta"":{""determinants"":55,""directed_double_edges"":1404,""directed_single_edges"":1566,""double_degree_max"":26,""double_degree_mean"":25.527272727272727,""double_degree_min"":0,""double_edge_density"":0.4727272727272727,""single_degree_max"":54,""single_degree_mean"":28.472727272727273,""single_degree_min"":28,""single_edge_density"":0.5272727272727272,""unordered_pair_comparisons"":1485},""pair_comparisons"":2970},""connectivity_pair_limit"":1000000,""fcidump"":{""compact_two_electron_slots"":222111,""core_integrals"":1,""exact_zero_integrals"":1,""file_bytes"":9584950,""integral_records"":222778,""isym"":1,""max_abs_integral"":13.43276387194341,""ms2"":0,""n_electrons"":54,""n_orbitals"":36,""one_electron_integrals"":666,""orbsym"":[1,1,1,1,1,1,1,1,1,1,1,1,1,1,1,1,1,1,1,1,1,1,1,1,1,1,1,1,1,1,1,1,1,1,1,1],""path"":""/home/nagan/autosbd-sc26-rg/external/amd-sbd/samples/selected_basis_diagonalization/fcidump_Fe4S4.txt"",""sha256"":""9a74e2035f76218f1d02aa641a5be256c0b685f0382b1612fc261117dd1b6e93"",""source_integral_doubles"":229887,""sum_abs_integrals"":1054.5633693506882,""two_electron_fill_density"":1.0,""two_electron_integrals"":222111},""log1p_method0_work_proxy"":14.83871012622884,""log1p_n_configurations"":8.0149968943483,""method0_work_proxy"":2782081,""n_configurations"":3025}"
2682ab52f394aa3332c4ce384f0eeb099e5222b30aa6512a2750213e61c8f025,2b7274a23798afc70ef73a12d415249075ce85b528d4469a4398767eaec4d034,0,2026-08-01T02:00:52.438936Z,2026-08-01T02:00:53.965566Z,true,,measured,4,fe4s4-prefix-0032,f103fd51dd08c7654df2db110936ac379bd103b817b518083fa50ae85cc66390,amd-cpu-16,cpu,16,1.411648305998824,0.264554,0.00272,,,36,32,32,1024,679168,43.3671875,,"{""alpha"":{""bit_length"":36,""count"":32,""file_bytes"":1184,""occupancy_max"":27,""occupancy_mean"":27.0,""occupancy_min"":27,""occupancy_variance"":0.0,""path"":""/home/nagan/autosbd-sc26-rg/data/derived/amd_fe4s4_prefixes/AlphaDets_n0032.txt"",""sha256"":""5f2beadb720d61c467a3ee8ee9f127152e1a69b2edcdad3139d74888d5d4cbc8"",""unique_count"":32},""beta"":{""bit_length"":36,""count"":32,""file_bytes"":1184,""occupancy_max"":27,""occupancy_mean"":27.0,""occupancy_min"":27,""occupancy_variance"":0.0,""path"":""/home/nagan/autosbd-sc26-rg/data/derived/amd_fe4s4_prefixes/AlphaDets_n0032.txt"",""sha256"":""5f2beadb720d61c467a3ee8ee9f127152e1a69b2edcdad3139d74888d5d4cbc8"",""unique_count"":32},""beta_reuses_alpha"":true,""combined_input_sha256"":""f103fd51dd08c7654df2db110936ac379bd103b817b518083fa50ae85cc66390"",""connectivity"":{""alpha"":{""determinants"":32,""directed_double_edges"":208,""directed_single_edges"":784,""double_degree_max"":26,""double_degree_mean"":6.5,""double_degree_min"":0,""double_edge_density"":0.20967741935483872,""single_degree_max"":31,""single_degree_mean"":24.5,""single_degree_min"":5,""single_edge_density"":0.7903225806451613,""unordered_pair_comparisons"":496},""beta"":{""determinants"":32,""directed_double_edges"":208,""directed_single_edges"":784,""double_degree_max"":26,""double_degree_mean"":6.5,""double_degree_min"":0,""double_edge_density"":0.20967741935483872,""single_degree_max"":31,""single_degree_mean"":24.5,""single_degree_min"":5,""single_edge_density"":0.7903225806451613,""unordered_pair_comparisons"":496},""pair_comparisons"":992},""connectivity_pair_limit"":1000000,""fcidump"":{""compact_two_electron_slots"":222111,""core_integrals"":1,""exact_zero_integrals"":1,""file_bytes"":9584950,""integral_records"":222778,""isym"":1,""max_abs_integral"":13.43276387194341,""ms2"":0,""n_electrons"":54,""n_orbitals"":36,""one_electron_integrals"":666,""orbsym"":[1,1,1,1,1,1,1,1,1,1,1,1,1,1,1,1,1,1,1,1,1,1,1,1,1,1,1,1,1,1,1,1,1,1,1,1],""path"":""/home/nagan/autosbd-sc26-rg/external/amd-sbd/samples/selected_basis_diagonalization/fcidump_Fe4S4.txt"",""sha256"":""9a74e2035f76218f1d02aa641a5be256c0b685f0382b1612fc261117dd1b6e93"",""source_integral_doubles"":229887,""sum_abs_integrals"":1054.5633693506882,""two_electron_fill_density"":1.0,""two_electron_integrals"":222111},""log1p_method0_work_proxy"":13.428625271005966,""log1p_n_configurations"":6.932447891572509,""method0_work_proxy"":679168,""n_configurations"":1024}"
c0fe60a66c19a581b8d1b3223116c9a54071125fbce6a427bd926fc9ab747496,d45d05783928c36e7c30ce4781db49e37735e6cbff140db92187023202240e61,0,2026-08-01T02:00:54.959535Z,2026-08-01T02:00:56.700539Z,true,,measured,4,fe4s4-prefix-0032,f103fd51dd08c7654df2db110936ac379bd103b817b518083fa50ae85cc66390,amd-l4-default,gpu,1,1.6251503250023234,0.152554,0.000343,,,36,32,32,1024,679168,128.35546875,194.0,"{""alpha"":{""bit_length"":36,""count"":32,""file_bytes"":1184,""occupancy_max"":27,""occupancy_mean"":27.0,""occupancy_min"":27,""occupancy_variance"":0.0,""path"":""/home/nagan/autosbd-sc26-rg/data/derived/amd_fe4s4_prefixes/AlphaDets_n0032.txt"",""sha256"":""5f2beadb720d61c467a3ee8ee9f127152e1a69b2edcdad3139d74888d5d4cbc8"",""unique_count"":32},""beta"":{""bit_length"":36,""count"":32,""file_bytes"":1184,""occupancy_max"":27,""occupancy_mean"":27.0,""occupancy_min"":27,""occupancy_variance"":0.0,""path"":""/home/nagan/autosbd-sc26-rg/data/derived/amd_fe4s4_prefixes/AlphaDets_n0032.txt"",""sha256"":""5f2beadb720d61c467a3ee8ee9f127152e1a69b2edcdad3139d74888d5d4cbc8"",""unique_count"":32},""beta_reuses_alpha"":true,""combined_input_sha256"":""f103fd51dd08c7654df2db110936ac379bd103b817b518083fa50ae85cc66390"",""connectivity"":{""alpha"":{""determinants"":32,""directed_double_edges"":208,""directed_single_edges"":784,""double_degree_max"":26,""double_degree_mean"":6.5,""double_degree_min"":0,""double_edge_density"":0.20967741935483872,""single_degree_max"":31,""single_degree_mean"":24.5,""single_degree_min"":5,""single_edge_density"":0.7903225806451613,""unordered_pair_comparisons"":496},""beta"":{""determinants"":32,""directed_double_edges"":208,""directed_single_edges"":784,""double_degree_max"":26,""double_degree_mean"":6.5,""double_degree_min"":0,""double_edge_density"":0.20967741935483872,""single_degree_max"":31,""single_degree_mean"":24.5,""single_degree_min"":5,""single_edge_density"":0.7903225806451613,""unordered_pair_comparisons"":496},""pair_comparisons"":992},""connectivity_pair_limit"":1000000,""fcidump"":{""compact_two_electron_slots"":222111,""core_integrals"":1,""exact_zero_integrals"":1,""file_bytes"":9584950,""integral_records"":222778,""isym"":1,""max_abs_integral"":13.43276387194341,""ms2"":0,""n_electrons"":54,""n_orbitals"":36,""one_electron_integrals"":666,""orbsym"":[1,1,1,1,1,1,1,1,1,1,1,1,1,1,1,1,1,1,1,1,1,1,1,1,1,1,1,1,1,1,1,1,1,1,1,1],""path"":""/home/nagan/autosbd-sc26-rg/external/amd-sbd/samples/selected_basis_diagonalization/fcidump_Fe4S4.txt"",""sha256"":""9a74e2035f76218f1d02aa641a5be256c0b685f0382b1612fc261117dd1b6e93"",""source_integral_doubles"":229887,""sum_abs_integrals"":1054.5633693506882,""two_electron_fill_density"":1.0,""two_electron_integrals"":222111},""log1p_method0_work_proxy"":13.428625271005966,""log1p_n_configurations"":6.932447891572509,""method0_work_proxy"":679168,""n_configurations"":1024}"
364c2dd8099b484e6fdeab99d39197da5051c4918f40a31faf02b059eb3e9699,fb58e8890d15d6508b29d4757d3d081787d5fde8dbc67808d36f338e063c9c7f,0,2026-08-01T02:00:57.694712Z,2026-08-01T02:01:00.219784Z,true,,measured,4,fe4s4-prefix-0055,9e7200c65761a843b0d95d70dc1680653805434675077bb83579fcfa0852bba7,amd-cpu-16,cpu,16,2.4149097339977743,1.237579,0.002728,,,36,55,55,3025,2782081,43.26953125,,"{""alpha"":{""bit_length"":36,""count"":55,""file_bytes"":2035,""occupancy_max"":27,""occupancy_mean"":27.0,""occupancy_min"":27,""occupancy_variance"":0.0,""path"":""/home/nagan/autosbd-sc26-rg/data/derived/amd_fe4s4_prefixes/AlphaDets_n0055.txt"",""sha256"":""2b296f3011a87e9bf7f9682b8de25e78442ac6bcb47942bf8003ecdeb65d3ef1"",""unique_count"":55},""beta"":{""bit_length"":36,""count"":55,""file_bytes"":2035,""occupancy_max"":27,""occupancy_mean"":27.0,""occupancy_min"":27,""occupancy_variance"":0.0,""path"":""/home/nagan/autosbd-sc26-rg/data/derived/amd_fe4s4_prefixes/AlphaDets_n0055.txt"",""sha256"":""2b296f3011a87e9bf7f9682b8de25e78442ac6bcb47942bf8003ecdeb65d3ef1"",""unique_count"":55},""beta_reuses_alpha"":true,""combined_input_sha256"":""9e7200c65761a843b0d95d70dc1680653805434675077bb83579fcfa0852bba7"",""connectivity"":{""alpha"":{""determinants"":55,""directed_double_edges"":1404,""directed_single_edges"":1566,""double_degree_max"":26,""double_degree_mean"":25.527272727272727,""double_degree_min"":0,""double_edge_density"":0.4727272727272727,""single_degree_max"":54,""single_degree_mean"":28.472727272727273,""single_degree_min"":28,""single_edge_density"":0.5272727272727272,""unordered_pair_comparisons"":1485},""beta"":{""determinants"":55,""directed_double_edges"":1404,""directed_single_edges"":1566,""double_degree_max"":26,""double_degree_mean"":25.527272727272727,""double_degree_min"":0,""double_edge_density"":0.4727272727272727,""single_degree_max"":54,""single_degree_mean"":28.472727272727273,""single_degree_min"":28,""single_edge_density"":0.5272727272727272,""unordered_pair_comparisons"":1485},""pair_comparisons"":2970},""connectivity_pair_limit"":1000000,""fcidump"":{""compact_two_electron_slots"":222111,""core_integrals"":1,""exact_zero_integrals"":1,""file_bytes"":9584950,""integral_records"":222778,""isym"":1,""max_abs_integral"":13.43276387194341,""ms2"":0,""n_electrons"":54,""n_orbitals"":36,""one_electron_integrals"":666,""orbsym"":[1,1,1,1,1,1,1,1,1,1,1,1,1,1,1,1,1,1,1,1,1,1,1,1,1,1,1,1,1,1,1,1,1,1,1,1],""path"":""/home/nagan/autosbd-sc26-rg/external/amd-sbd/samples/selected_basis_diagonalization/fcidump_Fe4S4.txt"",""sha256"":""9a74e2035f76218f1d02aa641a5be256c0b685f0382b1612fc261117dd1b6e93"",""source_integral_doubles"":229887,""sum_abs_integrals"":1054.5633693506882,""two_electron_fill_density"":1.0,""two_electron_integrals"":222111},""log1p_method0_work_proxy"":14.83871012622884,""log1p_n_configurations"":8.0149968943483,""method0_work_proxy"":2782081,""n_configurations"":3025}"
3242dcd76554d7c4a5771d59336b4ae5566bc9918edcada17184593dca344522,0098499b27171883f72116170b8b02207012d361f2969cfd2eb9fa3d640a6ee5,0,2026-08-01T02:01:01.238804Z,2026-08-01T02:01:03.276275Z,true,,measured,4,fe4s4-prefix-0055,9e7200c65761a843b0d95d70dc1680653805434675077bb83579fcfa0852bba7,amd-l4-default,gpu,1,1.9225722430055612,0.447076,0.000875,,,36,55,55,3025,2782081,128.94921875,194.0,"{""alpha"":{""bit_length"":36,""count"":55,""file_bytes"":2035,""occupancy_max"":27,""occupancy_mean"":27.0,""occupancy_min"":27,""occupancy_variance"":0.0,""path"":""/home/nagan/autosbd-sc26-rg/data/derived/amd_fe4s4_prefixes/AlphaDets_n0055.txt"",""sha256"":""2b296f3011a87e9bf7f9682b8de25e78442ac6bcb47942bf8003ecdeb65d3ef1"",""unique_count"":55},""beta"":{""bit_length"":36,""count"":55,""file_bytes"":2035,""occupancy_max"":27,""occupancy_mean"":27.0,""occupancy_min"":27,""occupancy_variance"":0.0,""path"":""/home/nagan/autosbd-sc26-rg/data/derived/amd_fe4s4_prefixes/AlphaDets_n0055.txt"",""sha256"":""2b296f3011a87e9bf7f9682b8de25e78442ac6bcb47942bf8003ecdeb65d3ef1"",""unique_count"":55},""beta_reuses_alpha"":true,""combined_input_sha256"":""9e7200c65761a843b0d95d70dc1680653805434675077bb83579fcfa0852bba7"",""connectivity"":{""alpha"":{""determinants"":55,""directed_double_edges"":1404,""directed_single_edges"":1566,""double_degree_max"":26,""double_degree_mean"":25.527272727272727,""double_degree_min"":0,""double_edge_density"":0.4727272727272727,""single_degree_max"":54,""single_degree_mean"":28.472727272727273,""single_degree_min"":28,""single_edge_density"":0.5272727272727272,""unordered_pair_comparisons"":1485},""beta"":{""determinants"":55,""directed_double_edges"":1404,""directed_single_edges"":1566,""double_degree_max"":26,""double_degree_mean"":25.527272727272727,""double_degree_min"":0,""double_edge_density"":0.4727272727272727,""single_degree_max"":54,""single_degree_mean"":28.472727272727273,""single_degree_min"":28,""single_edge_density"":0.5272727272727272,""unordered_pair_comparisons"":1485},""pair_comparisons"":2970},""connectivity_pair_limit"":1000000,""fcidump"":{""compact_two_electron_slots"":222111,""core_integrals"":1,""exact_zero_integrals"":1,""file_bytes"":9584950,""integral_records"":222778,""isym"":1,""max_abs_integral"":13.43276387194341,""ms2"":0,""n_electrons"":54,""n_orbitals"":36,""one_electron_integrals"":666,""orbsym"":[1,1,1,1,1,1,1,1,1,1,1,1,1,1,1,1,1,1,1,1,1,1,1,1,1,1,1,1,1,1,1,1,1,1,1,1],""path"":""/home/nagan/autosbd-sc26-rg/external/amd-sbd/samples/selected_basis_diagonalization/fcidump_Fe4S4.txt"",""sha256"":""9a74e2035f76218f1d02aa641a5be256c0b685f0382b1612fc261117dd1b6e93"",""source_integral_doubles"":229887,""sum_abs_integrals"":1054.5633693506882,""two_electron_fill_density"":1.0,""two_electron_integrals"":222111},""log1p_method0_work_proxy"":14.83871012622884,""log1p_n_configurations"":8.0149968943483,""method0_work_proxy"":2782081,""n_configurations"":3025}"
f3efd5c43424129519dfefe1f302cf742615d7225ab2a20a3451709a53000514,518903409b0e2bb5934b2fcb5625c53e9fb91b17e066472f083ae07a85c2ac33,0,2026-08-01T02:01:55.038275Z,2026-08-01T02:02:00.784037Z,false,timing_ineligible;warmup,warmup,0,fe4s4-prefix-0100,8388d0e2a075126004890ad88c3680722226870440793d7d97242885ebfc7eda,amd-cpu-16,cpu,16,5.63123232700309,4.331283,0.003438,,,36,100,100,10000,10284400,43.38671875,,"{""alpha"":{""bit_length"":36,""count"":100,""file_bytes"":3700,""occupancy_max"":27,""occupancy_mean"":27.0,""occupancy_min"":27,""occupancy_variance"":0.0,""path"":""/home/nagan/autosbd-sc26-rg/data/derived/amd_fe4s4_prefixes/AlphaDets_n0100.txt"",""sha256"":""2722d475430a07b416dce775f7daa5e084aa49f90d27b8cd756ecf45c4b96a8a"",""unique_count"":100},""beta"":{""bit_length"":36,""count"":100,""file_bytes"":3700,""occupancy_max"":27,""occupancy_mean"":27.0,""occupancy_min"":27,""occupancy_variance"":0.0,""path"":""/home/nagan/autosbd-sc26-rg/data/derived/amd_fe4s4_prefixes/AlphaDets_n0100.txt"",""sha256"":""2722d475430a07b416dce775f7daa5e084aa49f90d27b8cd756ecf45c4b96a8a"",""unique_count"":100},""beta_reuses_alpha"":true,""combined_input_sha256"":""8388d0e2a075126004890ad88c3680722226870440793d7d97242885ebfc7eda"",""connectivity"":{""alpha"":{""determinants"":100,""directed_double_edges"":7020,""directed_single_edges"":2880,""double_degree_max"":78,""double_degree_mean"":70.2,""double_degree_min"":0,""double_edge_density"":0.7090909090909091,""single_degree_max"":99,""single_degree_mean"":28.8,""single_degree_min"":21,""single_edge_density"":0.2909090909090909,""unordered_pair_comparisons"":4950},""beta"":{""determinants"":100,""directed_double_edges"":7020,""directed_single_edges"":2880,""double_degree_max"":78,""double_degree_mean"":70.2,""double_degree_min"":0,""double_edge_density"":0.7090909090909091,""single_degree_max"":99,""single_degree_mean"":28.8,""single_degree_min"":21,""single_edge_density"":0.2909090909090909,""unordered_pair_comparisons"":4950},""pair_comparisons"":9900},""connectivity_pair_limit"":1000000,""fcidump"":{""compact_two_electron_slots"":222111,""core_integrals"":1,""exact_zero_integrals"":1,""file_bytes"":9584950,""integral_records"":222778,""isym"":1,""max_abs_integral"":13.43276387194341,""ms2"":0,""n_electrons"":54,""n_orbitals"":36,""one_electron_integrals"":666,""orbsym"":[1,1,1,1,1,1,1,1,1,1,1,1,1,1,1,1,1,1,1,1,1,1,1,1,1,1,1,1,1,1,1,1,1,1,1,1],""path"":""/home/nagan/autosbd-sc26-rg/external/amd-sbd/samples/selected_basis_diagonalization/fcidump_Fe4S4.txt"",""sha256"":""9a74e2035f76218f1d02aa641a5be256c0b685f0382b1612fc261117dd1b6e93"",""source_integral_doubles"":229887,""sum_abs_integrals"":1054.5633693506882,""two_electron_fill_density"":1.0,""two_electron_integrals"":222111},""log1p_method0_work_proxy"":16.146138839217606,""log1p_n_configurations"":9.210440366976517,""method0_work_proxy"":10284400,""n_configurations"":10000}"
23c4bddd74dad174b71b7f603de6217283774f0e6ec3a76238bfcbd37322649a,cdab0bf6bc53f331a1380a36bdb78311c700f62582edae9021640f656ee80438,0,2026-08-01T02:02:01.771727Z,2026-08-01T02:02:04.705235Z,false,timing_ineligible;warmup,warmup,0,fe4s4-prefix-0100,8388d0e2a075126004890ad88c3680722226870440793d7d97242885ebfc7eda,amd-l4-default,gpu,1,2.8172036549949553,1.441254,0.0025570000000000002,,,36,100,100,10000,10284400,131.24609375,194.0,"{""alpha"":{""bit_length"":36,""count"":100,""file_bytes"":3700,""occupancy_max"":27,""occupancy_mean"":27.0,""occupancy_min"":27,""occupancy_variance"":0.0,""path"":""/home/nagan/autosbd-sc26-rg/data/derived/amd_fe4s4_prefixes/AlphaDets_n0100.txt"",""sha256"":""2722d475430a07b416dce775f7daa5e084aa49f90d27b8cd756ecf45c4b96a8a"",""unique_count"":100},""beta"":{""bit_length"":36,""count"":100,""file_bytes"":3700,""occupancy_max"":27,""occupancy_mean"":27.0,""occupancy_min"":27,""occupancy_variance"":0.0,""path"":""/home/nagan/autosbd-sc26-rg/data/derived/amd_fe4s4_prefixes/AlphaDets_n0100.txt"",""sha256"":""2722d475430a07b416dce775f7daa5e084aa49f90d27b8cd756ecf45c4b96a8a"",""unique_count"":100},""beta_reuses_alpha"":true,""combined_input_sha256"":""8388d0e2a075126004890ad88c3680722226870440793d7d97242885ebfc7eda"",""connectivity"":{""alpha"":{""determinants"":100,""directed_double_edges"":7020,""directed_single_edges"":2880,""double_degree_max"":78,""double_degree_mean"":70.2,""double_degree_min"":0,""double_edge_density"":0.7090909090909091,""single_degree_max"":99,""single_degree_mean"":28.8,""single_degree_min"":21,""single_edge_density"":0.2909090909090909,""unordered_pair_comparisons"":4950},""beta"":{""determinants"":100,""directed_double_edges"":7020,""directed_single_edges"":2880,""double_degree_max"":78,""double_degree_mean"":70.2,""double_degree_min"":0,""double_edge_density"":0.7090909090909091,""single_degree_max"":99,""single_degree_mean"":28.8,""single_degree_min"":21,""single_edge_density"":0.2909090909090909,""unordered_pair_comparisons"":4950},""pair_comparisons"":9900},""connectivity_pair_limit"":1000000,""fcidump"":{""compact_two_electron_slots"":222111,""core_integrals"":1,""exact_zero_integrals"":1,""file_bytes"":9584950,""integral_records"":222778,""isym"":1,""max_abs_integral"":13.43276387194341,""ms2"":0,""n_electrons"":54,""n_orbitals"":36,""one_electron_integrals"":666,""orbsym"":[1,1,1,1,1,1,1,1,1,1,1,1,1,1,1,1,1,1,1,1,1,1,1,1,1,1,1,1,1,1,1,1,1,1,1,1],""path"":""/home/nagan/autosbd-sc26-rg/external/amd-sbd/samples/selected_basis_diagonalization/fcidump_Fe4S4.txt"",""sha256"":""9a74e2035f76218f1d02aa641a5be256c0b685f0382b1612fc261117dd1b6e93"",""source_integral_doubles"":229887,""sum_abs_integrals"":1054.5633693506882,""two_electron_fill_density"":1.0,""two_electron_integrals"":222111},""log1p_method0_work_proxy"":16.146138839217606,""log1p_n_configurations"":9.210440366976517,""method0_work_proxy"":10284400,""n_configurations"":10000}"
6311fb33ec3ecab681770bfc3f96fa6eef26c0ccab9ef12375dd11afbdca9dad,68b3a7c07ce5d43b46d5824b7eb9025a68b8ea50e3c51211015741cc8eaba56a,0,2026-08-01T02:02:05.678886Z,2026-08-01T02:02:35.651788Z,false,timing_ineligible;warmup,warmup,0,fe4s4-prefix-0174,b4c93c6609f07ed1321fab96ec8683bd081fbfb8bd8682e97882a624a0ec6e77,amd-cpu-16,cpu,16,29.86193546099821,28.177111,0.004487,,,36,174,174,30276,41977872,43.390625,,"{""alpha"":{""bit_length"":36,""count"":174,""file_bytes"":6438,""occupancy_max"":27,""occupancy_mean"":27.0,""occupancy_min"":27,""occupancy_variance"":0.0,""path"":""/home/nagan/autosbd-sc26-rg/data/derived/amd_fe4s4_prefixes/AlphaDets_n0174.txt"",""sha256"":""bad29cfa68e324ae9a63b22bf5d18e86f6766a2f251371ae92ab6080e1c33b67"",""unique_count"":174},""beta"":{""bit_length"":36,""count"":174,""file_bytes"":6438,""occupancy_max"":27,""occupancy_mean"":27.0,""occupancy_min"":27,""occupancy_variance"":0.0,""path"":""/home/nagan/autosbd-sc26-rg/data/derived/amd_fe4s4_prefixes/AlphaDets_n0174.txt"",""sha256"":""bad29cfa68e324ae9a63b22bf5d18e86f6766a2f251371ae92ab6080e1c33b67"",""unique_count"":174},""beta_reuses_alpha"":true,""combined_input_sha256"":""b4c93c6609f07ed1321fab96ec8683bd081fbfb8bd8682e97882a624a0ec6e77"",""connectivity"":{""alpha"":{""determinants"":174,""directed_double_edges"":24492,""directed_single_edges"":5610,""double_degree_max"":156,""double_degree_mean"":140.75862068965517,""double_degree_min"":0,""double_edge_density"":0.8136336456049432,""single_degree_max"":173,""single_degree_mean"":32.241379310344826,""single_degree_min"":17,""single_edge_density"":0.1863663543950568,""unordered_pair_comparisons"":15051},""beta"":{""determinants"":174,""directed_double_edges"":24492,""directed_single_edges"":5610,""double_degree_max"":156,""double_degree_mean"":140.75862068965517,""double_degree_min"":0,""double_edge_density"":0.8136336456049432,""single_degree_max"":173,""single_degree_mean"":32.241379310344826,""single_degree_min"":17,""single_edge_density"":0.1863663543950568,""unordered_pair_comparisons"":15051},""pair_comparisons"":30102},""connectivity_pair_limit"":1000000,""fcidump"":{""compact_two_electron_slots"":222111,""core_integrals"":1,""exact_zero_integrals"":1,""file_bytes"":9584950,""integral_records"":222778,""isym"":1,""max_abs_integral"":13.43276387194341,""ms2"":0,""n_electrons"":54,""n_orbitals"":36,""one_electron_integrals"":666,""orbsym"":[1,1,1,1,1,1,1,1,1,1,1,1,1,1,1,1,1,1,1,1,1,1,1,1,1,1,1,1,1,1,1,1,1,1,1,1],""path"":""/home/nagan/autosbd-sc26-rg/external/amd-sbd/samples/selected_basis_diagonalization/fcidump_Fe4S4.txt"",""sha256"":""9a74e2035f76218f1d02aa641a5be256c0b685f0382b1612fc261117dd1b6e93"",""source_integral_doubles"":229887,""sum_abs_integrals"":1054.5633693506882,""two_electron_fill_density"":1.0,""two_electron_integrals"":222111},""log1p_method0_work_proxy"":17.552653204088866,""log1p_n_configurations"":10.318143627345878,""method0_work_proxy"":41977872,""n_configurations"":30276}"
5ff4896b2b15bec48961a74f8f9cda4c142e834dbea71dfec53c874f6a06e29c,9226be36d7916dc5d05759339d6e7508e50ac40c33cb8eecaf8e5d83d11e7f09,0,2026-08-01T02:02:36.641931Z,2026-08-01T02:02:45.641512Z,false,timing_ineligible;warmup,warmup,0,fe4s4-prefix-0174,b4c93c6609f07ed1321fab96ec8683bd081fbfb8bd8682e97882a624a0ec6e77,amd-l4-default,gpu,1,8.883494089001033,7.240135,0.007407,,,36,174,174,30276,41977872,137.68359375,196.0,"{""alpha"":{""bit_length"":36,""count"":174,""file_bytes"":6438,""occupancy_max"":27,""occupancy_mean"":27.0,""occupancy_min"":27,""occupancy_variance"":0.0,""path"":""/home/nagan/autosbd-sc26-rg/data/derived/amd_fe4s4_prefixes/AlphaDets_n0174.txt"",""sha256"":""bad29cfa68e324ae9a63b22bf5d18e86f6766a2f251371ae92ab6080e1c33b67"",""unique_count"":174},""beta"":{""bit_length"":36,""count"":174,""file_bytes"":6438,""occupancy_max"":27,""occupancy_mean"":27.0,""occupancy_min"":27,""occupancy_variance"":0.0,""path"":""/home/nagan/autosbd-sc26-rg/data/derived/amd_fe4s4_prefixes/AlphaDets_n0174.txt"",""sha256"":""bad29cfa68e324ae9a63b22bf5d18e86f6766a2f251371ae92ab6080e1c33b67"",""unique_count"":174},""beta_reuses_alpha"":true,""combined_input_sha256"":""b4c93c6609f07ed1321fab96ec8683bd081fbfb8bd8682e97882a624a0ec6e77"",""connectivity"":{""alpha"":{""determinants"":174,""directed_double_edges"":24492,""directed_single_edges"":5610,""double_degree_max"":156,""double_degree_mean"":140.75862068965517,""double_degree_min"":0,""double_edge_density"":0.8136336456049432,""single_degree_max"":173,""single_degree_mean"":32.241379310344826,""single_degree_min"":17,""single_edge_density"":0.1863663543950568,""unordered_pair_comparisons"":15051},""beta"":{""determinants"":174,""directed_double_edges"":24492,""directed_single_edges"":5610,""double_degree_max"":156,""double_degree_mean"":140.75862068965517,""double_degree_min"":0,""double_edge_density"":0.8136336456049432,""single_degree_max"":173,""single_degree_mean"":32.241379310344826,""single_degree_min"":17,""single_edge_density"":0.1863663543950568,""unordered_pair_comparisons"":15051},""pair_comparisons"":30102},""connectivity_pair_limit"":1000000,""fcidump"":{""compact_two_electron_slots"":222111,""core_integrals"":1,""exact_zero_integrals"":1,""file_bytes"":9584950,""integral_records"":222778,""isym"":1,""max_abs_integral"":13.43276387194341,""ms2"":0,""n_electrons"":54,""n_orbitals"":36,""one_electron_integrals"":666,""orbsym"":[1,1,1,1,1,1,1,1,1,1,1,1,1,1,1,1,1,1,1,1,1,1,1,1,1,1,1,1,1,1,1,1,1,1,1,1],""path"":""/home/nagan/autosbd-sc26-rg/external/amd-sbd/samples/selected_basis_diagonalization/fcidump_Fe4S4.txt"",""sha256"":""9a74e2035f76218f1d02aa641a5be256c0b685f0382b1612fc261117dd1b6e93"",""source_integral_doubles"":229887,""sum_abs_integrals"":1054.5633693506882,""two_electron_fill_density"":1.0,""two_electron_integrals"":222111},""log1p_method0_work_proxy"":17.552653204088866,""log1p_n_configurations"":10.318143627345878,""method0_work_proxy"":41977872,""n_configurations"":30276}"
196b3131f5336aad7cd9c4ee5e7f3d8f515890d6f6134e6d7111bbc3a63edf7f,c1a90d9d95cc1c4c28c9b0d7a970d51354e90ac651a45dff5d49c471edff1c35,0,2026-08-01T02:02:46.637249Z,2026-08-01T02:02:52.381114Z,true,,measured,0,fe4s4-prefix-0100,8388d0e2a075126004890ad88c3680722226870440793d7d97242885ebfc7eda,amd-cpu-16,cpu,16,5.633911507997254,4.348161,0.003153,,,36,100,100,10000,10284400,43.359375,,"{""alpha"":{""bit_length"":36,""count"":100,""file_bytes"":3700,""occupancy_max"":27,""occupancy_mean"":27.0,""occupancy_min"":27,""occupancy_variance"":0.0,""path"":""/home/nagan/autosbd-sc26-rg/data/derived/amd_fe4s4_prefixes/AlphaDets_n0100.txt"",""sha256"":""2722d475430a07b416dce775f7daa5e084aa49f90d27b8cd756ecf45c4b96a8a"",""unique_count"":100},""beta"":{""bit_length"":36,""count"":100,""file_bytes"":3700,""occupancy_max"":27,""occupancy_mean"":27.0,""occupancy_min"":27,""occupancy_variance"":0.0,""path"":""/home/nagan/autosbd-sc26-rg/data/derived/amd_fe4s4_prefixes/AlphaDets_n0100.txt"",""sha256"":""2722d475430a07b416dce775f7daa5e084aa49f90d27b8cd756ecf45c4b96a8a"",""unique_count"":100},""beta_reuses_alpha"":true,""combined_input_sha256"":""8388d0e2a075126004890ad88c3680722226870440793d7d97242885ebfc7eda"",""connectivity"":{""alpha"":{""determinants"":100,""directed_double_edges"":7020,""directed_single_edges"":2880,""double_degree_max"":78,""double_degree_mean"":70.2,""double_degree_min"":0,""double_edge_density"":0.7090909090909091,""single_degree_max"":99,""single_degree_mean"":28.8,""single_degree_min"":21,""single_edge_density"":0.2909090909090909,""unordered_pair_comparisons"":4950},""beta"":{""determinants"":100,""directed_double_edges"":7020,""directed_single_edges"":2880,""double_degree_max"":78,""double_degree_mean"":70.2,""double_degree_min"":0,""double_edge_density"":0.7090909090909091,""single_degree_max"":99,""single_degree_mean"":28.8,""single_degree_min"":21,""single_edge_density"":0.2909090909090909,""unordered_pair_comparisons"":4950},""pair_comparisons"":9900},""connectivity_pair_limit"":1000000,""fcidump"":{""compact_two_electron_slots"":222111,""core_integrals"":1,""exact_zero_integrals"":1,""file_bytes"":9584950,""integral_records"":222778,""isym"":1,""max_abs_integral"":13.43276387194341,""ms2"":0,""n_electrons"":54,""n_orbitals"":36,""one_electron_integrals"":666,""orbsym"":[1,1,1,1,1,1,1,1,1,1,1,1,1,1,1,1,1,1,1,1,1,1,1,1,1,1,1,1,1,1,1,1,1,1,1,1],""path"":""/home/nagan/autosbd-sc26-rg/external/amd-sbd/samples/selected_basis_diagonalization/fcidump_Fe4S4.txt"",""sha256"":""9a74e2035f76218f1d02aa641a5be256c0b685f0382b1612fc261117dd1b6e93"",""source_integral_doubles"":229887,""sum_abs_integrals"":1054.5633693506882,""two_electron_fill_density"":1.0,""two_electron_integrals"":222111},""log1p_method0_work_proxy"":16.146138839217606,""log1p_n_configurations"":9.210440366976517,""method0_work_proxy"":10284400,""n_configurations"":10000}"
17e441c1533540b70cc0cbe73299b02f7941e2db8d1107b82f1b796123fa5b36,6e9f06b12d939772fe893e13548cb76145944673f0f5779ee8cf2db4a78b5134,0,2026-08-01T02:02:53.365986Z,2026-08-01T02:02:56.321465Z,true,,measured,0,fe4s4-prefix-0100,8388d0e2a075126004890ad88c3680722226870440793d7d97242885ebfc7eda,amd-l4-default,gpu,1,2.8404115309967892,1.443365,0.002554,,,36,100,100,10000,10284400,131.2578125,194.0,"{""alpha"":{""bit_length"":36,""count"":100,""file_bytes"":3700,""occupancy_max"":27,""occupancy_mean"":27.0,""occupancy_min"":27,""occupancy_variance"":0.0,""path"":""/home/nagan/autosbd-sc26-rg/data/derived/amd_fe4s4_prefixes/AlphaDets_n0100.txt"",""sha256"":""2722d475430a07b416dce775f7daa5e084aa49f90d27b8cd756ecf45c4b96a8a"",""unique_count"":100},""beta"":{""bit_length"":36,""count"":100,""file_bytes"":3700,""occupancy_max"":27,""occupancy_mean"":27.0,""occupancy_min"":27,""occupancy_variance"":0.0,""path"":""/home/nagan/autosbd-sc26-rg/data/derived/amd_fe4s4_prefixes/AlphaDets_n0100.txt"",""sha256"":""2722d475430a07b416dce775f7daa5e084aa49f90d27b8cd756ecf45c4b96a8a"",""unique_count"":100},""beta_reuses_alpha"":true,""combined_input_sha256"":""8388d0e2a075126004890ad88c3680722226870440793d7d97242885ebfc7eda"",""connectivity"":{""alpha"":{""determinants"":100,""directed_double_edges"":7020,""directed_single_edges"":2880,""double_degree_max"":78,""double_degree_mean"":70.2,""double_degree_min"":0,""double_edge_density"":0.7090909090909091,""single_degree_max"":99,""single_degree_mean"":28.8,""single_degree_min"":21,""single_edge_density"":0.2909090909090909,""unordered_pair_comparisons"":4950},""beta"":{""determinants"":100,""directed_double_edges"":7020,""directed_single_edges"":2880,""double_degree_max"":78,""double_degree_mean"":70.2,""double_degree_min"":0,""double_edge_density"":0.7090909090909091,""single_degree_max"":99,""single_degree_mean"":28.8,""single_degree_min"":21,""single_edge_density"":0.2909090909090909,""unordered_pair_comparisons"":4950},""pair_comparisons"":9900},""connectivity_pair_limit"":1000000,""fcidump"":{""compact_two_electron_slots"":222111,""core_integrals"":1,""exact_zero_integrals"":1,""file_bytes"":9584950,""integral_records"":222778,""isym"":1,""max_abs_integral"":13.43276387194341,""ms2"":0,""n_electrons"":54,""n_orbitals"":36,""one_electron_integrals"":666,""orbsym"":[1,1,1,1,1,1,1,1,1,1,1,1,1,1,1,1,1,1,1,1,1,1,1,1,1,1,1,1,1,1,1,1,1,1,1,1],""path"":""/home/nagan/autosbd-sc26-rg/external/amd-sbd/samples/selected_basis_diagonalization/fcidump_Fe4S4.txt"",""sha256"":""9a74e2035f76218f1d02aa641a5be256c0b685f0382b1612fc261117dd1b6e93"",""source_integral_doubles"":229887,""sum_abs_integrals"":1054.5633693506882,""two_electron_fill_density"":1.0,""two_electron_integrals"":222111},""log1p_method0_work_proxy"":16.146138839217606,""log1p_n_configurations"":9.210440366976517,""method0_work_proxy"":10284400,""n_configurations"":10000}"
f8061e07c0be9a2a0dc834b4f1e8bd4eff5b91ce2585374c02bb56c0f6945196,1b24a604a757625063cd4d99ef16d52acfb7a0282a87e73bba59d2d138c2405a,0,2026-08-01T02:02:57.312583Z,2026-08-01T02:03:06.197593Z,true,,measured,0,fe4s4-prefix-0174,b4c93c6609f07ed1321fab96ec8683bd081fbfb8bd8682e97882a624a0ec6e77,amd-l4-default,gpu,1,8.77523887999996,7.242376999999999,0.007418,,,36,174,174,30276,41977872,137.63671875,196.0,"{""alpha"":{""bit_length"":36,""count"":174,""file_bytes"":6438,""occupancy_max"":27,""occupancy_mean"":27.0,""occupancy_min"":27,""occupancy_variance"":0.0,""path"":""/home/nagan/autosbd-sc26-rg/data/derived/amd_fe4s4_prefixes/AlphaDets_n0174.txt"",""sha256"":""bad29cfa68e324ae9a63b22bf5d18e86f6766a2f251371ae92ab6080e1c33b67"",""unique_count"":174},""beta"":{""bit_length"":36,""count"":174,""file_bytes"":6438,""occupancy_max"":27,""occupancy_mean"":27.0,""occupancy_min"":27,""occupancy_variance"":0.0,""path"":""/home/nagan/autosbd-sc26-rg/data/derived/amd_fe4s4_prefixes/AlphaDets_n0174.txt"",""sha256"":""bad29cfa68e324ae9a63b22bf5d18e86f6766a2f251371ae92ab6080e1c33b67"",""unique_count"":174},""beta_reuses_alpha"":true,""combined_input_sha256"":""b4c93c6609f07ed1321fab96ec8683bd081fbfb8bd8682e97882a624a0ec6e77"",""connectivity"":{""alpha"":{""determinants"":174,""directed_double_edges"":24492,""directed_single_edges"":5610,""double_degree_max"":156,""double_degree_mean"":140.75862068965517,""double_degree_min"":0,""double_edge_density"":0.8136336456049432,""single_degree_max"":173,""single_degree_mean"":32.241379310344826,""single_degree_min"":17,""single_edge_density"":0.1863663543950568,""unordered_pair_comparisons"":15051},""beta"":{""determinants"":174,""directed_double_edges"":24492,""directed_single_edges"":5610,""double_degree_max"":156,""double_degree_mean"":140.75862068965517,""double_degree_min"":0,""double_edge_density"":0.8136336456049432,""single_degree_max"":173,""single_degree_mean"":32.241379310344826,""single_degree_min"":17,""single_edge_density"":0.1863663543950568,""unordered_pair_comparisons"":15051},""pair_comparisons"":30102},""connectivity_pair_limit"":1000000,""fcidump"":{""compact_two_electron_slots"":222111,""core_integrals"":1,""exact_zero_integrals"":1,""file_bytes"":9584950,""integral_records"":222778,""isym"":1,""max_abs_integral"":13.43276387194341,""ms2"":0,""n_electrons"":54,""n_orbitals"":36,""one_electron_integrals"":666,""orbsym"":[1,1,1,1,1,1,1,1,1,1,1,1,1,1,1,1,1,1,1,1,1,1,1,1,1,1,1,1,1,1,1,1,1,1,1,1],""path"":""/home/nagan/autosbd-sc26-rg/external/amd-sbd/samples/selected_basis_diagonalization/fcidump_Fe4S4.txt"",""sha256"":""9a74e2035f76218f1d02aa641a5be256c0b685f0382b1612fc261117dd1b6e93"",""source_integral_doubles"":229887,""sum_abs_integrals"":1054.5633693506882,""two_electron_fill_density"":1.0,""two_electron_integrals"":222111},""log1p_method0_work_proxy"":17.552653204088866,""log1p_n_configurations"":10.318143627345878,""method0_work_proxy"":41977872,""n_configurations"":30276}"
a618280b1095aa1a879e8464877c7bb17f9ee0026f3fe2a5dba71822171ec9ce,9cf9a12e754b52b73cf2e9ba9ec83e46c40d1b624d2cbc30f8fc0068b1c06c8c,0,2026-08-01T02:03:07.180233Z,2026-08-01T02:03:37.258213Z,true,,measured,0,fe4s4-prefix-0174,b4c93c6609f07ed1321fab96ec8683bd081fbfb8bd8682e97882a624a0ec6e77,amd-cpu-16,cpu,16,29.96792640900094,28.20679,0.004634,,,36,174,174,30276,41977872,43.1015625,,"{""alpha"":{""bit_length"":36,""count"":174,""file_bytes"":6438,""occupancy_max"":27,""occupancy_mean"":27.0,""occupancy_min"":27,""occupancy_variance"":0.0,""path"":""/home/nagan/autosbd-sc26-rg/data/derived/amd_fe4s4_prefixes/AlphaDets_n0174.txt"",""sha256"":""bad29cfa68e324ae9a63b22bf5d18e86f6766a2f251371ae92ab6080e1c33b67"",""unique_count"":174},""beta"":{""bit_length"":36,""count"":174,""file_bytes"":6438,""occupancy_max"":27,""occupancy_mean"":27.0,""occupancy_min"":27,""occupancy_variance"":0.0,""path"":""/home/nagan/autosbd-sc26-rg/data/derived/amd_fe4s4_prefixes/AlphaDets_n0174.txt"",""sha256"":""bad29cfa68e324ae9a63b22bf5d18e86f6766a2f251371ae92ab6080e1c33b67"",""unique_count"":174},""beta_reuses_alpha"":true,""combined_input_sha256"":""b4c93c6609f07ed1321fab96ec8683bd081fbfb8bd8682e97882a624a0ec6e77"",""connectivity"":{""alpha"":{""determinants"":174,""directed_double_edges"":24492,""directed_single_edges"":5610,""double_degree_max"":156,""double_degree_mean"":140.75862068965517,""double_degree_min"":0,""double_edge_density"":0.8136336456049432,""single_degree_max"":173,""single_degree_mean"":32.241379310344826,""single_degree_min"":17,""single_edge_density"":0.1863663543950568,""unordered_pair_comparisons"":15051},""beta"":{""determinants"":174,""directed_double_edges"":24492,""directed_single_edges"":5610,""double_degree_max"":156,""double_degree_mean"":140.75862068965517,""double_degree_min"":0,""double_edge_density"":0.8136336456049432,""single_degree_max"":173,""single_degree_mean"":32.241379310344826,""single_degree_min"":17,""single_edge_density"":0.1863663543950568,""unordered_pair_comparisons"":15051},""pair_comparisons"":30102},""connectivity_pair_limit"":1000000,""fcidump"":{""compact_two_electron_slots"":222111,""core_integrals"":1,""exact_zero_integrals"":1,""file_bytes"":9584950,""integral_records"":222778,""isym"":1,""max_abs_integral"":13.43276387194341,""ms2"":0,""n_electrons"":54,""n_orbitals"":36,""one_electron_integrals"":666,""orbsym"":[1,1,1,1,1,1,1,1,1,1,1,1,1,1,1,1,1,1,1,1,1,1,1,1,1,1,1,1,1,1,1,1,1,1,1,1],""path"":""/home/nagan/autosbd-sc26-rg/external/amd-sbd/samples/selected_basis_diagonalization/fcidump_Fe4S4.txt"",""sha256"":""9a74e2035f76218f1d02aa641a5be256c0b685f0382b1612fc261117dd1b6e93"",""source_integral_doubles"":229887,""sum_abs_integrals"":1054.5633693506882,""two_electron_fill_density"":1.0,""two_electron_integrals"":222111},""log1p_method0_work_proxy"":17.552653204088866,""log1p_n_configurations"":10.318143627345878,""method0_work_proxy"":41977872,""n_configurations"":30276}"
1828d00372451f8eed4e72f9b7618f1ea567f653f0649955db96b3c730392530,eababe0edcda82a9f61a6ffcc3cfd5352b49fce1f2c6d039be534e4d2f88527c,0,2026-08-01T02:03:38.246962Z,2026-08-01T02:03:41.188288Z,true,,measured,1,fe4s4-prefix-0100,8388d0e2a075126004890ad88c3680722226870440793d7d97242885ebfc7eda,amd-l4-default,gpu,1,2.8257592849986395,1.44194,0.002599,,,36,100,100,10000,10284400,131.23828125,194.0,"{""alpha"":{""bit_length"":36,""count"":100,""file_bytes"":3700,""occupancy_max"":27,""occupancy_mean"":27.0,""occupancy_min"":27,""occupancy_variance"":0.0,""path"":""/home/nagan/autosbd-sc26-rg/data/derived/amd_fe4s4_prefixes/AlphaDets_n0100.txt"",""sha256"":""2722d475430a07b416dce775f7daa5e084aa49f90d27b8cd756ecf45c4b96a8a"",""unique_count"":100},""beta"":{""bit_length"":36,""count"":100,""file_bytes"":3700,""occupancy_max"":27,""occupancy_mean"":27.0,""occupancy_min"":27,""occupancy_variance"":0.0,""path"":""/home/nagan/autosbd-sc26-rg/data/derived/amd_fe4s4_prefixes/AlphaDets_n0100.txt"",""sha256"":""2722d475430a07b416dce775f7daa5e084aa49f90d27b8cd756ecf45c4b96a8a"",""unique_count"":100},""beta_reuses_alpha"":true,""combined_input_sha256"":""8388d0e2a075126004890ad88c3680722226870440793d7d97242885ebfc7eda"",""connectivity"":{""alpha"":{""determinants"":100,""directed_double_edges"":7020,""directed_single_edges"":2880,""double_degree_max"":78,""double_degree_mean"":70.2,""double_degree_min"":0,""double_edge_density"":0.7090909090909091,""single_degree_max"":99,""single_degree_mean"":28.8,""single_degree_min"":21,""single_edge_density"":0.2909090909090909,""unordered_pair_comparisons"":4950},""beta"":{""determinants"":100,""directed_double_edges"":7020,""directed_single_edges"":2880,""double_degree_max"":78,""double_degree_mean"":70.2,""double_degree_min"":0,""double_edge_density"":0.7090909090909091,""single_degree_max"":99,""single_degree_mean"":28.8,""single_degree_min"":21,""single_edge_density"":0.2909090909090909,""unordered_pair_comparisons"":4950},""pair_comparisons"":9900},""connectivity_pair_limit"":1000000,""fcidump"":{""compact_two_electron_slots"":222111,""core_integrals"":1,""exact_zero_integrals"":1,""file_bytes"":9584950,""integral_records"":222778,""isym"":1,""max_abs_integral"":13.43276387194341,""ms2"":0,""n_electrons"":54,""n_orbitals"":36,""one_electron_integrals"":666,""orbsym"":[1,1,1,1,1,1,1,1,1,1,1,1,1,1,1,1,1,1,1,1,1,1,1,1,1,1,1,1,1,1,1,1,1,1,1,1],""path"":""/home/nagan/autosbd-sc26-rg/external/amd-sbd/samples/selected_basis_diagonalization/fcidump_Fe4S4.txt"",""sha256"":""9a74e2035f76218f1d02aa641a5be256c0b685f0382b1612fc261117dd1b6e93"",""source_integral_doubles"":229887,""sum_abs_integrals"":1054.5633693506882,""two_electron_fill_density"":1.0,""two_electron_integrals"":222111},""log1p_method0_work_proxy"":16.146138839217606,""log1p_n_configurations"":9.210440366976517,""method0_work_proxy"":10284400,""n_configurations"":10000}"
47c38818e4f6fe169e436aae1d5d7c8dd0b7fbae6a43d7041ef5d7da7292e964,125abcf16ce46e96d9d623c57eb3472bcbd7399c588964cd6cf740756cd19ecc,0,2026-08-01T02:03:42.192591Z,2026-08-01T02:03:47.936893Z,true,,measured,1,fe4s4-prefix-0100,8388d0e2a075126004890ad88c3680722226870440793d7d97242885ebfc7eda,amd-cpu-16,cpu,16,5.632598222000524,4.369314999999999,0.003323,,,36,100,100,10000,10284400,43.2890625,,"{""alpha"":{""bit_length"":36,""count"":100,""file_bytes"":3700,""occupancy_max"":27,""occupancy_mean"":27.0,""occupancy_min"":27,""occupancy_variance"":0.0,""path"":""/home/nagan/autosbd-sc26-rg/data/derived/amd_fe4s4_prefixes/AlphaDets_n0100.txt"",""sha256"":""2722d475430a07b416dce775f7daa5e084aa49f90d27b8cd756ecf45c4b96a8a"",""unique_count"":100},""beta"":{""bit_length"":36,""count"":100,""file_bytes"":3700,""occupancy_max"":27,""occupancy_mean"":27.0,""occupancy_min"":27,""occupancy_variance"":0.0,""path"":""/home/nagan/autosbd-sc26-rg/data/derived/amd_fe4s4_prefixes/AlphaDets_n0100.txt"",""sha256"":""2722d475430a07b416dce775f7daa5e084aa49f90d27b8cd756ecf45c4b96a8a"",""unique_count"":100},""beta_reuses_alpha"":true,""combined_input_sha256"":""8388d0e2a075126004890ad88c3680722226870440793d7d97242885ebfc7eda"",""connectivity"":{""alpha"":{""determinants"":100,""directed_double_edges"":7020,""directed_single_edges"":2880,""double_degree_max"":78,""double_degree_mean"":70.2,""double_degree_min"":0,""double_edge_density"":0.7090909090909091,""single_degree_max"":99,""single_degree_mean"":28.8,""single_degree_min"":21,""single_edge_density"":0.2909090909090909,""unordered_pair_comparisons"":4950},""beta"":{""determinants"":100,""directed_double_edges"":7020,""directed_single_edges"":2880,""double_degree_max"":78,""double_degree_mean"":70.2,""double_degree_min"":0,""double_edge_density"":0.7090909090909091,""single_degree_max"":99,""single_degree_mean"":28.8,""single_degree_min"":21,""single_edge_density"":0.2909090909090909,""unordered_pair_comparisons"":4950},""pair_comparisons"":9900},""connectivity_pair_limit"":1000000,""fcidump"":{""compact_two_electron_slots"":222111,""core_integrals"":1,""exact_zero_integrals"":1,""file_bytes"":9584950,""integral_records"":222778,""isym"":1,""max_abs_integral"":13.43276387194341,""ms2"":0,""n_electrons"":54,""n_orbitals"":36,""one_electron_integrals"":666,""orbsym"":[1,1,1,1,1,1,1,1,1,1,1,1,1,1,1,1,1,1,1,1,1,1,1,1,1,1,1,1,1,1,1,1,1,1,1,1],""path"":""/home/nagan/autosbd-sc26-rg/external/amd-sbd/samples/selected_basis_diagonalization/fcidump_Fe4S4.txt"",""sha256"":""9a74e2035f76218f1d02aa641a5be256c0b685f0382b1612fc261117dd1b6e93"",""source_integral_doubles"":229887,""sum_abs_integrals"":1054.5633693506882,""two_electron_fill_density"":1.0,""two_electron_integrals"":222111},""log1p_method0_work_proxy"":16.146138839217606,""log1p_n_configurations"":9.210440366976517,""method0_work_proxy"":10284400,""n_configurations"":10000}"
36681c01f7984b94d63ba440ab7f22e2bd94707f838c4369380f9801b45b684a,355d75c2530d32cb96355952f9a727a263424fd587c30080d5e5885b59b9b293,0,2026-08-01T02:03:48.935580Z,2026-08-01T02:03:57.825278Z,true,,measured,1,fe4s4-prefix-0174,b4c93c6609f07ed1321fab96ec8683bd081fbfb8bd8682e97882a624a0ec6e77,amd-l4-default,gpu,1,8.776808773000084,7.245461,0.00749,,,36,174,174,30276,41977872,137.6875,196.0,"{""alpha"":{""bit_length"":36,""count"":174,""file_bytes"":6438,""occupancy_max"":27,""occupancy_mean"":27.0,""occupancy_min"":27,""occupancy_variance"":0.0,""path"":""/home/nagan/autosbd-sc26-rg/data/derived/amd_fe4s4_prefixes/AlphaDets_n0174.txt"",""sha256"":""bad29cfa68e324ae9a63b22bf5d18e86f6766a2f251371ae92ab6080e1c33b67"",""unique_count"":174},""beta"":{""bit_length"":36,""count"":174,""file_bytes"":6438,""occupancy_max"":27,""occupancy_mean"":27.0,""occupancy_min"":27,""occupancy_variance"":0.0,""path"":""/home/nagan/autosbd-sc26-rg/data/derived/amd_fe4s4_prefixes/AlphaDets_n0174.txt"",""sha256"":""bad29cfa68e324ae9a63b22bf5d18e86f6766a2f251371ae92ab6080e1c33b67"",""unique_count"":174},""beta_reuses_alpha"":true,""combined_input_sha256"":""b4c93c6609f07ed1321fab96ec8683bd081fbfb8bd8682e97882a624a0ec6e77"",""connectivity"":{""alpha"":{""determinants"":174,""directed_double_edges"":24492,""directed_single_edges"":5610,""double_degree_max"":156,""double_degree_mean"":140.75862068965517,""double_degree_min"":0,""double_edge_density"":0.8136336456049432,""single_degree_max"":173,""single_degree_mean"":32.241379310344826,""single_degree_min"":17,""single_edge_density"":0.1863663543950568,""unordered_pair_comparisons"":15051},""beta"":{""determinants"":174,""directed_double_edges"":24492,""directed_single_edges"":5610,""double_degree_max"":156,""double_degree_mean"":140.75862068965517,""double_degree_min"":0,""double_edge_density"":0.8136336456049432,""single_degree_max"":173,""single_degree_mean"":32.241379310344826,""single_degree_min"":17,""single_edge_density"":0.1863663543950568,""unordered_pair_comparisons"":15051},""pair_comparisons"":30102},""connectivity_pair_limit"":1000000,""fcidump"":{""compact_two_electron_slots"":222111,""core_integrals"":1,""exact_zero_integrals"":1,""file_bytes"":9584950,""integral_records"":222778,""isym"":1,""max_abs_integral"":13.43276387194341,""ms2"":0,""n_electrons"":54,""n_orbitals"":36,""one_electron_integrals"":666,""orbsym"":[1,1,1,1,1,1,1,1,1,1,1,1,1,1,1,1,1,1,1,1,1,1,1,1,1,1,1,1,1,1,1,1,1,1,1,1],""path"":""/home/nagan/autosbd-sc26-rg/external/amd-sbd/samples/selected_basis_diagonalization/fcidump_Fe4S4.txt"",""sha256"":""9a74e2035f76218f1d02aa641a5be256c0b685f0382b1612fc261117dd1b6e93"",""source_integral_doubles"":229887,""sum_abs_integrals"":1054.5633693506882,""two_electron_fill_density"":1.0,""two_electron_integrals"":222111},""log1p_method0_work_proxy"":17.552653204088866,""log1p_n_configurations"":10.318143627345878,""method0_work_proxy"":41977872,""n_configurations"":30276}"
72d9ccb479bf5b08848e2ed58e403ab1f019fa2f4184bdb45f81e21df2de558f,615db1452ceebd0da231a9bcba7cf0fcca5e5e7b143ea5876ebd0df5568cc317,0,2026-08-01T02:03:58.834537Z,2026-08-01T02:04:28.914830Z,true,,measured,1,fe4s4-prefix-0174,b4c93c6609f07ed1321fab96ec8683bd081fbfb8bd8682e97882a624a0ec6e77,amd-cpu-16,cpu,16,29.97067791300651,28.222131,0.005153,,,36,174,174,30276,41977872,43.296875,,"{""alpha"":{""bit_length"":36,""count"":174,""file_bytes"":6438,""occupancy_max"":27,""occupancy_mean"":27.0,""occupancy_min"":27,""occupancy_variance"":0.0,""path"":""/home/nagan/autosbd-sc26-rg/data/derived/amd_fe4s4_prefixes/AlphaDets_n0174.txt"",""sha256"":""bad29cfa68e324ae9a63b22bf5d18e86f6766a2f251371ae92ab6080e1c33b67"",""unique_count"":174},""beta"":{""bit_length"":36,""count"":174,""file_bytes"":6438,""occupancy_max"":27,""occupancy_mean"":27.0,""occupancy_min"":27,""occupancy_variance"":0.0,""path"":""/home/nagan/autosbd-sc26-rg/data/derived/amd_fe4s4_prefixes/AlphaDets_n0174.txt"",""sha256"":""bad29cfa68e324ae9a63b22bf5d18e86f6766a2f251371ae92ab6080e1c33b67"",""unique_count"":174},""beta_reuses_alpha"":true,""combined_input_sha256"":""b4c93c6609f07ed1321fab96ec8683bd081fbfb8bd8682e97882a624a0ec6e77"",""connectivity"":{""alpha"":{""determinants"":174,""directed_double_edges"":24492,""directed_single_edges"":5610,""double_degree_max"":156,""double_degree_mean"":140.75862068965517,""double_degree_min"":0,""double_edge_density"":0.8136336456049432,""single_degree_max"":173,""single_degree_mean"":32.241379310344826,""single_degree_min"":17,""single_edge_density"":0.1863663543950568,""unordered_pair_comparisons"":15051},""beta"":{""determinants"":174,""directed_double_edges"":24492,""directed_single_edges"":5610,""double_degree_max"":156,""double_degree_mean"":140.75862068965517,""double_degree_min"":0,""double_edge_density"":0.8136336456049432,""single_degree_max"":173,""single_degree_mean"":32.241379310344826,""single_degree_min"":17,""single_edge_density"":0.1863663543950568,""unordered_pair_comparisons"":15051},""pair_comparisons"":30102},""connectivity_pair_limit"":1000000,""fcidump"":{""compact_two_electron_slots"":222111,""core_integrals"":1,""exact_zero_integrals"":1,""file_bytes"":9584950,""integral_records"":222778,""isym"":1,""max_abs_integral"":13.43276387194341,""ms2"":0,""n_electrons"":54,""n_orbitals"":36,""one_electron_integrals"":666,""orbsym"":[1,1,1,1,1,1,1,1,1,1,1,1,1,1,1,1,1,1,1,1,1,1,1,1,1,1,1,1,1,1,1,1,1,1,1,1],""path"":""/home/nagan/autosbd-sc26-rg/external/amd-sbd/samples/selected_basis_diagonalization/fcidump_Fe4S4.txt"",""sha256"":""9a74e2035f76218f1d02aa641a5be256c0b685f0382b1612fc261117dd1b6e93"",""source_integral_doubles"":229887,""sum_abs_integrals"":1054.5633693506882,""two_electron_fill_density"":1.0,""two_electron_integrals"":222111},""log1p_method0_work_proxy"":17.552653204088866,""log1p_n_configurations"":10.318143627345878,""method0_work_proxy"":41977872,""n_configurations"":30276}"
db2fd96b503d553e02bbd35e981f2e0c1019ed2f4ac603b664b7a5e8a551ac23,97b065bffb7234737ae15ed378cee020d088b296bb3ea8979aa681efd582f548,0,2026-08-01T02:04:29.916479Z,2026-08-01T02:04:33.002870Z,true,,measured,2,fe4s4-prefix-0100,8388d0e2a075126004890ad88c3680722226870440793d7d97242885ebfc7eda,amd-l4-default,gpu,1,2.968008463001752,1.441385,0.0025710000000000004,,,36,100,100,10000,10284400,131.26171875,194.0,"{""alpha"":{""bit_length"":36,""count"":100,""file_bytes"":3700,""occupancy_max"":27,""occupancy_mean"":27.0,""occupancy_min"":27,""occupancy_variance"":0.0,""path"":""/home/nagan/autosbd-sc26-rg/data/derived/amd_fe4s4_prefixes/AlphaDets_n0100.txt"",""sha256"":""2722d475430a07b416dce775f7daa5e084aa49f90d27b8cd756ecf45c4b96a8a"",""unique_count"":100},""beta"":{""bit_length"":36,""count"":100,""file_bytes"":3700,""occupancy_max"":27,""occupancy_mean"":27.0,""occupancy_min"":27,""occupancy_variance"":0.0,""path"":""/home/nagan/autosbd-sc26-rg/data/derived/amd_fe4s4_prefixes/AlphaDets_n0100.txt"",""sha256"":""2722d475430a07b416dce775f7daa5e084aa49f90d27b8cd756ecf45c4b96a8a"",""unique_count"":100},""beta_reuses_alpha"":true,""combined_input_sha256"":""8388d0e2a075126004890ad88c3680722226870440793d7d97242885ebfc7eda"",""connectivity"":{""alpha"":{""determinants"":100,""directed_double_edges"":7020,""directed_single_edges"":2880,""double_degree_max"":78,""double_degree_mean"":70.2,""double_degree_min"":0,""double_edge_density"":0.7090909090909091,""single_degree_max"":99,""single_degree_mean"":28.8,""single_degree_min"":21,""single_edge_density"":0.2909090909090909,""unordered_pair_comparisons"":4950},""beta"":{""determinants"":100,""directed_double_edges"":7020,""directed_single_edges"":2880,""double_degree_max"":78,""double_degree_mean"":70.2,""double_degree_min"":0,""double_edge_density"":0.7090909090909091,""single_degree_max"":99,""single_degree_mean"":28.8,""single_degree_min"":21,""single_edge_density"":0.2909090909090909,""unordered_pair_comparisons"":4950},""pair_comparisons"":9900},""connectivity_pair_limit"":1000000,""fcidump"":{""compact_two_electron_slots"":222111,""core_integrals"":1,""exact_zero_integrals"":1,""file_bytes"":9584950,""integral_records"":222778,""isym"":1,""max_abs_integral"":13.43276387194341,""ms2"":0,""n_electrons"":54,""n_orbitals"":36,""one_electron_integrals"":666,""orbsym"":[1,1,1,1,1,1,1,1,1,1,1,1,1,1,1,1,1,1,1,1,1,1,1,1,1,1,1,1,1,1,1,1,1,1,1,1],""path"":""/home/nagan/autosbd-sc26-rg/external/amd-sbd/samples/selected_basis_diagonalization/fcidump_Fe4S4.txt"",""sha256"":""9a74e2035f76218f1d02aa641a5be256c0b685f0382b1612fc261117dd1b6e93"",""source_integral_doubles"":229887,""sum_abs_integrals"":1054.5633693506882,""two_electron_fill_density"":1.0,""two_electron_integrals"":222111},""log1p_method0_work_proxy"":16.146138839217606,""log1p_n_configurations"":9.210440366976517,""method0_work_proxy"":10284400,""n_configurations"":10000}"
2b1a872d08adf4dae18780d39c3bb3b6a633aff19b57e0eb4a78a70cea406546,447b2d642190b84cdc9b7e1dc3fd88d5cce7ad5728a1b966290ee4c74d121478,0,2026-08-01T02:04:34.003843Z,2026-08-01T02:04:39.749733Z,true,,measured,2,fe4s4-prefix-0100,8388d0e2a075126004890ad88c3680722226870440793d7d97242885ebfc7eda,amd-cpu-16,cpu,16,5.6352666829989175,4.369752,0.003441,,,36,100,100,10000,10284400,43.3203125,,"{""alpha"":{""bit_length"":36,""count"":100,""file_bytes"":3700,""occupancy_max"":27,""occupancy_mean"":27.0,""occupancy_min"":27,""occupancy_variance"":0.0,""path"":""/home/nagan/autosbd-sc26-rg/data/derived/amd_fe4s4_prefixes/AlphaDets_n0100.txt"",""sha256"":""2722d475430a07b416dce775f7daa5e084aa49f90d27b8cd756ecf45c4b96a8a"",""unique_count"":100},""beta"":{""bit_length"":36,""count"":100,""file_bytes"":3700,""occupancy_max"":27,""occupancy_mean"":27.0,""occupancy_min"":27,""occupancy_variance"":0.0,""path"":""/home/nagan/autosbd-sc26-rg/data/derived/amd_fe4s4_prefixes/AlphaDets_n0100.txt"",""sha256"":""2722d475430a07b416dce775f7daa5e084aa49f90d27b8cd756ecf45c4b96a8a"",""unique_count"":100},""beta_reuses_alpha"":true,""combined_input_sha256"":""8388d0e2a075126004890ad88c3680722226870440793d7d97242885ebfc7eda"",""connectivity"":{""alpha"":{""determinants"":100,""directed_double_edges"":7020,""directed_single_edges"":2880,""double_degree_max"":78,""double_degree_mean"":70.2,""double_degree_min"":0,""double_edge_density"":0.7090909090909091,""single_degree_max"":99,""single_degree_mean"":28.8,""single_degree_min"":21,""single_edge_density"":0.2909090909090909,""unordered_pair_comparisons"":4950},""beta"":{""determinants"":100,""directed_double_edges"":7020,""directed_single_edges"":2880,""double_degree_max"":78,""double_degree_mean"":70.2,""double_degree_min"":0,""double_edge_density"":0.7090909090909091,""single_degree_max"":99,""single_degree_mean"":28.8,""single_degree_min"":21,""single_edge_density"":0.2909090909090909,""unordered_pair_comparisons"":4950},""pair_comparisons"":9900},""connectivity_pair_limit"":1000000,""fcidump"":{""compact_two_electron_slots"":222111,""core_integrals"":1,""exact_zero_integrals"":1,""file_bytes"":9584950,""integral_records"":222778,""isym"":1,""max_abs_integral"":13.43276387194341,""ms2"":0,""n_electrons"":54,""n_orbitals"":36,""one_electron_integrals"":666,""orbsym"":[1,1,1,1,1,1,1,1,1,1,1,1,1,1,1,1,1,1,1,1,1,1,1,1,1,1,1,1,1,1,1,1,1,1,1,1],""path"":""/home/nagan/autosbd-sc26-rg/external/amd-sbd/samples/selected_basis_diagonalization/fcidump_Fe4S4.txt"",""sha256"":""9a74e2035f76218f1d02aa641a5be256c0b685f0382b1612fc261117dd1b6e93"",""source_integral_doubles"":229887,""sum_abs_integrals"":1054.5633693506882,""two_electron_fill_density"":1.0,""two_electron_integrals"":222111},""log1p_method0_work_proxy"":16.146138839217606,""log1p_n_configurations"":9.210440366976517,""method0_work_proxy"":10284400,""n_configurations"":10000}"
d9c7fa3c1087bd7d2da569a80803ed1313da2b42ddd302b61876387828a2dfcf,09ff696308608227b0084a5a1e4415556765c71b334e04feb68bb4131376c330,0,2026-08-01T02:04:40.748185Z,2026-08-01T02:05:10.832149Z,true,,measured,2,fe4s4-prefix-0174,b4c93c6609f07ed1321fab96ec8683bd081fbfb8bd8682e97882a624a0ec6e77,amd-cpu-16,cpu,16,29.969004751001194,28.286787,0.004696,,,36,174,174,30276,41977872,43.26171875,,"{""alpha"":{""bit_length"":36,""count"":174,""file_bytes"":6438,""occupancy_max"":27,""occupancy_mean"":27.0,""occupancy_min"":27,""occupancy_variance"":0.0,""path"":""/home/nagan/autosbd-sc26-rg/data/derived/amd_fe4s4_prefixes/AlphaDets_n0174.txt"",""sha256"":""bad29cfa68e324ae9a63b22bf5d18e86f6766a2f251371ae92ab6080e1c33b67"",""unique_count"":174},""beta"":{""bit_length"":36,""count"":174,""file_bytes"":6438,""occupancy_max"":27,""occupancy_mean"":27.0,""occupancy_min"":27,""occupancy_variance"":0.0,""path"":""/home/nagan/autosbd-sc26-rg/data/derived/amd_fe4s4_prefixes/AlphaDets_n0174.txt"",""sha256"":""bad29cfa68e324ae9a63b22bf5d18e86f6766a2f251371ae92ab6080e1c33b67"",""unique_count"":174},""beta_reuses_alpha"":true,""combined_input_sha256"":""b4c93c6609f07ed1321fab96ec8683bd081fbfb8bd8682e97882a624a0ec6e77"",""connectivity"":{""alpha"":{""determinants"":174,""directed_double_edges"":24492,""directed_single_edges"":5610,""double_degree_max"":156,""double_degree_mean"":140.75862068965517,""double_degree_min"":0,""double_edge_density"":0.8136336456049432,""single_degree_max"":173,""single_degree_mean"":32.241379310344826,""single_degree_min"":17,""single_edge_density"":0.1863663543950568,""unordered_pair_comparisons"":15051},""beta"":{""determinants"":174,""directed_double_edges"":24492,""directed_single_edges"":5610,""double_degree_max"":156,""double_degree_mean"":140.75862068965517,""double_degree_min"":0,""double_edge_density"":0.8136336456049432,""single_degree_max"":173,""single_degree_mean"":32.241379310344826,""single_degree_min"":17,""single_edge_density"":0.1863663543950568,""unordered_pair_comparisons"":15051},""pair_comparisons"":30102},""connectivity_pair_limit"":1000000,""fcidump"":{""compact_two_electron_slots"":222111,""core_integrals"":1,""exact_zero_integrals"":1,""file_bytes"":9584950,""integral_records"":222778,""isym"":1,""max_abs_integral"":13.43276387194341,""ms2"":0,""n_electrons"":54,""n_orbitals"":36,""one_electron_integrals"":666,""orbsym"":[1,1,1,1,1,1,1,1,1,1,1,1,1,1,1,1,1,1,1,1,1,1,1,1,1,1,1,1,1,1,1,1,1,1,1,1],""path"":""/home/nagan/autosbd-sc26-rg/external/amd-sbd/samples/selected_basis_diagonalization/fcidump_Fe4S4.txt"",""sha256"":""9a74e2035f76218f1d02aa641a5be256c0b685f0382b1612fc261117dd1b6e93"",""source_integral_doubles"":229887,""sum_abs_integrals"":1054.5633693506882,""two_electron_fill_density"":1.0,""two_electron_integrals"":222111},""log1p_method0_work_proxy"":17.552653204088866,""log1p_n_configurations"":10.318143627345878,""method0_work_proxy"":41977872,""n_configurations"":30276}"
b8463cd42b6ac55dacdc5abac5e9affc0e65c84a59dd084467ef3ce085673ca7,1e9b50671c6e6ac01e1543f651f5f04834d91fafe2ace6c9028a54b7e643f2c9,0,2026-08-01T02:05:11.818494Z,2026-08-01T02:05:20.724476Z,true,,measured,2,fe4s4-prefix-0174,b4c93c6609f07ed1321fab96ec8683bd081fbfb8bd8682e97882a624a0ec6e77,amd-l4-default,gpu,1,8.788708236003004,7.248818,0.007398999999999999,,,36,174,174,30276,41977872,137.71875,196.0,"{""alpha"":{""bit_length"":36,""count"":174,""file_bytes"":6438,""occupancy_max"":27,""occupancy_mean"":27.0,""occupancy_min"":27,""occupancy_variance"":0.0,""path"":""/home/nagan/autosbd-sc26-rg/data/derived/amd_fe4s4_prefixes/AlphaDets_n0174.txt"",""sha256"":""bad29cfa68e324ae9a63b22bf5d18e86f6766a2f251371ae92ab6080e1c33b67"",""unique_count"":174},""beta"":{""bit_length"":36,""count"":174,""file_bytes"":6438,""occupancy_max"":27,""occupancy_mean"":27.0,""occupancy_min"":27,""occupancy_variance"":0.0,""path"":""/home/nagan/autosbd-sc26-rg/data/derived/amd_fe4s4_prefixes/AlphaDets_n0174.txt"",""sha256"":""bad29cfa68e324ae9a63b22bf5d18e86f6766a2f251371ae92ab6080e1c33b67"",""unique_count"":174},""beta_reuses_alpha"":true,""combined_input_sha256"":""b4c93c6609f07ed1321fab96ec8683bd081fbfb8bd8682e97882a624a0ec6e77"",""connectivity"":{""alpha"":{""determinants"":174,""directed_double_edges"":24492,""directed_single_edges"":5610,""double_degree_max"":156,""double_degree_mean"":140.75862068965517,""double_degree_min"":0,""double_edge_density"":0.8136336456049432,""single_degree_max"":173,""single_degree_mean"":32.241379310344826,""single_degree_min"":17,""single_edge_density"":0.1863663543950568,""unordered_pair_comparisons"":15051},""beta"":{""determinants"":174,""directed_double_edges"":24492,""directed_single_edges"":5610,""double_degree_max"":156,""double_degree_mean"":140.75862068965517,""double_degree_min"":0,""double_edge_density"":0.8136336456049432,""single_degree_max"":173,""single_degree_mean"":32.241379310344826,""single_degree_min"":17,""single_edge_density"":0.1863663543950568,""unordered_pair_comparisons"":15051},""pair_comparisons"":30102},""connectivity_pair_limit"":1000000,""fcidump"":{""compact_two_electron_slots"":222111,""core_integrals"":1,""exact_zero_integrals"":1,""file_bytes"":9584950,""integral_records"":222778,""isym"":1,""max_abs_integral"":13.43276387194341,""ms2"":0,""n_electrons"":54,""n_orbitals"":36,""one_electron_integrals"":666,""orbsym"":[1,1,1,1,1,1,1,1,1,1,1,1,1,1,1,1,1,1,1,1,1,1,1,1,1,1,1,1,1,1,1,1,1,1,1,1],""path"":""/home/nagan/autosbd-sc26-rg/external/amd-sbd/samples/selected_basis_diagonalization/fcidump_Fe4S4.txt"",""sha256"":""9a74e2035f76218f1d02aa641a5be256c0b685f0382b1612fc261117dd1b6e93"",""source_integral_doubles"":229887,""sum_abs_integrals"":1054.5633693506882,""two_electron_fill_density"":1.0,""two_electron_integrals"":222111},""log1p_method0_work_proxy"":17.552653204088866,""log1p_n_configurations"":10.318143627345878,""method0_work_proxy"":41977872,""n_configurations"":30276}"
bd327b11319cb72a7d8c74312308cfb091c9e37318ea64ff16af05aa93575ed4,b4e83dd7644d1d261aab3884e05aa31ec827d6e8452a467bd4b752d07ccd1c21,0,2026-08-01T02:06:02.863043Z,2026-08-01T02:07:21.612153Z,false,timing_ineligible;warmup,warmup,0,fe4s4-prefix-0244,cca24426f5786ff5b669dd5de6a90a6a813dc9d6f72e5a787156b707db549e03,amd-cpu-16,cpu,16,78.63424446700083,75.999245,0.006449,,,36,244,244,59536,105521536,47.640625,,"{""alpha"":{""bit_length"":36,""count"":244,""file_bytes"":9028,""occupancy_max"":27,""occupancy_mean"":27.0,""occupancy_min"":27,""occupancy_variance"":0.0,""path"":""/home/nagan/autosbd-sc26-rg/data/derived/amd_fe4s4_prefixes/AlphaDets_n0244.txt"",""sha256"":""b1aa7e60cfde6adc39f9271bb2c6d8d15774a694e746e66bab44db9842748f68"",""unique_count"":244},""beta"":{""bit_length"":36,""count"":244,""file_bytes"":9028,""occupancy_max"":27,""occupancy_mean"":27.0,""occupancy_min"":27,""occupancy_variance"":0.0,""path"":""/home/nagan/autosbd-sc26-rg/data/derived/amd_fe4s4_prefixes/AlphaDets_n0244.txt"",""sha256"":""b1aa7e60cfde6adc39f9271bb2c6d8d15774a694e746e66bab44db9842748f68"",""unique_count"":244},""beta_reuses_alpha"":true,""combined_input_sha256"":""cca24426f5786ff5b669dd5de6a90a6a813dc9d6f72e5a787156b707db549e03"",""connectivity"":{""alpha"":{""determinants"":244,""directed_double_edges"":50544,""directed_single_edges"":8748,""double_degree_max"":208,""double_degree_mean"":207.14754098360655,""double_degree_min"":0,""double_edge_density"":0.8524590163934426,""single_degree_max"":243,""single_degree_mean"":35.85245901639344,""single_degree_min"":35,""single_edge_density"":0.14754098360655737,""unordered_pair_comparisons"":29646},""beta"":{""determinants"":244,""directed_double_edges"":50544,""directed_single_edges"":8748,""double_degree_max"":208,""double_degree_mean"":207.14754098360655,""double_degree_min"":0,""double_edge_density"":0.8524590163934426,""single_degree_max"":243,""single_degree_mean"":35.85245901639344,""single_degree_min"":35,""single_edge_density"":0.14754098360655737,""unordered_pair_comparisons"":29646},""pair_comparisons"":59292},""connectivity_pair_limit"":1000000,""fcidump"":{""compact_two_electron_slots"":222111,""core_integrals"":1,""exact_zero_integrals"":1,""file_bytes"":9584950,""integral_records"":222778,""isym"":1,""max_abs_integral"":13.43276387194341,""ms2"":0,""n_electrons"":54,""n_orbitals"":36,""one_electron_integrals"":666,""orbsym"":[1,1,1,1,1,1,1,1,1,1,1,1,1,1,1,1,1,1,1,1,1,1,1,1,1,1,1,1,1,1,1,1,1,1,1,1],""path"":""/home/nagan/autosbd-sc26-rg/external/amd-sbd/samples/selected_basis_diagonalization/fcidump_Fe4S4.txt"",""sha256"":""9a74e2035f76218f1d02aa641a5be256c0b685f0382b1612fc261117dd1b6e93"",""source_integral_doubles"":229887,""sum_abs_integrals"":1054.5633693506882,""two_electron_fill_density"":1.0,""two_electron_integrals"":222111},""log1p_method0_work_proxy"":18.47442563222631,""log1p_n_configurations"":10.994353247005408,""method0_work_proxy"":105521536,""n_configurations"":59536}"
b8d1a6bd46a949791192ab58d59fcf8898313ce93ee5495004a6014ecfa428f3,4d679678cbf39c6b3d5f0f6fd8a919f8ab0129090a988ff004084481d11e5bd7,0,2026-08-01T02:07:22.624302Z,2026-08-01T02:07:40.041784Z,false,timing_ineligible;warmup,warmup,0,fe4s4-prefix-0244,cca24426f5786ff5b669dd5de6a90a6a813dc9d6f72e5a787156b707db549e03,amd-l4-default,gpu,1,17.299822752996988,15.509885,0.014338,,,36,244,244,59536,105521536,145.12109375,198.0,"{""alpha"":{""bit_length"":36,""count"":244,""file_bytes"":9028,""occupancy_max"":27,""occupancy_mean"":27.0,""occupancy_min"":27,""occupancy_variance"":0.0,""path"":""/home/nagan/autosbd-sc26-rg/data/derived/amd_fe4s4_prefixes/AlphaDets_n0244.txt"",""sha256"":""b1aa7e60cfde6adc39f9271bb2c6d8d15774a694e746e66bab44db9842748f68"",""unique_count"":244},""beta"":{""bit_length"":36,""count"":244,""file_bytes"":9028,""occupancy_max"":27,""occupancy_mean"":27.0,""occupancy_min"":27,""occupancy_variance"":0.0,""path"":""/home/nagan/autosbd-sc26-rg/data/derived/amd_fe4s4_prefixes/AlphaDets_n0244.txt"",""sha256"":""b1aa7e60cfde6adc39f9271bb2c6d8d15774a694e746e66bab44db9842748f68"",""unique_count"":244},""beta_reuses_alpha"":true,""combined_input_sha256"":""cca24426f5786ff5b669dd5de6a90a6a813dc9d6f72e5a787156b707db549e03"",""connectivity"":{""alpha"":{""determinants"":244,""directed_double_edges"":50544,""directed_single_edges"":8748,""double_degree_max"":208,""double_degree_mean"":207.14754098360655,""double_degree_min"":0,""double_edge_density"":0.8524590163934426,""single_degree_max"":243,""single_degree_mean"":35.85245901639344,""single_degree_min"":35,""single_edge_density"":0.14754098360655737,""unordered_pair_comparisons"":29646},""beta"":{""determinants"":244,""directed_double_edges"":50544,""directed_single_edges"":8748,""double_degree_max"":208,""double_degree_mean"":207.14754098360655,""double_degree_min"":0,""double_edge_density"":0.8524590163934426,""single_degree_max"":243,""single_degree_mean"":35.85245901639344,""single_degree_min"":35,""single_edge_density"":0.14754098360655737,""unordered_pair_comparisons"":29646},""pair_comparisons"":59292},""connectivity_pair_limit"":1000000,""fcidump"":{""compact_two_electron_slots"":222111,""core_integrals"":1,""exact_zero_integrals"":1,""file_bytes"":9584950,""integral_records"":222778,""isym"":1,""max_abs_integral"":13.43276387194341,""ms2"":0,""n_electrons"":54,""n_orbitals"":36,""one_electron_integrals"":666,""orbsym"":[1,1,1,1,1,1,1,1,1,1,1,1,1,1,1,1,1,1,1,1,1,1,1,1,1,1,1,1,1,1,1,1,1,1,1,1],""path"":""/home/nagan/autosbd-sc26-rg/external/amd-sbd/samples/selected_basis_diagonalization/fcidump_Fe4S4.txt"",""sha256"":""9a74e2035f76218f1d02aa641a5be256c0b685f0382b1612fc261117dd1b6e93"",""source_integral_doubles"":229887,""sum_abs_integrals"":1054.5633693506882,""two_electron_fill_density"":1.0,""two_electron_integrals"":222111},""log1p_method0_work_proxy"":18.47442563222631,""log1p_n_configurations"":10.994353247005408,""method0_work_proxy"":105521536,""n_configurations"":59536}"
18eec5181ee67326db2ebe31045cb90612c516eb73cfa75094b803c43e54a868,a82dbdaea9b6808f2d3f97c8e01fef8f67e6d229251a6e7c7c2834cb63e4b694,0,2026-08-01T02:07:41.037918Z,2026-08-01T02:08:59.777414Z,true,,measured,0,fe4s4-prefix-0244,cca24426f5786ff5b669dd5de6a90a6a813dc9d6f72e5a787156b707db549e03,amd-cpu-16,cpu,16,78.62944741499814,75.971502,0.0066760000000000005,,,36,244,244,59536,105521536,47.6484375,,"{""alpha"":{""bit_length"":36,""count"":244,""file_bytes"":9028,""occupancy_max"":27,""occupancy_mean"":27.0,""occupancy_min"":27,""occupancy_variance"":0.0,""path"":""/home/nagan/autosbd-sc26-rg/data/derived/amd_fe4s4_prefixes/AlphaDets_n0244.txt"",""sha256"":""b1aa7e60cfde6adc39f9271bb2c6d8d15774a694e746e66bab44db9842748f68"",""unique_count"":244},""beta"":{""bit_length"":36,""count"":244,""file_bytes"":9028,""occupancy_max"":27,""occupancy_mean"":27.0,""occupancy_min"":27,""occupancy_variance"":0.0,""path"":""/home/nagan/autosbd-sc26-rg/data/derived/amd_fe4s4_prefixes/AlphaDets_n0244.txt"",""sha256"":""b1aa7e60cfde6adc39f9271bb2c6d8d15774a694e746e66bab44db9842748f68"",""unique_count"":244},""beta_reuses_alpha"":true,""combined_input_sha256"":""cca24426f5786ff5b669dd5de6a90a6a813dc9d6f72e5a787156b707db549e03"",""connectivity"":{""alpha"":{""determinants"":244,""directed_double_edges"":50544,""directed_single_edges"":8748,""double_degree_max"":208,""double_degree_mean"":207.14754098360655,""double_degree_min"":0,""double_edge_density"":0.8524590163934426,""single_degree_max"":243,""single_degree_mean"":35.85245901639344,""single_degree_min"":35,""single_edge_density"":0.14754098360655737,""unordered_pair_comparisons"":29646},""beta"":{""determinants"":244,""directed_double_edges"":50544,""directed_single_edges"":8748,""double_degree_max"":208,""double_degree_mean"":207.14754098360655,""double_degree_min"":0,""double_edge_density"":0.8524590163934426,""single_degree_max"":243,""single_degree_mean"":35.85245901639344,""single_degree_min"":35,""single_edge_density"":0.14754098360655737,""unordered_pair_comparisons"":29646},""pair_comparisons"":59292},""connectivity_pair_limit"":1000000,""fcidump"":{""compact_two_electron_slots"":222111,""core_integrals"":1,""exact_zero_integrals"":1,""file_bytes"":9584950,""integral_records"":222778,""isym"":1,""max_abs_integral"":13.43276387194341,""ms2"":0,""n_electrons"":54,""n_orbitals"":36,""one_electron_integrals"":666,""orbsym"":[1,1,1,1,1,1,1,1,1,1,1,1,1,1,1,1,1,1,1,1,1,1,1,1,1,1,1,1,1,1,1,1,1,1,1,1],""path"":""/home/nagan/autosbd-sc26-rg/external/amd-sbd/samples/selected_basis_diagonalization/fcidump_Fe4S4.txt"",""sha256"":""9a74e2035f76218f1d02aa641a5be256c0b685f0382b1612fc261117dd1b6e93"",""source_integral_doubles"":229887,""sum_abs_integrals"":1054.5633693506882,""two_electron_fill_density"":1.0,""two_electron_integrals"":222111},""log1p_method0_work_proxy"":18.47442563222631,""log1p_n_configurations"":10.994353247005408,""method0_work_proxy"":105521536,""n_configurations"":59536}"
d844fde93f05fe4bc4904139680868b4975fdf90f53e8e2e94ab73d0191b2af9,085a563022fa0383de696a588e291042de07a1e64bef108e05a6cf6c088eae63,0,2026-08-01T02:09:00.777202Z,2026-08-01T02:09:18.184637Z,true,,measured,0,fe4s4-prefix-0244,cca24426f5786ff5b669dd5de6a90a6a813dc9d6f72e5a787156b707db549e03,amd-l4-default,gpu,1,17.28929579900432,15.506356,0.013992999999999998,,,36,244,244,59536,105521536,144.91015625,198.0,"{""alpha"":{""bit_length"":36,""count"":244,""file_bytes"":9028,""occupancy_max"":27,""occupancy_mean"":27.0,""occupancy_min"":27,""occupancy_variance"":0.0,""path"":""/home/nagan/autosbd-sc26-rg/data/derived/amd_fe4s4_prefixes/AlphaDets_n0244.txt"",""sha256"":""b1aa7e60cfde6adc39f9271bb2c6d8d15774a694e746e66bab44db9842748f68"",""unique_count"":244},""beta"":{""bit_length"":36,""count"":244,""file_bytes"":9028,""occupancy_max"":27,""occupancy_mean"":27.0,""occupancy_min"":27,""occupancy_variance"":0.0,""path"":""/home/nagan/autosbd-sc26-rg/data/derived/amd_fe4s4_prefixes/AlphaDets_n0244.txt"",""sha256"":""b1aa7e60cfde6adc39f9271bb2c6d8d15774a694e746e66bab44db9842748f68"",""unique_count"":244},""beta_reuses_alpha"":true,""combined_input_sha256"":""cca24426f5786ff5b669dd5de6a90a6a813dc9d6f72e5a787156b707db549e03"",""connectivity"":{""alpha"":{""determinants"":244,""directed_double_edges"":50544,""directed_single_edges"":8748,""double_degree_max"":208,""double_degree_mean"":207.14754098360655,""double_degree_min"":0,""double_edge_density"":0.8524590163934426,""single_degree_max"":243,""single_degree_mean"":35.85245901639344,""single_degree_min"":35,""single_edge_density"":0.14754098360655737,""unordered_pair_comparisons"":29646},""beta"":{""determinants"":244,""directed_double_edges"":50544,""directed_single_edges"":8748,""double_degree_max"":208,""double_degree_mean"":207.14754098360655,""double_degree_min"":0,""double_edge_density"":0.8524590163934426,""single_degree_max"":243,""single_degree_mean"":35.85245901639344,""single_degree_min"":35,""single_edge_density"":0.14754098360655737,""unordered_pair_comparisons"":29646},""pair_comparisons"":59292},""connectivity_pair_limit"":1000000,""fcidump"":{""compact_two_electron_slots"":222111,""core_integrals"":1,""exact_zero_integrals"":1,""file_bytes"":9584950,""integral_records"":222778,""isym"":1,""max_abs_integral"":13.43276387194341,""ms2"":0,""n_electrons"":54,""n_orbitals"":36,""one_electron_integrals"":666,""orbsym"":[1,1,1,1,1,1,1,1,1,1,1,1,1,1,1,1,1,1,1,1,1,1,1,1,1,1,1,1,1,1,1,1,1,1,1,1],""path"":""/home/nagan/autosbd-sc26-rg/external/amd-sbd/samples/selected_basis_diagonalization/fcidump_Fe4S4.txt"",""sha256"":""9a74e2035f76218f1d02aa641a5be256c0b685f0382b1612fc261117dd1b6e93"",""source_integral_doubles"":229887,""sum_abs_integrals"":1054.5633693506882,""two_electron_fill_density"":1.0,""two_electron_integrals"":222111},""log1p_method0_work_proxy"":18.47442563222631,""log1p_n_configurations"":10.994353247005408,""method0_work_proxy"":105521536,""n_configurations"":59536}"
cd0fdd6068cb653f83090725dc598e16ed902e1d0425fac8e3638dfdccb126f6,ebd64ea61531b3df7511f5cc05de6ac35f84d636d34c3d754f41ccfcc38976cb,0,2026-08-01T02:09:19.177604Z,2026-08-01T02:10:37.690113Z,true,,measured,1,fe4s4-prefix-0244,cca24426f5786ff5b669dd5de6a90a6a813dc9d6f72e5a787156b707db549e03,amd-cpu-16,cpu,16,78.40097830099694,75.799548,0.006516,,,36,244,244,59536,105521536,47.68359375,,"{""alpha"":{""bit_length"":36,""count"":244,""file_bytes"":9028,""occupancy_max"":27,""occupancy_mean"":27.0,""occupancy_min"":27,""occupancy_variance"":0.0,""path"":""/home/nagan/autosbd-sc26-rg/data/derived/amd_fe4s4_prefixes/AlphaDets_n0244.txt"",""sha256"":""b1aa7e60cfde6adc39f9271bb2c6d8d15774a694e746e66bab44db9842748f68"",""unique_count"":244},""beta"":{""bit_length"":36,""count"":244,""file_bytes"":9028,""occupancy_max"":27,""occupancy_mean"":27.0,""occupancy_min"":27,""occupancy_variance"":0.0,""path"":""/home/nagan/autosbd-sc26-rg/data/derived/amd_fe4s4_prefixes/AlphaDets_n0244.txt"",""sha256"":""b1aa7e60cfde6adc39f9271bb2c6d8d15774a694e746e66bab44db9842748f68"",""unique_count"":244},""beta_reuses_alpha"":true,""combined_input_sha256"":""cca24426f5786ff5b669dd5de6a90a6a813dc9d6f72e5a787156b707db549e03"",""connectivity"":{""alpha"":{""determinants"":244,""directed_double_edges"":50544,""directed_single_edges"":8748,""double_degree_max"":208,""double_degree_mean"":207.14754098360655,""double_degree_min"":0,""double_edge_density"":0.8524590163934426,""single_degree_max"":243,""single_degree_mean"":35.85245901639344,""single_degree_min"":35,""single_edge_density"":0.14754098360655737,""unordered_pair_comparisons"":29646},""beta"":{""determinants"":244,""directed_double_edges"":50544,""directed_single_edges"":8748,""double_degree_max"":208,""double_degree_mean"":207.14754098360655,""double_degree_min"":0,""double_edge_density"":0.8524590163934426,""single_degree_max"":243,""single_degree_mean"":35.85245901639344,""single_degree_min"":35,""single_edge_density"":0.14754098360655737,""unordered_pair_comparisons"":29646},""pair_comparisons"":59292},""connectivity_pair_limit"":1000000,""fcidump"":{""compact_two_electron_slots"":222111,""core_integrals"":1,""exact_zero_integrals"":1,""file_bytes"":9584950,""integral_records"":222778,""isym"":1,""max_abs_integral"":13.43276387194341,""ms2"":0,""n_electrons"":54,""n_orbitals"":36,""one_electron_integrals"":666,""orbsym"":[1,1,1,1,1,1,1,1,1,1,1,1,1,1,1,1,1,1,1,1,1,1,1,1,1,1,1,1,1,1,1,1,1,1,1,1],""path"":""/home/nagan/autosbd-sc26-rg/external/amd-sbd/samples/selected_basis_diagonalization/fcidump_Fe4S4.txt"",""sha256"":""9a74e2035f76218f1d02aa641a5be256c0b685f0382b1612fc261117dd1b6e93"",""source_integral_doubles"":229887,""sum_abs_integrals"":1054.5633693506882,""two_electron_fill_density"":1.0,""two_electron_integrals"":222111},""log1p_method0_work_proxy"":18.47442563222631,""log1p_n_configurations"":10.994353247005408,""method0_work_proxy"":105521536,""n_configurations"":59536}"
59d3cbb3055441d0d7168152439e2498c621d47c40ce248ed863243e538039ad,df5832739e6822f5c34aa00cdb30d5622593d75c90c852a19dd0185cb3383cc0,0,2026-08-01T02:10:38.692335Z,2026-08-01T02:10:56.071576Z,true,,measured,1,fe4s4-prefix-0244,cca24426f5786ff5b669dd5de6a90a6a813dc9d6f72e5a787156b707db549e03,amd-l4-default,gpu,1,17.261023300001398,15.537744,0.013976,,,36,244,244,59536,105521536,145.125,198.0,"{""alpha"":{""bit_length"":36,""count"":244,""file_bytes"":9028,""occupancy_max"":27,""occupancy_mean"":27.0,""occupancy_min"":27,""occupancy_variance"":0.0,""path"":""/home/nagan/autosbd-sc26-rg/data/derived/amd_fe4s4_prefixes/AlphaDets_n0244.txt"",""sha256"":""b1aa7e60cfde6adc39f9271bb2c6d8d15774a694e746e66bab44db9842748f68"",""unique_count"":244},""beta"":{""bit_length"":36,""count"":244,""file_bytes"":9028,""occupancy_max"":27,""occupancy_mean"":27.0,""occupancy_min"":27,""occupancy_variance"":0.0,""path"":""/home/nagan/autosbd-sc26-rg/data/derived/amd_fe4s4_prefixes/AlphaDets_n0244.txt"",""sha256"":""b1aa7e60cfde6adc39f9271bb2c6d8d15774a694e746e66bab44db9842748f68"",""unique_count"":244},""beta_reuses_alpha"":true,""combined_input_sha256"":""cca24426f5786ff5b669dd5de6a90a6a813dc9d6f72e5a787156b707db549e03"",""connectivity"":{""alpha"":{""determinants"":244,""directed_double_edges"":50544,""directed_single_edges"":8748,""double_degree_max"":208,""double_degree_mean"":207.14754098360655,""double_degree_min"":0,""double_edge_density"":0.8524590163934426,""single_degree_max"":243,""single_degree_mean"":35.85245901639344,""single_degree_min"":35,""single_edge_density"":0.14754098360655737,""unordered_pair_comparisons"":29646},""beta"":{""determinants"":244,""directed_double_edges"":50544,""directed_single_edges"":8748,""double_degree_max"":208,""double_degree_mean"":207.14754098360655,""double_degree_min"":0,""double_edge_density"":0.8524590163934426,""single_degree_max"":243,""single_degree_mean"":35.85245901639344,""single_degree_min"":35,""single_edge_density"":0.14754098360655737,""unordered_pair_comparisons"":29646},""pair_comparisons"":59292},""connectivity_pair_limit"":1000000,""fcidump"":{""compact_two_electron_slots"":222111,""core_integrals"":1,""exact_zero_integrals"":1,""file_bytes"":9584950,""integral_records"":222778,""isym"":1,""max_abs_integral"":13.43276387194341,""ms2"":0,""n_electrons"":54,""n_orbitals"":36,""one_electron_integrals"":666,""orbsym"":[1,1,1,1,1,1,1,1,1,1,1,1,1,1,1,1,1,1,1,1,1,1,1,1,1,1,1,1,1,1,1,1,1,1,1,1],""path"":""/home/nagan/autosbd-sc26-rg/external/amd-sbd/samples/selected_basis_diagonalization/fcidump_Fe4S4.txt"",""sha256"":""9a74e2035f76218f1d02aa641a5be256c0b685f0382b1612fc261117dd1b6e93"",""source_integral_doubles"":229887,""sum_abs_integrals"":1054.5633693506882,""two_electron_fill_density"":1.0,""two_electron_integrals"":222111},""log1p_method0_work_proxy"":18.47442563222631,""log1p_n_configurations"":10.994353247005408,""method0_work_proxy"":105521536,""n_configurations"":59536}"
59b9121a07f1615d994aedf7c68b836687b0eb1ad1e262a5d1a9a79a1e4d52c8,87a22eeafa450844752460a2066737543e3be88934ed36debed04e72f505c421,0,2026-08-01T02:10:57.083795Z,2026-08-01T02:12:15.508276Z,true,,measured,2,fe4s4-prefix-0244,cca24426f5786ff5b669dd5de6a90a6a813dc9d6f72e5a787156b707db549e03,amd-cpu-16,cpu,16,78.31708765999792,75.723995,0.006866,,,36,244,244,59536,105521536,47.71875,,"{""alpha"":{""bit_length"":36,""count"":244,""file_bytes"":9028,""occupancy_max"":27,""occupancy_mean"":27.0,""occupancy_min"":27,""occupancy_variance"":0.0,""path"":""/home/nagan/autosbd-sc26-rg/data/derived/amd_fe4s4_prefixes/AlphaDets_n0244.txt"",""sha256"":""b1aa7e60cfde6adc39f9271bb2c6d8d15774a694e746e66bab44db9842748f68"",""unique_count"":244},""beta"":{""bit_length"":36,""count"":244,""file_bytes"":9028,""occupancy_max"":27,""occupancy_mean"":27.0,""occupancy_min"":27,""occupancy_variance"":0.0,""path"":""/home/nagan/autosbd-sc26-rg/data/derived/amd_fe4s4_prefixes/AlphaDets_n0244.txt"",""sha256"":""b1aa7e60cfde6adc39f9271bb2c6d8d15774a694e746e66bab44db9842748f68"",""unique_count"":244},""beta_reuses_alpha"":true,""combined_input_sha256"":""cca24426f5786ff5b669dd5de6a90a6a813dc9d6f72e5a787156b707db549e03"",""connectivity"":{""alpha"":{""determinants"":244,""directed_double_edges"":50544,""directed_single_edges"":8748,""double_degree_max"":208,""double_degree_mean"":207.14754098360655,""double_degree_min"":0,""double_edge_density"":0.8524590163934426,""single_degree_max"":243,""single_degree_mean"":35.85245901639344,""single_degree_min"":35,""single_edge_density"":0.14754098360655737,""unordered_pair_comparisons"":29646},""beta"":{""determinants"":244,""directed_double_edges"":50544,""directed_single_edges"":8748,""double_degree_max"":208,""double_degree_mean"":207.14754098360655,""double_degree_min"":0,""double_edge_density"":0.8524590163934426,""single_degree_max"":243,""single_degree_mean"":35.85245901639344,""single_degree_min"":35,""single_edge_density"":0.14754098360655737,""unordered_pair_comparisons"":29646},""pair_comparisons"":59292},""connectivity_pair_limit"":1000000,""fcidump"":{""compact_two_electron_slots"":222111,""core_integrals"":1,""exact_zero_integrals"":1,""file_bytes"":9584950,""integral_records"":222778,""isym"":1,""max_abs_integral"":13.43276387194341,""ms2"":0,""n_electrons"":54,""n_orbitals"":36,""one_electron_integrals"":666,""orbsym"":[1,1,1,1,1,1,1,1,1,1,1,1,1,1,1,1,1,1,1,1,1,1,1,1,1,1,1,1,1,1,1,1,1,1,1,1],""path"":""/home/nagan/autosbd-sc26-rg/external/amd-sbd/samples/selected_basis_diagonalization/fcidump_Fe4S4.txt"",""sha256"":""9a74e2035f76218f1d02aa641a5be256c0b685f0382b1612fc261117dd1b6e93"",""source_integral_doubles"":229887,""sum_abs_integrals"":1054.5633693506882,""two_electron_fill_density"":1.0,""two_electron_integrals"":222111},""log1p_method0_work_proxy"":18.47442563222631,""log1p_n_configurations"":10.994353247005408,""method0_work_proxy"":105521536,""n_configurations"":59536}"
f304cde049ba0b9a8dd4a4598e3b2597b47dad11c306546a1a8753b8ad54b195,8a976934e3456ea41f68ee9a670ab259d7aa96aebd22842c664cc83b4cb8b303,0,2026-08-01T02:12:16.513729Z,2026-08-01T02:12:33.792739Z,true,,measured,2,fe4s4-prefix-0244,cca24426f5786ff5b669dd5de6a90a6a813dc9d6f72e5a787156b707db549e03,amd-l4-default,gpu,1,17.16303656299715,15.499699,0.014112999999999999,,,36,244,244,59536,105521536,145.08203125,198.0,"{""alpha"":{""bit_length"":36,""count"":244,""file_bytes"":9028,""occupancy_max"":27,""occupancy_mean"":27.0,""occupancy_min"":27,""occupancy_variance"":0.0,""path"":""/home/nagan/autosbd-sc26-rg/data/derived/amd_fe4s4_prefixes/AlphaDets_n0244.txt"",""sha256"":""b1aa7e60cfde6adc39f9271bb2c6d8d15774a694e746e66bab44db9842748f68"",""unique_count"":244},""beta"":{""bit_length"":36,""count"":244,""file_bytes"":9028,""occupancy_max"":27,""occupancy_mean"":27.0,""occupancy_min"":27,""occupancy_variance"":0.0,""path"":""/home/nagan/autosbd-sc26-rg/data/derived/amd_fe4s4_prefixes/AlphaDets_n0244.txt"",""sha256"":""b1aa7e60cfde6adc39f9271bb2c6d8d15774a694e746e66bab44db9842748f68"",""unique_count"":244},""beta_reuses_alpha"":true,""combined_input_sha256"":""cca24426f5786ff5b669dd5de6a90a6a813dc9d6f72e5a787156b707db549e03"",""connectivity"":{""alpha"":{""determinants"":244,""directed_double_edges"":50544,""directed_single_edges"":8748,""double_degree_max"":208,""double_degree_mean"":207.14754098360655,""double_degree_min"":0,""double_edge_density"":0.8524590163934426,""single_degree_max"":243,""single_degree_mean"":35.85245901639344,""single_degree_min"":35,""single_edge_density"":0.14754098360655737,""unordered_pair_comparisons"":29646},""beta"":{""determinants"":244,""directed_double_edges"":50544,""directed_single_edges"":8748,""double_degree_max"":208,""double_degree_mean"":207.14754098360655,""double_degree_min"":0,""double_edge_density"":0.8524590163934426,""single_degree_max"":243,""single_degree_mean"":35.85245901639344,""single_degree_min"":35,""single_edge_density"":0.14754098360655737,""unordered_pair_comparisons"":29646},""pair_comparisons"":59292},""connectivity_pair_limit"":1000000,""fcidump"":{""compact_two_electron_slots"":222111,""core_integrals"":1,""exact_zero_integrals"":1,""file_bytes"":9584950,""integral_records"":222778,""isym"":1,""max_abs_integral"":13.43276387194341,""ms2"":0,""n_electrons"":54,""n_orbitals"":36,""one_electron_integrals"":666,""orbsym"":[1,1,1,1,1,1,1,1,1,1,1,1,1,1,1,1,1,1,1,1,1,1,1,1,1,1,1,1,1,1,1,1,1,1,1,1],""path"":""/home/nagan/autosbd-sc26-rg/external/amd-sbd/samples/selected_basis_diagonalization/fcidump_Fe4S4.txt"",""sha256"":""9a74e2035f76218f1d02aa641a5be256c0b685f0382b1612fc261117dd1b6e93"",""source_integral_doubles"":229887,""sum_abs_integrals"":1054.5633693506882,""two_electron_fill_density"":1.0,""two_electron_integrals"":222111},""log1p_method0_work_proxy"":18.47442563222631,""log1p_n_configurations"":10.994353247005408,""method0_work_proxy"":105521536,""n_configurations"":59536}"
