trial_id,logical_trial_id,attempt_index,timestamp_utc,finished_timestamp_utc,included,exclusion_reasons,phase,repetition,problem_instance,input_sha256,candidate_name,backend,cpu_threads,wall_time_s,solver_time_s,initialization_time_s,matvec_time_s,transfer_time_s,n_orbitals,n_alpha_strings,n_beta_strings,n_configurations,estimated_work,peak_host_rss_mb,peak_gpu_memory_mb,input_features_json
4d80b460ad16db719a8dd0d72efd5251aa6eb28c5ec28c0b6ae1fa8da578a8c1,862287a2b2060617ddc8f430978c3143bb485c433d09f69bbd458dc2490c6543,0,2026-08-01T01:09:44.954219Z,2026-08-01T01:09:46.483335Z,false,timing_ineligible;warmup,warmup,0,fe4s4-prefix-0032,f103fd51dd08c7654df2db110936ac379bd103b817b518083fa50ae85cc66390,amd-cpu-16,cpu,16,1.4122533120025764,0.268153,0.0028250000000000003,,,36,32,32,1024,679168,43.3984375,,"{""alpha"":{""bit_length"":36,""count"":32,""file_bytes"":1184,""occupancy_max"":27,""occupancy_mean"":27.0,""occupancy_min"":27,""occupancy_variance"":0.0,""path"":""/home/nagan/autosbd-sc26-rg/data/derived/amd_fe4s4_prefixes/AlphaDets_n0032.txt"",""sha256"":""5f2beadb720d61c467a3ee8ee9f127152e1a69b2edcdad3139d74888d5d4cbc8"",""unique_count"":32},""beta"":{""bit_length"":36,""count"":32,""file_bytes"":1184,""occupancy_max"":27,""occupancy_mean"":27.0,""occupancy_min"":27,""occupancy_variance"":0.0,""path"":""/home/nagan/autosbd-sc26-rg/data/derived/amd_fe4s4_prefixes/AlphaDets_n0032.txt"",""sha256"":""5f2beadb720d61c467a3ee8ee9f127152e1a69b2edcdad3139d74888d5d4cbc8"",""unique_count"":32},""beta_reuses_alpha"":true,""combined_input_sha256"":""f103fd51dd08c7654df2db110936ac379bd103b817b518083fa50ae85cc66390"",""connectivity"":{""alpha"":{""determinants"":32,""directed_double_edges"":208,""directed_single_edges"":784,""double_degree_max"":26,""double_degree_mean"":6.5,""double_degree_min"":0,""double_edge_density"":0.20967741935483872,""single_degree_max"":31,""single_degree_mean"":24.5,""single_degree_min"":5,""single_edge_density"":0.7903225806451613,""unordered_pair_comparisons"":496},""beta"":{""determinants"":32,""directed_double_edges"":208,""directed_single_edges"":784,""double_degree_max"":26,""double_degree_mean"":6.5,""double_degree_min"":0,""double_edge_density"":0.20967741935483872,""single_degree_max"":31,""single_degree_mean"":24.5,""single_degree_min"":5,""single_edge_density"":0.7903225806451613,""unordered_pair_comparisons"":496},""pair_comparisons"":992},""connectivity_pair_limit"":1000000,""fcidump"":{""compact_two_electron_slots"":222111,""core_integrals"":1,""exact_zero_integrals"":1,""file_bytes"":9584950,""integral_records"":222778,""isym"":1,""max_abs_integral"":13.43276387194341,""ms2"":0,""n_electrons"":54,""n_orbitals"":36,""one_electron_integrals"":666,""orbsym"":[1,1,1,1,1,1,1,1,1,1,1,1,1,1,1,1,1,1,1,1,1,1,1,1,1,1,1,1,1,1,1,1,1,1,1,1],""path"":""/home/nagan/autosbd-sc26-rg/external/amd-sbd/samples/selected_basis_diagonalization/fcidump_Fe4S4.txt"",""sha256"":""9a74e2035f76218f1d02aa641a5be256c0b685f0382b1612fc261117dd1b6e93"",""source_integral_doubles"":229887,""sum_abs_integrals"":1054.5633693506882,""two_electron_fill_density"":1.0,""two_electron_integrals"":222111},""log1p_method0_work_proxy"":13.428625271005966,""log1p_n_configurations"":6.932447891572509,""method0_work_proxy"":679168,""n_configurations"":1024}"
a5f77f629f419a4eb8b9e55bd49c71873ec790b9994713ccf108a88d7b699950,c99e29b688042b85e7ca547ddea036e4c5740e7ece68bc3e8a64b87c070c0489,0,2026-08-01T01:09:47.470718Z,2026-08-01T01:09:49.220596Z,false,timing_ineligible;warmup,warmup,0,fe4s4-prefix-0032,f103fd51dd08c7654df2db110936ac379bd103b817b518083fa50ae85cc66390,amd-l4-default,gpu,1,1.6348311969995848,0.154285,0.00039,,,36,32,32,1024,679168,128.39453125,194.0,"{""alpha"":{""bit_length"":36,""count"":32,""file_bytes"":1184,""occupancy_max"":27,""occupancy_mean"":27.0,""occupancy_min"":27,""occupancy_variance"":0.0,""path"":""/home/nagan/autosbd-sc26-rg/data/derived/amd_fe4s4_prefixes/AlphaDets_n0032.txt"",""sha256"":""5f2beadb720d61c467a3ee8ee9f127152e1a69b2edcdad3139d74888d5d4cbc8"",""unique_count"":32},""beta"":{""bit_length"":36,""count"":32,""file_bytes"":1184,""occupancy_max"":27,""occupancy_mean"":27.0,""occupancy_min"":27,""occupancy_variance"":0.0,""path"":""/home/nagan/autosbd-sc26-rg/data/derived/amd_fe4s4_prefixes/AlphaDets_n0032.txt"",""sha256"":""5f2beadb720d61c467a3ee8ee9f127152e1a69b2edcdad3139d74888d5d4cbc8"",""unique_count"":32},""beta_reuses_alpha"":true,""combined_input_sha256"":""f103fd51dd08c7654df2db110936ac379bd103b817b518083fa50ae85cc66390"",""connectivity"":{""alpha"":{""determinants"":32,""directed_double_edges"":208,""directed_single_edges"":784,""double_degree_max"":26,""double_degree_mean"":6.5,""double_degree_min"":0,""double_edge_density"":0.20967741935483872,""single_degree_max"":31,""single_degree_mean"":24.5,""single_degree_min"":5,""single_edge_density"":0.7903225806451613,""unordered_pair_comparisons"":496},""beta"":{""determinants"":32,""directed_double_edges"":208,""directed_single_edges"":784,""double_degree_max"":26,""double_degree_mean"":6.5,""double_degree_min"":0,""double_edge_density"":0.20967741935483872,""single_degree_max"":31,""single_degree_mean"":24.5,""single_degree_min"":5,""single_edge_density"":0.7903225806451613,""unordered_pair_comparisons"":496},""pair_comparisons"":992},""connectivity_pair_limit"":1000000,""fcidump"":{""compact_two_electron_slots"":222111,""core_integrals"":1,""exact_zero_integrals"":1,""file_bytes"":9584950,""integral_records"":222778,""isym"":1,""max_abs_integral"":13.43276387194341,""ms2"":0,""n_electrons"":54,""n_orbitals"":36,""one_electron_integrals"":666,""orbsym"":[1,1,1,1,1,1,1,1,1,1,1,1,1,1,1,1,1,1,1,1,1,1,1,1,1,1,1,1,1,1,1,1,1,1,1,1],""path"":""/home/nagan/autosbd-sc26-rg/external/amd-sbd/samples/selected_basis_diagonalization/fcidump_Fe4S4.txt"",""sha256"":""9a74e2035f76218f1d02aa641a5be256c0b685f0382b1612fc261117dd1b6e93"",""source_integral_doubles"":229887,""sum_abs_integrals"":1054.5633693506882,""two_electron_fill_density"":1.0,""two_electron_integrals"":222111},""log1p_method0_work_proxy"":13.428625271005966,""log1p_n_configurations"":6.932447891572509,""method0_work_proxy"":679168,""n_configurations"":1024}"
37e9df4031045fd854078dd88befde2de45109b744cd6fe3c26a21728adb37fb,dfd5e4c0867460919ee06f84c187be3138142b8757c45ec16822c18a66f7b4a1,0,2026-08-01T01:09:50.197129Z,2026-08-01T01:09:52.176869Z,false,timing_ineligible;warmup,warmup,0,fe4s4-prefix-0055,9e7200c65761a843b0d95d70dc1680653805434675077bb83579fcfa0852bba7,amd-l4-default,gpu,1,1.8694728190021124,0.448145,0.000887,,,36,55,55,3025,2782081,129.02734375,194.0,"{""alpha"":{""bit_length"":36,""count"":55,""file_bytes"":2035,""occupancy_max"":27,""occupancy_mean"":27.0,""occupancy_min"":27,""occupancy_variance"":0.0,""path"":""/home/nagan/autosbd-sc26-rg/data/derived/amd_fe4s4_prefixes/AlphaDets_n0055.txt"",""sha256"":""2b296f3011a87e9bf7f9682b8de25e78442ac6bcb47942bf8003ecdeb65d3ef1"",""unique_count"":55},""beta"":{""bit_length"":36,""count"":55,""file_bytes"":2035,""occupancy_max"":27,""occupancy_mean"":27.0,""occupancy_min"":27,""occupancy_variance"":0.0,""path"":""/home/nagan/autosbd-sc26-rg/data/derived/amd_fe4s4_prefixes/AlphaDets_n0055.txt"",""sha256"":""2b296f3011a87e9bf7f9682b8de25e78442ac6bcb47942bf8003ecdeb65d3ef1"",""unique_count"":55},""beta_reuses_alpha"":true,""combined_input_sha256"":""9e7200c65761a843b0d95d70dc1680653805434675077bb83579fcfa0852bba7"",""connectivity"":{""alpha"":{""determinants"":55,""directed_double_edges"":1404,""directed_single_edges"":1566,""double_degree_max"":26,""double_degree_mean"":25.527272727272727,""double_degree_min"":0,""double_edge_density"":0.4727272727272727,""single_degree_max"":54,""single_degree_mean"":28.472727272727273,""single_degree_min"":28,""single_edge_density"":0.5272727272727272,""unordered_pair_comparisons"":1485},""beta"":{""determinants"":55,""directed_double_edges"":1404,""directed_single_edges"":1566,""double_degree_max"":26,""double_degree_mean"":25.527272727272727,""double_degree_min"":0,""double_edge_density"":0.4727272727272727,""single_degree_max"":54,""single_degree_mean"":28.472727272727273,""single_degree_min"":28,""single_edge_density"":0.5272727272727272,""unordered_pair_comparisons"":1485},""pair_comparisons"":2970},""connectivity_pair_limit"":1000000,""fcidump"":{""compact_two_electron_slots"":222111,""core_integrals"":1,""exact_zero_integrals"":1,""file_bytes"":9584950,""integral_records"":222778,""isym"":1,""max_abs_integral"":13.43276387194341,""ms2"":0,""n_electrons"":54,""n_orbitals"":36,""one_electron_integrals"":666,""orbsym"":[1,1,1,1,1,1,1,1,1,1,1,1,1,1,1,1,1,1,1,1,1,1,1,1,1,1,1,1,1,1,1,1,1,1,1,1],""path"":""/home/nagan/autosbd-sc26-rg/external/amd-sbd/samples/selected_basis_diagonalization/fcidump_Fe4S4.txt"",""sha256"":""9a74e2035f76218f1d02aa641a5be256c0b685f0382b1612fc261117dd1b6e93"",""source_integral_doubles"":229887,""sum_abs_integrals"":1054.5633693506882,""two_electron_fill_density"":1.0,""two_electron_integrals"":222111},""log1p_method0_work_proxy"":14.83871012622884,""log1p_n_configurations"":8.0149968943483,""method0_work_proxy"":2782081,""n_configurations"":3025}"
1b2f7462ccd4ae032c9070557b579b1a14efb1394cca7893b77f6b726329900a,57b5f2efd4f9e143bb564badb97c601de8243307ef25da672206a827bc08bd0d,0,2026-08-01T01:09:53.150526Z,2026-08-01T01:09:55.677076Z,false,timing_ineligible;warmup,warmup,0,fe4s4-prefix-0055,9e7200c65761a843b0d95d70dc1680653805434675077bb83579fcfa0852bba7,amd-cpu-16,cpu,16,2.4170793240045896,1.238762,0.002792,,,36,55,55,3025,2782081,43.38671875,,"{""alpha"":{""bit_length"":36,""count"":55,""file_bytes"":2035,""occupancy_max"":27,""occupancy_mean"":27.0,""occupancy_min"":27,""occupancy_variance"":0.0,""path"":""/home/nagan/autosbd-sc26-rg/data/derived/amd_fe4s4_prefixes/AlphaDets_n0055.txt"",""sha256"":""2b296f3011a87e9bf7f9682b8de25e78442ac6bcb47942bf8003ecdeb65d3ef1"",""unique_count"":55},""beta"":{""bit_length"":36,""count"":55,""file_bytes"":2035,""occupancy_max"":27,""occupancy_mean"":27.0,""occupancy_min"":27,""occupancy_variance"":0.0,""path"":""/home/nagan/autosbd-sc26-rg/data/derived/amd_fe4s4_prefixes/AlphaDets_n0055.txt"",""sha256"":""2b296f3011a87e9bf7f9682b8de25e78442ac6bcb47942bf8003ecdeb65d3ef1"",""unique_count"":55},""beta_reuses_alpha"":true,""combined_input_sha256"":""9e7200c65761a843b0d95d70dc1680653805434675077bb83579fcfa0852bba7"",""connectivity"":{""alpha"":{""determinants"":55,""directed_double_edges"":1404,""directed_single_edges"":1566,""double_degree_max"":26,""double_degree_mean"":25.527272727272727,""double_degree_min"":0,""double_edge_density"":0.4727272727272727,""single_degree_max"":54,""single_degree_mean"":28.472727272727273,""single_degree_min"":28,""single_edge_density"":0.5272727272727272,""unordered_pair_comparisons"":1485},""beta"":{""determinants"":55,""directed_double_edges"":1404,""directed_single_edges"":1566,""double_degree_max"":26,""double_degree_mean"":25.527272727272727,""double_degree_min"":0,""double_edge_density"":0.4727272727272727,""single_degree_max"":54,""single_degree_mean"":28.472727272727273,""single_degree_min"":28,""single_edge_density"":0.5272727272727272,""unordered_pair_comparisons"":1485},""pair_comparisons"":2970},""connectivity_pair_limit"":1000000,""fcidump"":{""compact_two_electron_slots"":222111,""core_integrals"":1,""exact_zero_integrals"":1,""file_bytes"":9584950,""integral_records"":222778,""isym"":1,""max_abs_integral"":13.43276387194341,""ms2"":0,""n_electrons"":54,""n_orbitals"":36,""one_electron_integrals"":666,""orbsym"":[1,1,1,1,1,1,1,1,1,1,1,1,1,1,1,1,1,1,1,1,1,1,1,1,1,1,1,1,1,1,1,1,1,1,1,1],""path"":""/home/nagan/autosbd-sc26-rg/external/amd-sbd/samples/selected_basis_diagonalization/fcidump_Fe4S4.txt"",""sha256"":""9a74e2035f76218f1d02aa641a5be256c0b685f0382b1612fc261117dd1b6e93"",""source_integral_doubles"":229887,""sum_abs_integrals"":1054.5633693506882,""two_electron_fill_density"":1.0,""two_electron_integrals"":222111},""log1p_method0_work_proxy"":14.83871012622884,""log1p_n_configurations"":8.0149968943483,""method0_work_proxy"":2782081,""n_configurations"":3025}"
95f18489b726822544d9b83103332471063cbbdf68551c6414fa16289771cf4c,3687f0f92d8ba91a5cccc05bfd6d5e4df455b8d0bcb9d6471e3aae0f105661e0,0,2026-08-01T01:09:56.651346Z,2026-08-01T01:10:02.401932Z,false,timing_ineligible;warmup,warmup,0,fe4s4-prefix-0100,8388d0e2a075126004890ad88c3680722226870440793d7d97242885ebfc7eda,amd-cpu-16,cpu,16,5.635392477001005,4.388622,0.003098,,,36,100,100,10000,10284400,43.34765625,,"{""alpha"":{""bit_length"":36,""count"":100,""file_bytes"":3700,""occupancy_max"":27,""occupancy_mean"":27.0,""occupancy_min"":27,""occupancy_variance"":0.0,""path"":""/home/nagan/autosbd-sc26-rg/data/derived/amd_fe4s4_prefixes/AlphaDets_n0100.txt"",""sha256"":""2722d475430a07b416dce775f7daa5e084aa49f90d27b8cd756ecf45c4b96a8a"",""unique_count"":100},""beta"":{""bit_length"":36,""count"":100,""file_bytes"":3700,""occupancy_max"":27,""occupancy_mean"":27.0,""occupancy_min"":27,""occupancy_variance"":0.0,""path"":""/home/nagan/autosbd-sc26-rg/data/derived/amd_fe4s4_prefixes/AlphaDets_n0100.txt"",""sha256"":""2722d475430a07b416dce775f7daa5e084aa49f90d27b8cd756ecf45c4b96a8a"",""unique_count"":100},""beta_reuses_alpha"":true,""combined_input_sha256"":""8388d0e2a075126004890ad88c3680722226870440793d7d97242885ebfc7eda"",""connectivity"":{""alpha"":{""determinants"":100,""directed_double_edges"":7020,""directed_single_edges"":2880,""double_degree_max"":78,""double_degree_mean"":70.2,""double_degree_min"":0,""double_edge_density"":0.7090909090909091,""single_degree_max"":99,""single_degree_mean"":28.8,""single_degree_min"":21,""single_edge_density"":0.2909090909090909,""unordered_pair_comparisons"":4950},""beta"":{""determinants"":100,""directed_double_edges"":7020,""directed_single_edges"":2880,""double_degree_max"":78,""double_degree_mean"":70.2,""double_degree_min"":0,""double_edge_density"":0.7090909090909091,""single_degree_max"":99,""single_degree_mean"":28.8,""single_degree_min"":21,""single_edge_density"":0.2909090909090909,""unordered_pair_comparisons"":4950},""pair_comparisons"":9900},""connectivity_pair_limit"":1000000,""fcidump"":{""compact_two_electron_slots"":222111,""core_integrals"":1,""exact_zero_integrals"":1,""file_bytes"":9584950,""integral_records"":222778,""isym"":1,""max_abs_integral"":13.43276387194341,""ms2"":0,""n_electrons"":54,""n_orbitals"":36,""one_electron_integrals"":666,""orbsym"":[1,1,1,1,1,1,1,1,1,1,1,1,1,1,1,1,1,1,1,1,1,1,1,1,1,1,1,1,1,1,1,1,1,1,1,1],""path"":""/home/nagan/autosbd-sc26-rg/external/amd-sbd/samples/selected_basis_diagonalization/fcidump_Fe4S4.txt"",""sha256"":""9a74e2035f76218f1d02aa641a5be256c0b685f0382b1612fc261117dd1b6e93"",""source_integral_doubles"":229887,""sum_abs_integrals"":1054.5633693506882,""two_electron_fill_density"":1.0,""two_electron_integrals"":222111},""log1p_method0_work_proxy"":16.146138839217606,""log1p_n_configurations"":9.210440366976517,""method0_work_proxy"":10284400,""n_configurations"":10000}"
f35d82c34a6f8d94df53a6b955aa9501a279193ed7ba1e0091efb3cbe7f13c63,7e5ac290b4c97676455c8284453bb823dc95eb5bcb14f39d750aabc619e428d5,0,2026-08-01T01:10:03.381154Z,2026-08-01T01:10:06.317463Z,false,timing_ineligible;warmup,warmup,0,fe4s4-prefix-0100,8388d0e2a075126004890ad88c3680722226870440793d7d97242885ebfc7eda,amd-l4-default,gpu,1,2.8197294040000997,1.442899,0.002671,,,36,100,100,10000,10284400,131.21875,194.0,"{""alpha"":{""bit_length"":36,""count"":100,""file_bytes"":3700,""occupancy_max"":27,""occupancy_mean"":27.0,""occupancy_min"":27,""occupancy_variance"":0.0,""path"":""/home/nagan/autosbd-sc26-rg/data/derived/amd_fe4s4_prefixes/AlphaDets_n0100.txt"",""sha256"":""2722d475430a07b416dce775f7daa5e084aa49f90d27b8cd756ecf45c4b96a8a"",""unique_count"":100},""beta"":{""bit_length"":36,""count"":100,""file_bytes"":3700,""occupancy_max"":27,""occupancy_mean"":27.0,""occupancy_min"":27,""occupancy_variance"":0.0,""path"":""/home/nagan/autosbd-sc26-rg/data/derived/amd_fe4s4_prefixes/AlphaDets_n0100.txt"",""sha256"":""2722d475430a07b416dce775f7daa5e084aa49f90d27b8cd756ecf45c4b96a8a"",""unique_count"":100},""beta_reuses_alpha"":true,""combined_input_sha256"":""8388d0e2a075126004890ad88c3680722226870440793d7d97242885ebfc7eda"",""connectivity"":{""alpha"":{""determinants"":100,""directed_double_edges"":7020,""directed_single_edges"":2880,""double_degree_max"":78,""double_degree_mean"":70.2,""double_degree_min"":0,""double_edge_density"":0.7090909090909091,""single_degree_max"":99,""single_degree_mean"":28.8,""single_degree_min"":21,""single_edge_density"":0.2909090909090909,""unordered_pair_comparisons"":4950},""beta"":{""determinants"":100,""directed_double_edges"":7020,""directed_single_edges"":2880,""double_degree_max"":78,""double_degree_mean"":70.2,""double_degree_min"":0,""double_edge_density"":0.7090909090909091,""single_degree_max"":99,""single_degree_mean"":28.8,""single_degree_min"":21,""single_edge_density"":0.2909090909090909,""unordered_pair_comparisons"":4950},""pair_comparisons"":9900},""connectivity_pair_limit"":1000000,""fcidump"":{""compact_two_electron_slots"":222111,""core_integrals"":1,""exact_zero_integrals"":1,""file_bytes"":9584950,""integral_records"":222778,""isym"":1,""max_abs_integral"":13.43276387194341,""ms2"":0,""n_electrons"":54,""n_orbitals"":36,""one_electron_integrals"":666,""orbsym"":[1,1,1,1,1,1,1,1,1,1,1,1,1,1,1,1,1,1,1,1,1,1,1,1,1,1,1,1,1,1,1,1,1,1,1,1],""path"":""/home/nagan/autosbd-sc26-rg/external/amd-sbd/samples/selected_basis_diagonalization/fcidump_Fe4S4.txt"",""sha256"":""9a74e2035f76218f1d02aa641a5be256c0b685f0382b1612fc261117dd1b6e93"",""source_integral_doubles"":229887,""sum_abs_integrals"":1054.5633693506882,""two_electron_fill_density"":1.0,""two_electron_integrals"":222111},""log1p_method0_work_proxy"":16.146138839217606,""log1p_n_configurations"":9.210440366976517,""method0_work_proxy"":10284400,""n_configurations"":10000}"
84c49de363351dce7ccea810c996051e72e494e7bb10792c7d2208565c4ac759,23f9337e378df380a32bb62563bec1ba8bb495fb1d0270ab0b5c6739b681800d,0,2026-08-01T01:10:07.303974Z,2026-08-01T01:10:37.393234Z,false,timing_ineligible;warmup,warmup,0,fe4s4-prefix-0174,b4c93c6609f07ed1321fab96ec8683bd081fbfb8bd8682e97882a624a0ec6e77,amd-cpu-16,cpu,16,29.97856978300115,28.222129,0.0045520000000000005,,,36,174,174,30276,41977872,43.359375,,"{""alpha"":{""bit_length"":36,""count"":174,""file_bytes"":6438,""occupancy_max"":27,""occupancy_mean"":27.0,""occupancy_min"":27,""occupancy_variance"":0.0,""path"":""/home/nagan/autosbd-sc26-rg/data/derived/amd_fe4s4_prefixes/AlphaDets_n0174.txt"",""sha256"":""bad29cfa68e324ae9a63b22bf5d18e86f6766a2f251371ae92ab6080e1c33b67"",""unique_count"":174},""beta"":{""bit_length"":36,""count"":174,""file_bytes"":6438,""occupancy_max"":27,""occupancy_mean"":27.0,""occupancy_min"":27,""occupancy_variance"":0.0,""path"":""/home/nagan/autosbd-sc26-rg/data/derived/amd_fe4s4_prefixes/AlphaDets_n0174.txt"",""sha256"":""bad29cfa68e324ae9a63b22bf5d18e86f6766a2f251371ae92ab6080e1c33b67"",""unique_count"":174},""beta_reuses_alpha"":true,""combined_input_sha256"":""b4c93c6609f07ed1321fab96ec8683bd081fbfb8bd8682e97882a624a0ec6e77"",""connectivity"":{""alpha"":{""determinants"":174,""directed_double_edges"":24492,""directed_single_edges"":5610,""double_degree_max"":156,""double_degree_mean"":140.75862068965517,""double_degree_min"":0,""double_edge_density"":0.8136336456049432,""single_degree_max"":173,""single_degree_mean"":32.241379310344826,""single_degree_min"":17,""single_edge_density"":0.1863663543950568,""unordered_pair_comparisons"":15051},""beta"":{""determinants"":174,""directed_double_edges"":24492,""directed_single_edges"":5610,""double_degree_max"":156,""double_degree_mean"":140.75862068965517,""double_degree_min"":0,""double_edge_density"":0.8136336456049432,""single_degree_max"":173,""single_degree_mean"":32.241379310344826,""single_degree_min"":17,""single_edge_density"":0.1863663543950568,""unordered_pair_comparisons"":15051},""pair_comparisons"":30102},""connectivity_pair_limit"":1000000,""fcidump"":{""compact_two_electron_slots"":222111,""core_integrals"":1,""exact_zero_integrals"":1,""file_bytes"":9584950,""integral_records"":222778,""isym"":1,""max_abs_integral"":13.43276387194341,""ms2"":0,""n_electrons"":54,""n_orbitals"":36,""one_electron_integrals"":666,""orbsym"":[1,1,1,1,1,1,1,1,1,1,1,1,1,1,1,1,1,1,1,1,1,1,1,1,1,1,1,1,1,1,1,1,1,1,1,1],""path"":""/home/nagan/autosbd-sc26-rg/external/amd-sbd/samples/selected_basis_diagonalization/fcidump_Fe4S4.txt"",""sha256"":""9a74e2035f76218f1d02aa641a5be256c0b685f0382b1612fc261117dd1b6e93"",""source_integral_doubles"":229887,""sum_abs_integrals"":1054.5633693506882,""two_electron_fill_density"":1.0,""two_electron_integrals"":222111},""log1p_method0_work_proxy"":17.552653204088866,""log1p_n_configurations"":10.318143627345878,""method0_work_proxy"":41977872,""n_configurations"":30276}"
88b8c3db069fa8bf7385bb15268ec339b85c701bfcc42ac8feedee3f6c9e7a16,c956282713d28293016cb2d77a2614c2ff782aefad2f668b295530f31807e73b,0,2026-08-01T01:10:38.375504Z,2026-08-01T01:10:47.247119Z,false,timing_ineligible;warmup,warmup,0,fe4s4-prefix-0174,b4c93c6609f07ed1321fab96ec8683bd081fbfb8bd8682e97882a624a0ec6e77,amd-l4-default,gpu,1,8.756143974002043,7.249734999999999,0.007469999999999999,,,36,174,174,30276,41977872,137.77734375,196.0,"{""alpha"":{""bit_length"":36,""count"":174,""file_bytes"":6438,""occupancy_max"":27,""occupancy_mean"":27.0,""occupancy_min"":27,""occupancy_variance"":0.0,""path"":""/home/nagan/autosbd-sc26-rg/data/derived/amd_fe4s4_prefixes/AlphaDets_n0174.txt"",""sha256"":""bad29cfa68e324ae9a63b22bf5d18e86f6766a2f251371ae92ab6080e1c33b67"",""unique_count"":174},""beta"":{""bit_length"":36,""count"":174,""file_bytes"":6438,""occupancy_max"":27,""occupancy_mean"":27.0,""occupancy_min"":27,""occupancy_variance"":0.0,""path"":""/home/nagan/autosbd-sc26-rg/data/derived/amd_fe4s4_prefixes/AlphaDets_n0174.txt"",""sha256"":""bad29cfa68e324ae9a63b22bf5d18e86f6766a2f251371ae92ab6080e1c33b67"",""unique_count"":174},""beta_reuses_alpha"":true,""combined_input_sha256"":""b4c93c6609f07ed1321fab96ec8683bd081fbfb8bd8682e97882a624a0ec6e77"",""connectivity"":{""alpha"":{""determinants"":174,""directed_double_edges"":24492,""directed_single_edges"":5610,""double_degree_max"":156,""double_degree_mean"":140.75862068965517,""double_degree_min"":0,""double_edge_density"":0.8136336456049432,""single_degree_max"":173,""single_degree_mean"":32.241379310344826,""single_degree_min"":17,""single_edge_density"":0.1863663543950568,""unordered_pair_comparisons"":15051},""beta"":{""determinants"":174,""directed_double_edges"":24492,""directed_single_edges"":5610,""double_degree_max"":156,""double_degree_mean"":140.75862068965517,""double_degree_min"":0,""double_edge_density"":0.8136336456049432,""single_degree_max"":173,""single_degree_mean"":32.241379310344826,""single_degree_min"":17,""single_edge_density"":0.1863663543950568,""unordered_pair_comparisons"":15051},""pair_comparisons"":30102},""connectivity_pair_limit"":1000000,""fcidump"":{""compact_two_electron_slots"":222111,""core_integrals"":1,""exact_zero_integrals"":1,""file_bytes"":9584950,""integral_records"":222778,""isym"":1,""max_abs_integral"":13.43276387194341,""ms2"":0,""n_electrons"":54,""n_orbitals"":36,""one_electron_integrals"":666,""orbsym"":[1,1,1,1,1,1,1,1,1,1,1,1,1,1,1,1,1,1,1,1,1,1,1,1,1,1,1,1,1,1,1,1,1,1,1,1],""path"":""/home/nagan/autosbd-sc26-rg/external/amd-sbd/samples/selected_basis_diagonalization/fcidump_Fe4S4.txt"",""sha256"":""9a74e2035f76218f1d02aa641a5be256c0b685f0382b1612fc261117dd1b6e93"",""source_integral_doubles"":229887,""sum_abs_integrals"":1054.5633693506882,""two_electron_fill_density"":1.0,""two_electron_integrals"":222111},""log1p_method0_work_proxy"":17.552653204088866,""log1p_n_configurations"":10.318143627345878,""method0_work_proxy"":41977872,""n_configurations"":30276}"
8dcb1bd51f281ed82c5e8080a55c7d29d9e6624708aa48ac115b6709476a6519,a30fc11d4342827303a0e220a82040604ef92d1a39ee132eafecb5a3cf52b6cb,0,2026-08-01T01:10:48.225305Z,2026-08-01T01:11:05.444895Z,false,timing_ineligible;warmup,warmup,0,fe4s4-prefix-0244,cca24426f5786ff5b669dd5de6a90a6a813dc9d6f72e5a787156b707db549e03,amd-l4-default,gpu,1,17.11010351299774,15.520033,0.014268,,,36,244,244,59536,105521536,145.10546875,198.0,"{""alpha"":{""bit_length"":36,""count"":244,""file_bytes"":9028,""occupancy_max"":27,""occupancy_mean"":27.0,""occupancy_min"":27,""occupancy_variance"":0.0,""path"":""/home/nagan/autosbd-sc26-rg/data/derived/amd_fe4s4_prefixes/AlphaDets_n0244.txt"",""sha256"":""b1aa7e60cfde6adc39f9271bb2c6d8d15774a694e746e66bab44db9842748f68"",""unique_count"":244},""beta"":{""bit_length"":36,""count"":244,""file_bytes"":9028,""occupancy_max"":27,""occupancy_mean"":27.0,""occupancy_min"":27,""occupancy_variance"":0.0,""path"":""/home/nagan/autosbd-sc26-rg/data/derived/amd_fe4s4_prefixes/AlphaDets_n0244.txt"",""sha256"":""b1aa7e60cfde6adc39f9271bb2c6d8d15774a694e746e66bab44db9842748f68"",""unique_count"":244},""beta_reuses_alpha"":true,""combined_input_sha256"":""cca24426f5786ff5b669dd5de6a90a6a813dc9d6f72e5a787156b707db549e03"",""connectivity"":{""alpha"":{""determinants"":244,""directed_double_edges"":50544,""directed_single_edges"":8748,""double_degree_max"":208,""double_degree_mean"":207.14754098360655,""double_degree_min"":0,""double_edge_density"":0.8524590163934426,""single_degree_max"":243,""single_degree_mean"":35.85245901639344,""single_degree_min"":35,""single_edge_density"":0.14754098360655737,""unordered_pair_comparisons"":29646},""beta"":{""determinants"":244,""directed_double_edges"":50544,""directed_single_edges"":8748,""double_degree_max"":208,""double_degree_mean"":207.14754098360655,""double_degree_min"":0,""double_edge_density"":0.8524590163934426,""single_degree_max"":243,""single_degree_mean"":35.85245901639344,""single_degree_min"":35,""single_edge_density"":0.14754098360655737,""unordered_pair_comparisons"":29646},""pair_comparisons"":59292},""connectivity_pair_limit"":1000000,""fcidump"":{""compact_two_electron_slots"":222111,""core_integrals"":1,""exact_zero_integrals"":1,""file_bytes"":9584950,""integral_records"":222778,""isym"":1,""max_abs_integral"":13.43276387194341,""ms2"":0,""n_electrons"":54,""n_orbitals"":36,""one_electron_integrals"":666,""orbsym"":[1,1,1,1,1,1,1,1,1,1,1,1,1,1,1,1,1,1,1,1,1,1,1,1,1,1,1,1,1,1,1,1,1,1,1,1],""path"":""/home/nagan/autosbd-sc26-rg/external/amd-sbd/samples/selected_basis_diagonalization/fcidump_Fe4S4.txt"",""sha256"":""9a74e2035f76218f1d02aa641a5be256c0b685f0382b1612fc261117dd1b6e93"",""source_integral_doubles"":229887,""sum_abs_integrals"":1054.5633693506882,""two_electron_fill_density"":1.0,""two_electron_integrals"":222111},""log1p_method0_work_proxy"":18.47442563222631,""log1p_n_configurations"":10.994353247005408,""method0_work_proxy"":105521536,""n_configurations"":59536}"
77a5579d6a932531a8ba9cc7c01d3235ed7e5e98d7c5daa107df6f979b74f669,db2745afcea914df0c0fe8489b4a4520da68e829d86b77d810c45832b18c0d1e,0,2026-08-01T01:11:06.415840Z,2026-08-01T01:12:25.163252Z,false,timing_ineligible;warmup,warmup,0,fe4s4-prefix-0244,cca24426f5786ff5b669dd5de6a90a6a813dc9d6f72e5a787156b707db549e03,amd-cpu-16,cpu,16,78.6394422930025,75.931604,0.006527999999999999,,,36,244,244,59536,105521536,47.625,,"{""alpha"":{""bit_length"":36,""count"":244,""file_bytes"":9028,""occupancy_max"":27,""occupancy_mean"":27.0,""occupancy_min"":27,""occupancy_variance"":0.0,""path"":""/home/nagan/autosbd-sc26-rg/data/derived/amd_fe4s4_prefixes/AlphaDets_n0244.txt"",""sha256"":""b1aa7e60cfde6adc39f9271bb2c6d8d15774a694e746e66bab44db9842748f68"",""unique_count"":244},""beta"":{""bit_length"":36,""count"":244,""file_bytes"":9028,""occupancy_max"":27,""occupancy_mean"":27.0,""occupancy_min"":27,""occupancy_variance"":0.0,""path"":""/home/nagan/autosbd-sc26-rg/data/derived/amd_fe4s4_prefixes/AlphaDets_n0244.txt"",""sha256"":""b1aa7e60cfde6adc39f9271bb2c6d8d15774a694e746e66bab44db9842748f68"",""unique_count"":244},""beta_reuses_alpha"":true,""combined_input_sha256"":""cca24426f5786ff5b669dd5de6a90a6a813dc9d6f72e5a787156b707db549e03"",""connectivity"":{""alpha"":{""determinants"":244,""directed_double_edges"":50544,""directed_single_edges"":8748,""double_degree_max"":208,""double_degree_mean"":207.14754098360655,""double_degree_min"":0,""double_edge_density"":0.8524590163934426,""single_degree_max"":243,""single_degree_mean"":35.85245901639344,""single_degree_min"":35,""single_edge_density"":0.14754098360655737,""unordered_pair_comparisons"":29646},""beta"":{""determinants"":244,""directed_double_edges"":50544,""directed_single_edges"":8748,""double_degree_max"":208,""double_degree_mean"":207.14754098360655,""double_degree_min"":0,""double_edge_density"":0.8524590163934426,""single_degree_max"":243,""single_degree_mean"":35.85245901639344,""single_degree_min"":35,""single_edge_density"":0.14754098360655737,""unordered_pair_comparisons"":29646},""pair_comparisons"":59292},""connectivity_pair_limit"":1000000,""fcidump"":{""compact_two_electron_slots"":222111,""core_integrals"":1,""exact_zero_integrals"":1,""file_bytes"":9584950,""integral_records"":222778,""isym"":1,""max_abs_integral"":13.43276387194341,""ms2"":0,""n_electrons"":54,""n_orbitals"":36,""one_electron_integrals"":666,""orbsym"":[1,1,1,1,1,1,1,1,1,1,1,1,1,1,1,1,1,1,1,1,1,1,1,1,1,1,1,1,1,1,1,1,1,1,1,1],""path"":""/home/nagan/autosbd-sc26-rg/external/amd-sbd/samples/selected_basis_diagonalization/fcidump_Fe4S4.txt"",""sha256"":""9a74e2035f76218f1d02aa641a5be256c0b685f0382b1612fc261117dd1b6e93"",""source_integral_doubles"":229887,""sum_abs_integrals"":1054.5633693506882,""two_electron_fill_density"":1.0,""two_electron_integrals"":222111},""log1p_method0_work_proxy"":18.47442563222631,""log1p_n_configurations"":10.994353247005408,""method0_work_proxy"":105521536,""n_configurations"":59536}"
c1f46570e5eb16916af4a3902ef799697b7e10a8226f9913797f64b237f239a1,122649f06d397f85b62ab6d9927925e94ead91b189fee3086e0d0f847d071928,0,2026-08-01T01:12:26.145987Z,2026-08-01T01:12:27.888020Z,true,,measured,0,fe4s4-prefix-0032,f103fd51dd08c7654df2db110936ac379bd103b817b518083fa50ae85cc66390,amd-l4-default,gpu,1,1.6263662540004589,0.154056,0.000354,,,36,32,32,1024,679168,128.34375,194.0,"{""alpha"":{""bit_length"":36,""count"":32,""file_bytes"":1184,""occupancy_max"":27,""occupancy_mean"":27.0,""occupancy_min"":27,""occupancy_variance"":0.0,""path"":""/home/nagan/autosbd-sc26-rg/data/derived/amd_fe4s4_prefixes/AlphaDets_n0032.txt"",""sha256"":""5f2beadb720d61c467a3ee8ee9f127152e1a69b2edcdad3139d74888d5d4cbc8"",""unique_count"":32},""beta"":{""bit_length"":36,""count"":32,""file_bytes"":1184,""occupancy_max"":27,""occupancy_mean"":27.0,""occupancy_min"":27,""occupancy_variance"":0.0,""path"":""/home/nagan/autosbd-sc26-rg/data/derived/amd_fe4s4_prefixes/AlphaDets_n0032.txt"",""sha256"":""5f2beadb720d61c467a3ee8ee9f127152e1a69b2edcdad3139d74888d5d4cbc8"",""unique_count"":32},""beta_reuses_alpha"":true,""combined_input_sha256"":""f103fd51dd08c7654df2db110936ac379bd103b817b518083fa50ae85cc66390"",""connectivity"":{""alpha"":{""determinants"":32,""directed_double_edges"":208,""directed_single_edges"":784,""double_degree_max"":26,""double_degree_mean"":6.5,""double_degree_min"":0,""double_edge_density"":0.20967741935483872,""single_degree_max"":31,""single_degree_mean"":24.5,""single_degree_min"":5,""single_edge_density"":0.7903225806451613,""unordered_pair_comparisons"":496},""beta"":{""determinants"":32,""directed_double_edges"":208,""directed_single_edges"":784,""double_degree_max"":26,""double_degree_mean"":6.5,""double_degree_min"":0,""double_edge_density"":0.20967741935483872,""single_degree_max"":31,""single_degree_mean"":24.5,""single_degree_min"":5,""single_edge_density"":0.7903225806451613,""unordered_pair_comparisons"":496},""pair_comparisons"":992},""connectivity_pair_limit"":1000000,""fcidump"":{""compact_two_electron_slots"":222111,""core_integrals"":1,""exact_zero_integrals"":1,""file_bytes"":9584950,""integral_records"":222778,""isym"":1,""max_abs_integral"":13.43276387194341,""ms2"":0,""n_electrons"":54,""n_orbitals"":36,""one_electron_integrals"":666,""orbsym"":[1,1,1,1,1,1,1,1,1,1,1,1,1,1,1,1,1,1,1,1,1,1,1,1,1,1,1,1,1,1,1,1,1,1,1,1],""path"":""/home/nagan/autosbd-sc26-rg/external/amd-sbd/samples/selected_basis_diagonalization/fcidump_Fe4S4.txt"",""sha256"":""9a74e2035f76218f1d02aa641a5be256c0b685f0382b1612fc261117dd1b6e93"",""source_integral_doubles"":229887,""sum_abs_integrals"":1054.5633693506882,""two_electron_fill_density"":1.0,""two_electron_integrals"":222111},""log1p_method0_work_proxy"":13.428625271005966,""log1p_n_configurations"":6.932447891572509,""method0_work_proxy"":679168,""n_configurations"":1024}"
e059dbfc8ab402e395b41d467b03fe39cf1d601e4ed4db4162e92e96f31474b8,3cf633e6b2f139fd0c0ce5e68d4ea724de9b692dcece57e9c4cef9b89b9c5458,0,2026-08-01T01:12:28.859295Z,2026-08-01T01:12:30.379355Z,true,,measured,0,fe4s4-prefix-0032,f103fd51dd08c7654df2db110936ac379bd103b817b518083fa50ae85cc66390,amd-cpu-16,cpu,16,1.411638931997004,0.260026,0.0026539999999999997,,,36,32,32,1024,679168,43.31640625,,"{""alpha"":{""bit_length"":36,""count"":32,""file_bytes"":1184,""occupancy_max"":27,""occupancy_mean"":27.0,""occupancy_min"":27,""occupancy_variance"":0.0,""path"":""/home/nagan/autosbd-sc26-rg/data/derived/amd_fe4s4_prefixes/AlphaDets_n0032.txt"",""sha256"":""5f2beadb720d61c467a3ee8ee9f127152e1a69b2edcdad3139d74888d5d4cbc8"",""unique_count"":32},""beta"":{""bit_length"":36,""count"":32,""file_bytes"":1184,""occupancy_max"":27,""occupancy_mean"":27.0,""occupancy_min"":27,""occupancy_variance"":0.0,""path"":""/home/nagan/autosbd-sc26-rg/data/derived/amd_fe4s4_prefixes/AlphaDets_n0032.txt"",""sha256"":""5f2beadb720d61c467a3ee8ee9f127152e1a69b2edcdad3139d74888d5d4cbc8"",""unique_count"":32},""beta_reuses_alpha"":true,""combined_input_sha256"":""f103fd51dd08c7654df2db110936ac379bd103b817b518083fa50ae85cc66390"",""connectivity"":{""alpha"":{""determinants"":32,""directed_double_edges"":208,""directed_single_edges"":784,""double_degree_max"":26,""double_degree_mean"":6.5,""double_degree_min"":0,""double_edge_density"":0.20967741935483872,""single_degree_max"":31,""single_degree_mean"":24.5,""single_degree_min"":5,""single_edge_density"":0.7903225806451613,""unordered_pair_comparisons"":496},""beta"":{""determinants"":32,""directed_double_edges"":208,""directed_single_edges"":784,""double_degree_max"":26,""double_degree_mean"":6.5,""double_degree_min"":0,""double_edge_density"":0.20967741935483872,""single_degree_max"":31,""single_degree_mean"":24.5,""single_degree_min"":5,""single_edge_density"":0.7903225806451613,""unordered_pair_comparisons"":496},""pair_comparisons"":992},""connectivity_pair_limit"":1000000,""fcidump"":{""compact_two_electron_slots"":222111,""core_integrals"":1,""exact_zero_integrals"":1,""file_bytes"":9584950,""integral_records"":222778,""isym"":1,""max_abs_integral"":13.43276387194341,""ms2"":0,""n_electrons"":54,""n_orbitals"":36,""one_electron_integrals"":666,""orbsym"":[1,1,1,1,1,1,1,1,1,1,1,1,1,1,1,1,1,1,1,1,1,1,1,1,1,1,1,1,1,1,1,1,1,1,1,1],""path"":""/home/nagan/autosbd-sc26-rg/external/amd-sbd/samples/selected_basis_diagonalization/fcidump_Fe4S4.txt"",""sha256"":""9a74e2035f76218f1d02aa641a5be256c0b685f0382b1612fc261117dd1b6e93"",""source_integral_doubles"":229887,""sum_abs_integrals"":1054.5633693506882,""two_electron_fill_density"":1.0,""two_electron_integrals"":222111},""log1p_method0_work_proxy"":13.428625271005966,""log1p_n_configurations"":6.932447891572509,""method0_work_proxy"":679168,""n_configurations"":1024}"
96582c3f7dcb942b9b091d34a47074f620f61e9d6c4a19c4bf1514077bea7197,ab418a13c3b7024cc84530396a22e0e498bb708196072d9fb8c72f219640d8b4,0,2026-08-01T01:12:31.360483Z,2026-08-01T01:12:33.411793Z,true,,measured,0,fe4s4-prefix-0055,9e7200c65761a843b0d95d70dc1680653805434675077bb83579fcfa0852bba7,amd-l4-default,gpu,1,1.9363074720022269,0.448547,0.000865,,,36,55,55,3025,2782081,129.01953125,194.0,"{""alpha"":{""bit_length"":36,""count"":55,""file_bytes"":2035,""occupancy_max"":27,""occupancy_mean"":27.0,""occupancy_min"":27,""occupancy_variance"":0.0,""path"":""/home/nagan/autosbd-sc26-rg/data/derived/amd_fe4s4_prefixes/AlphaDets_n0055.txt"",""sha256"":""2b296f3011a87e9bf7f9682b8de25e78442ac6bcb47942bf8003ecdeb65d3ef1"",""unique_count"":55},""beta"":{""bit_length"":36,""count"":55,""file_bytes"":2035,""occupancy_max"":27,""occupancy_mean"":27.0,""occupancy_min"":27,""occupancy_variance"":0.0,""path"":""/home/nagan/autosbd-sc26-rg/data/derived/amd_fe4s4_prefixes/AlphaDets_n0055.txt"",""sha256"":""2b296f3011a87e9bf7f9682b8de25e78442ac6bcb47942bf8003ecdeb65d3ef1"",""unique_count"":55},""beta_reuses_alpha"":true,""combined_input_sha256"":""9e7200c65761a843b0d95d70dc1680653805434675077bb83579fcfa0852bba7"",""connectivity"":{""alpha"":{""determinants"":55,""directed_double_edges"":1404,""directed_single_edges"":1566,""double_degree_max"":26,""double_degree_mean"":25.527272727272727,""double_degree_min"":0,""double_edge_density"":0.4727272727272727,""single_degree_max"":54,""single_degree_mean"":28.472727272727273,""single_degree_min"":28,""single_edge_density"":0.5272727272727272,""unordered_pair_comparisons"":1485},""beta"":{""determinants"":55,""directed_double_edges"":1404,""directed_single_edges"":1566,""double_degree_max"":26,""double_degree_mean"":25.527272727272727,""double_degree_min"":0,""double_edge_density"":0.4727272727272727,""single_degree_max"":54,""single_degree_mean"":28.472727272727273,""single_degree_min"":28,""single_edge_density"":0.5272727272727272,""unordered_pair_comparisons"":1485},""pair_comparisons"":2970},""connectivity_pair_limit"":1000000,""fcidump"":{""compact_two_electron_slots"":222111,""core_integrals"":1,""exact_zero_integrals"":1,""file_bytes"":9584950,""integral_records"":222778,""isym"":1,""max_abs_integral"":13.43276387194341,""ms2"":0,""n_electrons"":54,""n_orbitals"":36,""one_electron_integrals"":666,""orbsym"":[1,1,1,1,1,1,1,1,1,1,1,1,1,1,1,1,1,1,1,1,1,1,1,1,1,1,1,1,1,1,1,1,1,1,1,1],""path"":""/home/nagan/autosbd-sc26-rg/external/amd-sbd/samples/selected_basis_diagonalization/fcidump_Fe4S4.txt"",""sha256"":""9a74e2035f76218f1d02aa641a5be256c0b685f0382b1612fc261117dd1b6e93"",""source_integral_doubles"":229887,""sum_abs_integrals"":1054.5633693506882,""two_electron_fill_density"":1.0,""two_electron_integrals"":222111},""log1p_method0_work_proxy"":14.83871012622884,""log1p_n_configurations"":8.0149968943483,""method0_work_proxy"":2782081,""n_configurations"":3025}"
64af98614e64fe74146bdc2ba45760491f91d4eafb301c539b1a98d09e45a9e5,b770d93c2ddf8f980f6bb36802f4e2896b2534bea4f4ca7c471cfcf2e8b1853d,0,2026-08-01T01:12:34.395912Z,2026-08-01T01:12:36.921149Z,true,,measured,0,fe4s4-prefix-0055,9e7200c65761a843b0d95d70dc1680653805434675077bb83579fcfa0852bba7,amd-cpu-16,cpu,16,2.4178249460019288,1.258032,0.0028550000000000003,,,36,55,55,3025,2782081,43.390625,,"{""alpha"":{""bit_length"":36,""count"":55,""file_bytes"":2035,""occupancy_max"":27,""occupancy_mean"":27.0,""occupancy_min"":27,""occupancy_variance"":0.0,""path"":""/home/nagan/autosbd-sc26-rg/data/derived/amd_fe4s4_prefixes/AlphaDets_n0055.txt"",""sha256"":""2b296f3011a87e9bf7f9682b8de25e78442ac6bcb47942bf8003ecdeb65d3ef1"",""unique_count"":55},""beta"":{""bit_length"":36,""count"":55,""file_bytes"":2035,""occupancy_max"":27,""occupancy_mean"":27.0,""occupancy_min"":27,""occupancy_variance"":0.0,""path"":""/home/nagan/autosbd-sc26-rg/data/derived/amd_fe4s4_prefixes/AlphaDets_n0055.txt"",""sha256"":""2b296f3011a87e9bf7f9682b8de25e78442ac6bcb47942bf8003ecdeb65d3ef1"",""unique_count"":55},""beta_reuses_alpha"":true,""combined_input_sha256"":""9e7200c65761a843b0d95d70dc1680653805434675077bb83579fcfa0852bba7"",""connectivity"":{""alpha"":{""determinants"":55,""directed_double_edges"":1404,""directed_single_edges"":1566,""double_degree_max"":26,""double_degree_mean"":25.527272727272727,""double_degree_min"":0,""double_edge_density"":0.4727272727272727,""single_degree_max"":54,""single_degree_mean"":28.472727272727273,""single_degree_min"":28,""single_edge_density"":0.5272727272727272,""unordered_pair_comparisons"":1485},""beta"":{""determinants"":55,""directed_double_edges"":1404,""directed_single_edges"":1566,""double_degree_max"":26,""double_degree_mean"":25.527272727272727,""double_degree_min"":0,""double_edge_density"":0.4727272727272727,""single_degree_max"":54,""single_degree_mean"":28.472727272727273,""single_degree_min"":28,""single_edge_density"":0.5272727272727272,""unordered_pair_comparisons"":1485},""pair_comparisons"":2970},""connectivity_pair_limit"":1000000,""fcidump"":{""compact_two_electron_slots"":222111,""core_integrals"":1,""exact_zero_integrals"":1,""file_bytes"":9584950,""integral_records"":222778,""isym"":1,""max_abs_integral"":13.43276387194341,""ms2"":0,""n_electrons"":54,""n_orbitals"":36,""one_electron_integrals"":666,""orbsym"":[1,1,1,1,1,1,1,1,1,1,1,1,1,1,1,1,1,1,1,1,1,1,1,1,1,1,1,1,1,1,1,1,1,1,1,1],""path"":""/home/nagan/autosbd-sc26-rg/external/amd-sbd/samples/selected_basis_diagonalization/fcidump_Fe4S4.txt"",""sha256"":""9a74e2035f76218f1d02aa641a5be256c0b685f0382b1612fc261117dd1b6e93"",""source_integral_doubles"":229887,""sum_abs_integrals"":1054.5633693506882,""two_electron_fill_density"":1.0,""two_electron_integrals"":222111},""log1p_method0_work_proxy"":14.83871012622884,""log1p_n_configurations"":8.0149968943483,""method0_work_proxy"":2782081,""n_configurations"":3025}"
aadf64a56d1236b7026e197c600de37ea25117ef07e9cefb565d2add5b181087,c02feef5de088889374be75d1f5fc499ff097ee459113429031b34f89600d90c,0,2026-08-01T01:12:37.899202Z,2026-08-01T01:12:43.650537Z,true,,measured,0,fe4s4-prefix-0100,8388d0e2a075126004890ad88c3680722226870440793d7d97242885ebfc7eda,amd-cpu-16,cpu,16,5.635352830999182,4.415712,0.003296,,,36,100,100,10000,10284400,43.39453125,,"{""alpha"":{""bit_length"":36,""count"":100,""file_bytes"":3700,""occupancy_max"":27,""occupancy_mean"":27.0,""occupancy_min"":27,""occupancy_variance"":0.0,""path"":""/home/nagan/autosbd-sc26-rg/data/derived/amd_fe4s4_prefixes/AlphaDets_n0100.txt"",""sha256"":""2722d475430a07b416dce775f7daa5e084aa49f90d27b8cd756ecf45c4b96a8a"",""unique_count"":100},""beta"":{""bit_length"":36,""count"":100,""file_bytes"":3700,""occupancy_max"":27,""occupancy_mean"":27.0,""occupancy_min"":27,""occupancy_variance"":0.0,""path"":""/home/nagan/autosbd-sc26-rg/data/derived/amd_fe4s4_prefixes/AlphaDets_n0100.txt"",""sha256"":""2722d475430a07b416dce775f7daa5e084aa49f90d27b8cd756ecf45c4b96a8a"",""unique_count"":100},""beta_reuses_alpha"":true,""combined_input_sha256"":""8388d0e2a075126004890ad88c3680722226870440793d7d97242885ebfc7eda"",""connectivity"":{""alpha"":{""determinants"":100,""directed_double_edges"":7020,""directed_single_edges"":2880,""double_degree_max"":78,""double_degree_mean"":70.2,""double_degree_min"":0,""double_edge_density"":0.7090909090909091,""single_degree_max"":99,""single_degree_mean"":28.8,""single_degree_min"":21,""single_edge_density"":0.2909090909090909,""unordered_pair_comparisons"":4950},""beta"":{""determinants"":100,""directed_double_edges"":7020,""directed_single_edges"":2880,""double_degree_max"":78,""double_degree_mean"":70.2,""double_degree_min"":0,""double_edge_density"":0.7090909090909091,""single_degree_max"":99,""single_degree_mean"":28.8,""single_degree_min"":21,""single_edge_density"":0.2909090909090909,""unordered_pair_comparisons"":4950},""pair_comparisons"":9900},""connectivity_pair_limit"":1000000,""fcidump"":{""compact_two_electron_slots"":222111,""core_integrals"":1,""exact_zero_integrals"":1,""file_bytes"":9584950,""integral_records"":222778,""isym"":1,""max_abs_integral"":13.43276387194341,""ms2"":0,""n_electrons"":54,""n_orbitals"":36,""one_electron_integrals"":666,""orbsym"":[1,1,1,1,1,1,1,1,1,1,1,1,1,1,1,1,1,1,1,1,1,1,1,1,1,1,1,1,1,1,1,1,1,1,1,1],""path"":""/home/nagan/autosbd-sc26-rg/external/amd-sbd/samples/selected_basis_diagonalization/fcidump_Fe4S4.txt"",""sha256"":""9a74e2035f76218f1d02aa641a5be256c0b685f0382b1612fc261117dd1b6e93"",""source_integral_doubles"":229887,""sum_abs_integrals"":1054.5633693506882,""two_electron_fill_density"":1.0,""two_electron_integrals"":222111},""log1p_method0_work_proxy"":16.146138839217606,""log1p_n_configurations"":9.210440366976517,""method0_work_proxy"":10284400,""n_configurations"":10000}"
13b9155ea6bc2817871d9822b0f710358e3bef163dcb740551321a520501f96a,7171756bf622af79c166b70cdca29e660e83668dc8e0ea180c7413e189091e86,0,2026-08-01T01:12:44.626880Z,2026-08-01T01:12:47.577766Z,true,,measured,0,fe4s4-prefix-0100,8388d0e2a075126004890ad88c3680722226870440793d7d97242885ebfc7eda,amd-l4-default,gpu,1,2.835080121003557,1.443576,0.002552,,,36,100,100,10000,10284400,131.21875,194.0,"{""alpha"":{""bit_length"":36,""count"":100,""file_bytes"":3700,""occupancy_max"":27,""occupancy_mean"":27.0,""occupancy_min"":27,""occupancy_variance"":0.0,""path"":""/home/nagan/autosbd-sc26-rg/data/derived/amd_fe4s4_prefixes/AlphaDets_n0100.txt"",""sha256"":""2722d475430a07b416dce775f7daa5e084aa49f90d27b8cd756ecf45c4b96a8a"",""unique_count"":100},""beta"":{""bit_length"":36,""count"":100,""file_bytes"":3700,""occupancy_max"":27,""occupancy_mean"":27.0,""occupancy_min"":27,""occupancy_variance"":0.0,""path"":""/home/nagan/autosbd-sc26-rg/data/derived/amd_fe4s4_prefixes/AlphaDets_n0100.txt"",""sha256"":""2722d475430a07b416dce775f7daa5e084aa49f90d27b8cd756ecf45c4b96a8a"",""unique_count"":100},""beta_reuses_alpha"":true,""combined_input_sha256"":""8388d0e2a075126004890ad88c3680722226870440793d7d97242885ebfc7eda"",""connectivity"":{""alpha"":{""determinants"":100,""directed_double_edges"":7020,""directed_single_edges"":2880,""double_degree_max"":78,""double_degree_mean"":70.2,""double_degree_min"":0,""double_edge_density"":0.7090909090909091,""single_degree_max"":99,""single_degree_mean"":28.8,""single_degree_min"":21,""single_edge_density"":0.2909090909090909,""unordered_pair_comparisons"":4950},""beta"":{""determinants"":100,""directed_double_edges"":7020,""directed_single_edges"":2880,""double_degree_max"":78,""double_degree_mean"":70.2,""double_degree_min"":0,""double_edge_density"":0.7090909090909091,""single_degree_max"":99,""single_degree_mean"":28.8,""single_degree_min"":21,""single_edge_density"":0.2909090909090909,""unordered_pair_comparisons"":4950},""pair_comparisons"":9900},""connectivity_pair_limit"":1000000,""fcidump"":{""compact_two_electron_slots"":222111,""core_integrals"":1,""exact_zero_integrals"":1,""file_bytes"":9584950,""integral_records"":222778,""isym"":1,""max_abs_integral"":13.43276387194341,""ms2"":0,""n_electrons"":54,""n_orbitals"":36,""one_electron_integrals"":666,""orbsym"":[1,1,1,1,1,1,1,1,1,1,1,1,1,1,1,1,1,1,1,1,1,1,1,1,1,1,1,1,1,1,1,1,1,1,1,1],""path"":""/home/nagan/autosbd-sc26-rg/external/amd-sbd/samples/selected_basis_diagonalization/fcidump_Fe4S4.txt"",""sha256"":""9a74e2035f76218f1d02aa641a5be256c0b685f0382b1612fc261117dd1b6e93"",""source_integral_doubles"":229887,""sum_abs_integrals"":1054.5633693506882,""two_electron_fill_density"":1.0,""two_electron_integrals"":222111},""log1p_method0_work_proxy"":16.146138839217606,""log1p_n_configurations"":9.210440366976517,""method0_work_proxy"":10284400,""n_configurations"":10000}"
bbf148905993355e8fd89deb3a63a50c396cebe7c4d1056913b74c2b21e8fc07,dadaea1b6a07db28a33e06e5977bf40b1ae46aadf92dc0285fc94156e690f891,0,2026-08-01T01:12:48.568241Z,2026-08-01T01:13:18.657502Z,true,,measured,0,fe4s4-prefix-0174,b4c93c6609f07ed1321fab96ec8683bd081fbfb8bd8682e97882a624a0ec6e77,amd-cpu-16,cpu,16,29.97807947700494,28.278726,0.004797,,,36,174,174,30276,41977872,43.30078125,,"{""alpha"":{""bit_length"":36,""count"":174,""file_bytes"":6438,""occupancy_max"":27,""occupancy_mean"":27.0,""occupancy_min"":27,""occupancy_variance"":0.0,""path"":""/home/nagan/autosbd-sc26-rg/data/derived/amd_fe4s4_prefixes/AlphaDets_n0174.txt"",""sha256"":""bad29cfa68e324ae9a63b22bf5d18e86f6766a2f251371ae92ab6080e1c33b67"",""unique_count"":174},""beta"":{""bit_length"":36,""count"":174,""file_bytes"":6438,""occupancy_max"":27,""occupancy_mean"":27.0,""occupancy_min"":27,""occupancy_variance"":0.0,""path"":""/home/nagan/autosbd-sc26-rg/data/derived/amd_fe4s4_prefixes/AlphaDets_n0174.txt"",""sha256"":""bad29cfa68e324ae9a63b22bf5d18e86f6766a2f251371ae92ab6080e1c33b67"",""unique_count"":174},""beta_reuses_alpha"":true,""combined_input_sha256"":""b4c93c6609f07ed1321fab96ec8683bd081fbfb8bd8682e97882a624a0ec6e77"",""connectivity"":{""alpha"":{""determinants"":174,""directed_double_edges"":24492,""directed_single_edges"":5610,""double_degree_max"":156,""double_degree_mean"":140.75862068965517,""double_degree_min"":0,""double_edge_density"":0.8136336456049432,""single_degree_max"":173,""single_degree_mean"":32.241379310344826,""single_degree_min"":17,""single_edge_density"":0.1863663543950568,""unordered_pair_comparisons"":15051},""beta"":{""determinants"":174,""directed_double_edges"":24492,""directed_single_edges"":5610,""double_degree_max"":156,""double_degree_mean"":140.75862068965517,""double_degree_min"":0,""double_edge_density"":0.8136336456049432,""single_degree_max"":173,""single_degree_mean"":32.241379310344826,""single_degree_min"":17,""single_edge_density"":0.1863663543950568,""unordered_pair_comparisons"":15051},""pair_comparisons"":30102},""connectivity_pair_limit"":1000000,""fcidump"":{""compact_two_electron_slots"":222111,""core_integrals"":1,""exact_zero_integrals"":1,""file_bytes"":9584950,""integral_records"":222778,""isym"":1,""max_abs_integral"":13.43276387194341,""ms2"":0,""n_electrons"":54,""n_orbitals"":36,""one_electron_integrals"":666,""orbsym"":[1,1,1,1,1,1,1,1,1,1,1,1,1,1,1,1,1,1,1,1,1,1,1,1,1,1,1,1,1,1,1,1,1,1,1,1],""path"":""/home/nagan/autosbd-sc26-rg/external/amd-sbd/samples/selected_basis_diagonalization/fcidump_Fe4S4.txt"",""sha256"":""9a74e2035f76218f1d02aa641a5be256c0b685f0382b1612fc261117dd1b6e93"",""source_integral_doubles"":229887,""sum_abs_integrals"":1054.5633693506882,""two_electron_fill_density"":1.0,""two_electron_integrals"":222111},""log1p_method0_work_proxy"":17.552653204088866,""log1p_n_configurations"":10.318143627345878,""method0_work_proxy"":41977872,""n_configurations"":30276}"
718bbe4be95bce3c1c9d093c4d1141fa32ffd952927a138989216edfad0d74b9,747d2fba238e032760afcbae3cf9b6bcb499fcf48a6469811a37f7e6140bb241,0,2026-08-01T01:13:19.665304Z,2026-08-01T01:13:28.598213Z,true,,measured,0,fe4s4-prefix-0174,b4c93c6609f07ed1321fab96ec8683bd081fbfb8bd8682e97882a624a0ec6e77,amd-l4-default,gpu,1,8.816812630997447,7.252559,0.007557,,,36,174,174,30276,41977872,137.73828125,196.0,"{""alpha"":{""bit_length"":36,""count"":174,""file_bytes"":6438,""occupancy_max"":27,""occupancy_mean"":27.0,""occupancy_min"":27,""occupancy_variance"":0.0,""path"":""/home/nagan/autosbd-sc26-rg/data/derived/amd_fe4s4_prefixes/AlphaDets_n0174.txt"",""sha256"":""bad29cfa68e324ae9a63b22bf5d18e86f6766a2f251371ae92ab6080e1c33b67"",""unique_count"":174},""beta"":{""bit_length"":36,""count"":174,""file_bytes"":6438,""occupancy_max"":27,""occupancy_mean"":27.0,""occupancy_min"":27,""occupancy_variance"":0.0,""path"":""/home/nagan/autosbd-sc26-rg/data/derived/amd_fe4s4_prefixes/AlphaDets_n0174.txt"",""sha256"":""bad29cfa68e324ae9a63b22bf5d18e86f6766a2f251371ae92ab6080e1c33b67"",""unique_count"":174},""beta_reuses_alpha"":true,""combined_input_sha256"":""b4c93c6609f07ed1321fab96ec8683bd081fbfb8bd8682e97882a624a0ec6e77"",""connectivity"":{""alpha"":{""determinants"":174,""directed_double_edges"":24492,""directed_single_edges"":5610,""double_degree_max"":156,""double_degree_mean"":140.75862068965517,""double_degree_min"":0,""double_edge_density"":0.8136336456049432,""single_degree_max"":173,""single_degree_mean"":32.241379310344826,""single_degree_min"":17,""single_edge_density"":0.1863663543950568,""unordered_pair_comparisons"":15051},""beta"":{""determinants"":174,""directed_double_edges"":24492,""directed_single_edges"":5610,""double_degree_max"":156,""double_degree_mean"":140.75862068965517,""double_degree_min"":0,""double_edge_density"":0.8136336456049432,""single_degree_max"":173,""single_degree_mean"":32.241379310344826,""single_degree_min"":17,""single_edge_density"":0.1863663543950568,""unordered_pair_comparisons"":15051},""pair_comparisons"":30102},""connectivity_pair_limit"":1000000,""fcidump"":{""compact_two_electron_slots"":222111,""core_integrals"":1,""exact_zero_integrals"":1,""file_bytes"":9584950,""integral_records"":222778,""isym"":1,""max_abs_integral"":13.43276387194341,""ms2"":0,""n_electrons"":54,""n_orbitals"":36,""one_electron_integrals"":666,""orbsym"":[1,1,1,1,1,1,1,1,1,1,1,1,1,1,1,1,1,1,1,1,1,1,1,1,1,1,1,1,1,1,1,1,1,1,1,1],""path"":""/home/nagan/autosbd-sc26-rg/external/amd-sbd/samples/selected_basis_diagonalization/fcidump_Fe4S4.txt"",""sha256"":""9a74e2035f76218f1d02aa641a5be256c0b685f0382b1612fc261117dd1b6e93"",""source_integral_doubles"":229887,""sum_abs_integrals"":1054.5633693506882,""two_electron_fill_density"":1.0,""two_electron_integrals"":222111},""log1p_method0_work_proxy"":17.552653204088866,""log1p_n_configurations"":10.318143627345878,""method0_work_proxy"":41977872,""n_configurations"":30276}"
c674e42e6c0a774f3e659bc79dd6e2ea2c3463a2b75f53c7bcb8402157ecbc23,cd2c0429375403e6aa8ecd7efb1ed68bf91fa1382a0b289feb95997ecf504664,0,2026-08-01T01:13:29.590732Z,2026-08-01T01:14:48.244213Z,true,,measured,0,fe4s4-prefix-0244,cca24426f5786ff5b669dd5de6a90a6a813dc9d6f72e5a787156b707db549e03,amd-cpu-16,cpu,16,78.54533608999918,75.974634,0.006506,,,36,244,244,59536,105521536,47.5703125,,"{""alpha"":{""bit_length"":36,""count"":244,""file_bytes"":9028,""occupancy_max"":27,""occupancy_mean"":27.0,""occupancy_min"":27,""occupancy_variance"":0.0,""path"":""/home/nagan/autosbd-sc26-rg/data/derived/amd_fe4s4_prefixes/AlphaDets_n0244.txt"",""sha256"":""b1aa7e60cfde6adc39f9271bb2c6d8d15774a694e746e66bab44db9842748f68"",""unique_count"":244},""beta"":{""bit_length"":36,""count"":244,""file_bytes"":9028,""occupancy_max"":27,""occupancy_mean"":27.0,""occupancy_min"":27,""occupancy_variance"":0.0,""path"":""/home/nagan/autosbd-sc26-rg/data/derived/amd_fe4s4_prefixes/AlphaDets_n0244.txt"",""sha256"":""b1aa7e60cfde6adc39f9271bb2c6d8d15774a694e746e66bab44db9842748f68"",""unique_count"":244},""beta_reuses_alpha"":true,""combined_input_sha256"":""cca24426f5786ff5b669dd5de6a90a6a813dc9d6f72e5a787156b707db549e03"",""connectivity"":{""alpha"":{""determinants"":244,""directed_double_edges"":50544,""directed_single_edges"":8748,""double_degree_max"":208,""double_degree_mean"":207.14754098360655,""double_degree_min"":0,""double_edge_density"":0.8524590163934426,""single_degree_max"":243,""single_degree_mean"":35.85245901639344,""single_degree_min"":35,""single_edge_density"":0.14754098360655737,""unordered_pair_comparisons"":29646},""beta"":{""determinants"":244,""directed_double_edges"":50544,""directed_single_edges"":8748,""double_degree_max"":208,""double_degree_mean"":207.14754098360655,""double_degree_min"":0,""double_edge_density"":0.8524590163934426,""single_degree_max"":243,""single_degree_mean"":35.85245901639344,""single_degree_min"":35,""single_edge_density"":0.14754098360655737,""unordered_pair_comparisons"":29646},""pair_comparisons"":59292},""connectivity_pair_limit"":1000000,""fcidump"":{""compact_two_electron_slots"":222111,""core_integrals"":1,""exact_zero_integrals"":1,""file_bytes"":9584950,""integral_records"":222778,""isym"":1,""max_abs_integral"":13.43276387194341,""ms2"":0,""n_electrons"":54,""n_orbitals"":36,""one_electron_integrals"":666,""orbsym"":[1,1,1,1,1,1,1,1,1,1,1,1,1,1,1,1,1,1,1,1,1,1,1,1,1,1,1,1,1,1,1,1,1,1,1,1],""path"":""/home/nagan/autosbd-sc26-rg/external/amd-sbd/samples/selected_basis_diagonalization/fcidump_Fe4S4.txt"",""sha256"":""9a74e2035f76218f1d02aa641a5be256c0b685f0382b1612fc261117dd1b6e93"",""source_integral_doubles"":229887,""sum_abs_integrals"":1054.5633693506882,""two_electron_fill_density"":1.0,""two_electron_integrals"":222111},""log1p_method0_work_proxy"":18.47442563222631,""log1p_n_configurations"":10.994353247005408,""method0_work_proxy"":105521536,""n_configurations"":59536}"
4ed99164c34929bf4fad80ffbd8a75e51ab9b56963d545a5aaea61a68097499f,c3a5cc0052e84bc48daad2fdd6b6afbc3feaf1e0dffa6fae88c5a4d25a085da0,0,2026-08-01T01:14:49.230505Z,2026-08-01T01:15:06.617134Z,true,,measured,0,fe4s4-prefix-0244,cca24426f5786ff5b669dd5de6a90a6a813dc9d6f72e5a787156b707db549e03,amd-l4-default,gpu,1,17.269417439005338,15.491244,0.014034999999999999,,,36,244,244,59536,105521536,145.11328125,198.0,"{""alpha"":{""bit_length"":36,""count"":244,""file_bytes"":9028,""occupancy_max"":27,""occupancy_mean"":27.0,""occupancy_min"":27,""occupancy_variance"":0.0,""path"":""/home/nagan/autosbd-sc26-rg/data/derived/amd_fe4s4_prefixes/AlphaDets_n0244.txt"",""sha256"":""b1aa7e60cfde6adc39f9271bb2c6d8d15774a694e746e66bab44db9842748f68"",""unique_count"":244},""beta"":{""bit_length"":36,""count"":244,""file_bytes"":9028,""occupancy_max"":27,""occupancy_mean"":27.0,""occupancy_min"":27,""occupancy_variance"":0.0,""path"":""/home/nagan/autosbd-sc26-rg/data/derived/amd_fe4s4_prefixes/AlphaDets_n0244.txt"",""sha256"":""b1aa7e60cfde6adc39f9271bb2c6d8d15774a694e746e66bab44db9842748f68"",""unique_count"":244},""beta_reuses_alpha"":true,""combined_input_sha256"":""cca24426f5786ff5b669dd5de6a90a6a813dc9d6f72e5a787156b707db549e03"",""connectivity"":{""alpha"":{""determinants"":244,""directed_double_edges"":50544,""directed_single_edges"":8748,""double_degree_max"":208,""double_degree_mean"":207.14754098360655,""double_degree_min"":0,""double_edge_density"":0.8524590163934426,""single_degree_max"":243,""single_degree_mean"":35.85245901639344,""single_degree_min"":35,""single_edge_density"":0.14754098360655737,""unordered_pair_comparisons"":29646},""beta"":{""determinants"":244,""directed_double_edges"":50544,""directed_single_edges"":8748,""double_degree_max"":208,""double_degree_mean"":207.14754098360655,""double_degree_min"":0,""double_edge_density"":0.8524590163934426,""single_degree_max"":243,""single_degree_mean"":35.85245901639344,""single_degree_min"":35,""single_edge_density"":0.14754098360655737,""unordered_pair_comparisons"":29646},""pair_comparisons"":59292},""connectivity_pair_limit"":1000000,""fcidump"":{""compact_two_electron_slots"":222111,""core_integrals"":1,""exact_zero_integrals"":1,""file_bytes"":9584950,""integral_records"":222778,""isym"":1,""max_abs_integral"":13.43276387194341,""ms2"":0,""n_electrons"":54,""n_orbitals"":36,""one_electron_integrals"":666,""orbsym"":[1,1,1,1,1,1,1,1,1,1,1,1,1,1,1,1,1,1,1,1,1,1,1,1,1,1,1,1,1,1,1,1,1,1,1,1],""path"":""/home/nagan/autosbd-sc26-rg/external/amd-sbd/samples/selected_basis_diagonalization/fcidump_Fe4S4.txt"",""sha256"":""9a74e2035f76218f1d02aa641a5be256c0b685f0382b1612fc261117dd1b6e93"",""source_integral_doubles"":229887,""sum_abs_integrals"":1054.5633693506882,""two_electron_fill_density"":1.0,""two_electron_integrals"":222111},""log1p_method0_work_proxy"":18.47442563222631,""log1p_n_configurations"":10.994353247005408,""method0_work_proxy"":105521536,""n_configurations"":59536}"
29a0703af2205a8b2f70142de4335cfb1a701ed7e862a37ac29ae7ddbc934668,683a44077f1fba894e4378abc72a23706c056cef094ea84ff90ff0918f6a63b6,0,2026-08-01T01:36:44.775965Z,2026-08-01T01:36:46.501770Z,false,timing_ineligible;warmup,warmup,0,fe4s4-prefix-0032,f103fd51dd08c7654df2db110936ac379bd103b817b518083fa50ae85cc66390,amd-cpu-8,cpu,8,1.6121556750003947,0.496665,0.001517,,,36,32,32,1024,679168,43.37890625,,"{""alpha"":{""bit_length"":36,""count"":32,""file_bytes"":1184,""occupancy_max"":27,""occupancy_mean"":27.0,""occupancy_min"":27,""occupancy_variance"":0.0,""path"":""/home/nagan/autosbd-sc26-rg/data/derived/amd_fe4s4_prefixes/AlphaDets_n0032.txt"",""sha256"":""5f2beadb720d61c467a3ee8ee9f127152e1a69b2edcdad3139d74888d5d4cbc8"",""unique_count"":32},""beta"":{""bit_length"":36,""count"":32,""file_bytes"":1184,""occupancy_max"":27,""occupancy_mean"":27.0,""occupancy_min"":27,""occupancy_variance"":0.0,""path"":""/home/nagan/autosbd-sc26-rg/data/derived/amd_fe4s4_prefixes/AlphaDets_n0032.txt"",""sha256"":""5f2beadb720d61c467a3ee8ee9f127152e1a69b2edcdad3139d74888d5d4cbc8"",""unique_count"":32},""beta_reuses_alpha"":true,""combined_input_sha256"":""f103fd51dd08c7654df2db110936ac379bd103b817b518083fa50ae85cc66390"",""connectivity"":{""alpha"":{""determinants"":32,""directed_double_edges"":208,""directed_single_edges"":784,""double_degree_max"":26,""double_degree_mean"":6.5,""double_degree_min"":0,""double_edge_density"":0.20967741935483872,""single_degree_max"":31,""single_degree_mean"":24.5,""single_degree_min"":5,""single_edge_density"":0.7903225806451613,""unordered_pair_comparisons"":496},""beta"":{""determinants"":32,""directed_double_edges"":208,""directed_single_edges"":784,""double_degree_max"":26,""double_degree_mean"":6.5,""double_degree_min"":0,""double_edge_density"":0.20967741935483872,""single_degree_max"":31,""single_degree_mean"":24.5,""single_degree_min"":5,""single_edge_density"":0.7903225806451613,""unordered_pair_comparisons"":496},""pair_comparisons"":992},""connectivity_pair_limit"":1000000,""fcidump"":{""compact_two_electron_slots"":222111,""core_integrals"":1,""exact_zero_integrals"":1,""file_bytes"":9584950,""integral_records"":222778,""isym"":1,""max_abs_integral"":13.43276387194341,""ms2"":0,""n_electrons"":54,""n_orbitals"":36,""one_electron_integrals"":666,""orbsym"":[1,1,1,1,1,1,1,1,1,1,1,1,1,1,1,1,1,1,1,1,1,1,1,1,1,1,1,1,1,1,1,1,1,1,1,1],""path"":""/home/nagan/autosbd-sc26-rg/external/amd-sbd/samples/selected_basis_diagonalization/fcidump_Fe4S4.txt"",""sha256"":""9a74e2035f76218f1d02aa641a5be256c0b685f0382b1612fc261117dd1b6e93"",""source_integral_doubles"":229887,""sum_abs_integrals"":1054.5633693506882,""two_electron_fill_density"":1.0,""two_electron_integrals"":222111},""log1p_method0_work_proxy"":13.428625271005966,""log1p_n_configurations"":6.932447891572509,""method0_work_proxy"":679168,""n_configurations"":1024}"
8c258492f94fd50789df2b02b183226f6d99f64bdfd1b6580f98ede2e4c5d28a,f817297ea5acedc43de21d6838aecd632e5f3275ffdb6349383ad2af9c50a17d,0,2026-08-01T01:36:47.495906Z,2026-08-01T01:36:52.432762Z,false,timing_ineligible;warmup,warmup,0,fe4s4-prefix-0032,f103fd51dd08c7654df2db110936ac379bd103b817b518083fa50ae85cc66390,amd-cpu-1,cpu,1,4.822783060997608,3.580099,0.000344,,,36,32,32,1024,679168,43.23828125,,"{""alpha"":{""bit_length"":36,""count"":32,""file_bytes"":1184,""occupancy_max"":27,""occupancy_mean"":27.0,""occupancy_min"":27,""occupancy_variance"":0.0,""path"":""/home/nagan/autosbd-sc26-rg/data/derived/amd_fe4s4_prefixes/AlphaDets_n0032.txt"",""sha256"":""5f2beadb720d61c467a3ee8ee9f127152e1a69b2edcdad3139d74888d5d4cbc8"",""unique_count"":32},""beta"":{""bit_length"":36,""count"":32,""file_bytes"":1184,""occupancy_max"":27,""occupancy_mean"":27.0,""occupancy_min"":27,""occupancy_variance"":0.0,""path"":""/home/nagan/autosbd-sc26-rg/data/derived/amd_fe4s4_prefixes/AlphaDets_n0032.txt"",""sha256"":""5f2beadb720d61c467a3ee8ee9f127152e1a69b2edcdad3139d74888d5d4cbc8"",""unique_count"":32},""beta_reuses_alpha"":true,""combined_input_sha256"":""f103fd51dd08c7654df2db110936ac379bd103b817b518083fa50ae85cc66390"",""connectivity"":{""alpha"":{""determinants"":32,""directed_double_edges"":208,""directed_single_edges"":784,""double_degree_max"":26,""double_degree_mean"":6.5,""double_degree_min"":0,""double_edge_density"":0.20967741935483872,""single_degree_max"":31,""single_degree_mean"":24.5,""single_degree_min"":5,""single_edge_density"":0.7903225806451613,""unordered_pair_comparisons"":496},""beta"":{""determinants"":32,""directed_double_edges"":208,""directed_single_edges"":784,""double_degree_max"":26,""double_degree_mean"":6.5,""double_degree_min"":0,""double_edge_density"":0.20967741935483872,""single_degree_max"":31,""single_degree_mean"":24.5,""single_degree_min"":5,""single_edge_density"":0.7903225806451613,""unordered_pair_comparisons"":496},""pair_comparisons"":992},""connectivity_pair_limit"":1000000,""fcidump"":{""compact_two_electron_slots"":222111,""core_integrals"":1,""exact_zero_integrals"":1,""file_bytes"":9584950,""integral_records"":222778,""isym"":1,""max_abs_integral"":13.43276387194341,""ms2"":0,""n_electrons"":54,""n_orbitals"":36,""one_electron_integrals"":666,""orbsym"":[1,1,1,1,1,1,1,1,1,1,1,1,1,1,1,1,1,1,1,1,1,1,1,1,1,1,1,1,1,1,1,1,1,1,1,1],""path"":""/home/nagan/autosbd-sc26-rg/external/amd-sbd/samples/selected_basis_diagonalization/fcidump_Fe4S4.txt"",""sha256"":""9a74e2035f76218f1d02aa641a5be256c0b685f0382b1612fc261117dd1b6e93"",""source_integral_doubles"":229887,""sum_abs_integrals"":1054.5633693506882,""two_electron_fill_density"":1.0,""two_electron_integrals"":222111},""log1p_method0_work_proxy"":13.428625271005966,""log1p_n_configurations"":6.932447891572509,""method0_work_proxy"":679168,""n_configurations"":1024}"
c2b69d0d191668bce244a4370fe3b33c005c4c9b2b4db985f3b0e952068730b3,a20c4f4de94172748de361262e6d9d8db34ec3d9cc18417747c5e700ce8b352a,0,2026-08-01T01:36:53.420446Z,2026-08-01T01:36:55.748100Z,false,timing_ineligible;warmup,warmup,0,fe4s4-prefix-0032,f103fd51dd08c7654df2db110936ac379bd103b817b518083fa50ae85cc66390,amd-cpu-4,cpu,4,2.2134465810013353,1.027615,0.000944,,,36,32,32,1024,679168,43.328125,,"{""alpha"":{""bit_length"":36,""count"":32,""file_bytes"":1184,""occupancy_max"":27,""occupancy_mean"":27.0,""occupancy_min"":27,""occupancy_variance"":0.0,""path"":""/home/nagan/autosbd-sc26-rg/data/derived/amd_fe4s4_prefixes/AlphaDets_n0032.txt"",""sha256"":""5f2beadb720d61c467a3ee8ee9f127152e1a69b2edcdad3139d74888d5d4cbc8"",""unique_count"":32},""beta"":{""bit_length"":36,""count"":32,""file_bytes"":1184,""occupancy_max"":27,""occupancy_mean"":27.0,""occupancy_min"":27,""occupancy_variance"":0.0,""path"":""/home/nagan/autosbd-sc26-rg/data/derived/amd_fe4s4_prefixes/AlphaDets_n0032.txt"",""sha256"":""5f2beadb720d61c467a3ee8ee9f127152e1a69b2edcdad3139d74888d5d4cbc8"",""unique_count"":32},""beta_reuses_alpha"":true,""combined_input_sha256"":""f103fd51dd08c7654df2db110936ac379bd103b817b518083fa50ae85cc66390"",""connectivity"":{""alpha"":{""determinants"":32,""directed_double_edges"":208,""directed_single_edges"":784,""double_degree_max"":26,""double_degree_mean"":6.5,""double_degree_min"":0,""double_edge_density"":0.20967741935483872,""single_degree_max"":31,""single_degree_mean"":24.5,""single_degree_min"":5,""single_edge_density"":0.7903225806451613,""unordered_pair_comparisons"":496},""beta"":{""determinants"":32,""directed_double_edges"":208,""directed_single_edges"":784,""double_degree_max"":26,""double_degree_mean"":6.5,""double_degree_min"":0,""double_edge_density"":0.20967741935483872,""single_degree_max"":31,""single_degree_mean"":24.5,""single_degree_min"":5,""single_edge_density"":0.7903225806451613,""unordered_pair_comparisons"":496},""pair_comparisons"":992},""connectivity_pair_limit"":1000000,""fcidump"":{""compact_two_electron_slots"":222111,""core_integrals"":1,""exact_zero_integrals"":1,""file_bytes"":9584950,""integral_records"":222778,""isym"":1,""max_abs_integral"":13.43276387194341,""ms2"":0,""n_electrons"":54,""n_orbitals"":36,""one_electron_integrals"":666,""orbsym"":[1,1,1,1,1,1,1,1,1,1,1,1,1,1,1,1,1,1,1,1,1,1,1,1,1,1,1,1,1,1,1,1,1,1,1,1],""path"":""/home/nagan/autosbd-sc26-rg/external/amd-sbd/samples/selected_basis_diagonalization/fcidump_Fe4S4.txt"",""sha256"":""9a74e2035f76218f1d02aa641a5be256c0b685f0382b1612fc261117dd1b6e93"",""source_integral_doubles"":229887,""sum_abs_integrals"":1054.5633693506882,""two_electron_fill_density"":1.0,""two_electron_integrals"":222111},""log1p_method0_work_proxy"":13.428625271005966,""log1p_n_configurations"":6.932447891572509,""method0_work_proxy"":679168,""n_configurations"":1024}"
6bf4c3c57b6ae4380df445f1aa44915a1b27d52922a18358bccf28c30a0c2934,c79e14d3f7be31aef3580b8025971019124be6228680631b310d05ce08e4ceac,0,2026-08-01T01:36:56.736774Z,2026-08-01T01:37:15.433239Z,false,timing_ineligible;warmup,warmup,0,fe4s4-prefix-0055,9e7200c65761a843b0d95d70dc1680653805434675077bb83579fcfa0852bba7,amd-cpu-1,cpu,1,18.58061381200241,16.797461,0.000861,,,36,55,55,3025,2782081,43.375,,"{""alpha"":{""bit_length"":36,""count"":55,""file_bytes"":2035,""occupancy_max"":27,""occupancy_mean"":27.0,""occupancy_min"":27,""occupancy_variance"":0.0,""path"":""/home/nagan/autosbd-sc26-rg/data/derived/amd_fe4s4_prefixes/AlphaDets_n0055.txt"",""sha256"":""2b296f3011a87e9bf7f9682b8de25e78442ac6bcb47942bf8003ecdeb65d3ef1"",""unique_count"":55},""beta"":{""bit_length"":36,""count"":55,""file_bytes"":2035,""occupancy_max"":27,""occupancy_mean"":27.0,""occupancy_min"":27,""occupancy_variance"":0.0,""path"":""/home/nagan/autosbd-sc26-rg/data/derived/amd_fe4s4_prefixes/AlphaDets_n0055.txt"",""sha256"":""2b296f3011a87e9bf7f9682b8de25e78442ac6bcb47942bf8003ecdeb65d3ef1"",""unique_count"":55},""beta_reuses_alpha"":true,""combined_input_sha256"":""9e7200c65761a843b0d95d70dc1680653805434675077bb83579fcfa0852bba7"",""connectivity"":{""alpha"":{""determinants"":55,""directed_double_edges"":1404,""directed_single_edges"":1566,""double_degree_max"":26,""double_degree_mean"":25.527272727272727,""double_degree_min"":0,""double_edge_density"":0.4727272727272727,""single_degree_max"":54,""single_degree_mean"":28.472727272727273,""single_degree_min"":28,""single_edge_density"":0.5272727272727272,""unordered_pair_comparisons"":1485},""beta"":{""determinants"":55,""directed_double_edges"":1404,""directed_single_edges"":1566,""double_degree_max"":26,""double_degree_mean"":25.527272727272727,""double_degree_min"":0,""double_edge_density"":0.4727272727272727,""single_degree_max"":54,""single_degree_mean"":28.472727272727273,""single_degree_min"":28,""single_edge_density"":0.5272727272727272,""unordered_pair_comparisons"":1485},""pair_comparisons"":2970},""connectivity_pair_limit"":1000000,""fcidump"":{""compact_two_electron_slots"":222111,""core_integrals"":1,""exact_zero_integrals"":1,""file_bytes"":9584950,""integral_records"":222778,""isym"":1,""max_abs_integral"":13.43276387194341,""ms2"":0,""n_electrons"":54,""n_orbitals"":36,""one_electron_integrals"":666,""orbsym"":[1,1,1,1,1,1,1,1,1,1,1,1,1,1,1,1,1,1,1,1,1,1,1,1,1,1,1,1,1,1,1,1,1,1,1,1],""path"":""/home/nagan/autosbd-sc26-rg/external/amd-sbd/samples/selected_basis_diagonalization/fcidump_Fe4S4.txt"",""sha256"":""9a74e2035f76218f1d02aa641a5be256c0b685f0382b1612fc261117dd1b6e93"",""source_integral_doubles"":229887,""sum_abs_integrals"":1054.5633693506882,""two_electron_fill_density"":1.0,""two_electron_integrals"":222111},""log1p_method0_work_proxy"":14.83871012622884,""log1p_n_configurations"":8.0149968943483,""method0_work_proxy"":2782081,""n_configurations"":3025}"
dfebd88d09cd5c0479d1a4c83d32c8f614690556776e009039d4c627acd5438e,9bcf71f5412ffcb759b95d14b60b983373887485879041a4e9de0394da5a82fb,0,2026-08-01T01:37:16.419550Z,2026-08-01T01:37:22.060792Z,false,timing_ineligible;warmup,warmup,0,fe4s4-prefix-0055,9e7200c65761a843b0d95d70dc1680653805434675077bb83579fcfa0852bba7,amd-cpu-4,cpu,4,5.528123094998591,4.27196,0.001189,,,36,55,55,3025,2782081,43.44921875,,"{""alpha"":{""bit_length"":36,""count"":55,""file_bytes"":2035,""occupancy_max"":27,""occupancy_mean"":27.0,""occupancy_min"":27,""occupancy_variance"":0.0,""path"":""/home/nagan/autosbd-sc26-rg/data/derived/amd_fe4s4_prefixes/AlphaDets_n0055.txt"",""sha256"":""2b296f3011a87e9bf7f9682b8de25e78442ac6bcb47942bf8003ecdeb65d3ef1"",""unique_count"":55},""beta"":{""bit_length"":36,""count"":55,""file_bytes"":2035,""occupancy_max"":27,""occupancy_mean"":27.0,""occupancy_min"":27,""occupancy_variance"":0.0,""path"":""/home/nagan/autosbd-sc26-rg/data/derived/amd_fe4s4_prefixes/AlphaDets_n0055.txt"",""sha256"":""2b296f3011a87e9bf7f9682b8de25e78442ac6bcb47942bf8003ecdeb65d3ef1"",""unique_count"":55},""beta_reuses_alpha"":true,""combined_input_sha256"":""9e7200c65761a843b0d95d70dc1680653805434675077bb83579fcfa0852bba7"",""connectivity"":{""alpha"":{""determinants"":55,""directed_double_edges"":1404,""directed_single_edges"":1566,""double_degree_max"":26,""double_degree_mean"":25.527272727272727,""double_degree_min"":0,""double_edge_density"":0.4727272727272727,""single_degree_max"":54,""single_degree_mean"":28.472727272727273,""single_degree_min"":28,""single_edge_density"":0.5272727272727272,""unordered_pair_comparisons"":1485},""beta"":{""determinants"":55,""directed_double_edges"":1404,""directed_single_edges"":1566,""double_degree_max"":26,""double_degree_mean"":25.527272727272727,""double_degree_min"":0,""double_edge_density"":0.4727272727272727,""single_degree_max"":54,""single_degree_mean"":28.472727272727273,""single_degree_min"":28,""single_edge_density"":0.5272727272727272,""unordered_pair_comparisons"":1485},""pair_comparisons"":2970},""connectivity_pair_limit"":1000000,""fcidump"":{""compact_two_electron_slots"":222111,""core_integrals"":1,""exact_zero_integrals"":1,""file_bytes"":9584950,""integral_records"":222778,""isym"":1,""max_abs_integral"":13.43276387194341,""ms2"":0,""n_electrons"":54,""n_orbitals"":36,""one_electron_integrals"":666,""orbsym"":[1,1,1,1,1,1,1,1,1,1,1,1,1,1,1,1,1,1,1,1,1,1,1,1,1,1,1,1,1,1,1,1,1,1,1,1],""path"":""/home/nagan/autosbd-sc26-rg/external/amd-sbd/samples/selected_basis_diagonalization/fcidump_Fe4S4.txt"",""sha256"":""9a74e2035f76218f1d02aa641a5be256c0b685f0382b1612fc261117dd1b6e93"",""source_integral_doubles"":229887,""sum_abs_integrals"":1054.5633693506882,""two_electron_fill_density"":1.0,""two_electron_integrals"":222111},""log1p_method0_work_proxy"":14.83871012622884,""log1p_n_configurations"":8.0149968943483,""method0_work_proxy"":2782081,""n_configurations"":3025}"
13c8406ef2ff8c8ffcc882ba39786b4a17b1d0b455525f24afa5340e7aa41f4c,08482c5590daa20fc7ef70221969d6f6688d86f675e89cbb844489687bdc6ffe,0,2026-08-01T01:37:23.041780Z,2026-08-01T01:37:26.474975Z,false,timing_ineligible;warmup,warmup,0,fe4s4-prefix-0055,9e7200c65761a843b0d95d70dc1680653805434675077bb83579fcfa0852bba7,amd-cpu-8,cpu,8,3.3195997689981596,2.134011,0.001747,,,36,55,55,3025,2782081,43.37109375,,"{""alpha"":{""bit_length"":36,""count"":55,""file_bytes"":2035,""occupancy_max"":27,""occupancy_mean"":27.0,""occupancy_min"":27,""occupancy_variance"":0.0,""path"":""/home/nagan/autosbd-sc26-rg/data/derived/amd_fe4s4_prefixes/AlphaDets_n0055.txt"",""sha256"":""2b296f3011a87e9bf7f9682b8de25e78442ac6bcb47942bf8003ecdeb65d3ef1"",""unique_count"":55},""beta"":{""bit_length"":36,""count"":55,""file_bytes"":2035,""occupancy_max"":27,""occupancy_mean"":27.0,""occupancy_min"":27,""occupancy_variance"":0.0,""path"":""/home/nagan/autosbd-sc26-rg/data/derived/amd_fe4s4_prefixes/AlphaDets_n0055.txt"",""sha256"":""2b296f3011a87e9bf7f9682b8de25e78442ac6bcb47942bf8003ecdeb65d3ef1"",""unique_count"":55},""beta_reuses_alpha"":true,""combined_input_sha256"":""9e7200c65761a843b0d95d70dc1680653805434675077bb83579fcfa0852bba7"",""connectivity"":{""alpha"":{""determinants"":55,""directed_double_edges"":1404,""directed_single_edges"":1566,""double_degree_max"":26,""double_degree_mean"":25.527272727272727,""double_degree_min"":0,""double_edge_density"":0.4727272727272727,""single_degree_max"":54,""single_degree_mean"":28.472727272727273,""single_degree_min"":28,""single_edge_density"":0.5272727272727272,""unordered_pair_comparisons"":1485},""beta"":{""determinants"":55,""directed_double_edges"":1404,""directed_single_edges"":1566,""double_degree_max"":26,""double_degree_mean"":25.527272727272727,""double_degree_min"":0,""double_edge_density"":0.4727272727272727,""single_degree_max"":54,""single_degree_mean"":28.472727272727273,""single_degree_min"":28,""single_edge_density"":0.5272727272727272,""unordered_pair_comparisons"":1485},""pair_comparisons"":2970},""connectivity_pair_limit"":1000000,""fcidump"":{""compact_two_electron_slots"":222111,""core_integrals"":1,""exact_zero_integrals"":1,""file_bytes"":9584950,""integral_records"":222778,""isym"":1,""max_abs_integral"":13.43276387194341,""ms2"":0,""n_electrons"":54,""n_orbitals"":36,""one_electron_integrals"":666,""orbsym"":[1,1,1,1,1,1,1,1,1,1,1,1,1,1,1,1,1,1,1,1,1,1,1,1,1,1,1,1,1,1,1,1,1,1,1,1],""path"":""/home/nagan/autosbd-sc26-rg/external/amd-sbd/samples/selected_basis_diagonalization/fcidump_Fe4S4.txt"",""sha256"":""9a74e2035f76218f1d02aa641a5be256c0b685f0382b1612fc261117dd1b6e93"",""source_integral_doubles"":229887,""sum_abs_integrals"":1054.5633693506882,""two_electron_fill_density"":1.0,""two_electron_integrals"":222111},""log1p_method0_work_proxy"":14.83871012622884,""log1p_n_configurations"":8.0149968943483,""method0_work_proxy"":2782081,""n_configurations"":3025}"
a3813a2a15d364dd01854c705fb44820ebf1cf6b0ff3e0f3d652c97c15b24f75,e82087bb539f72290eb80233cd862d0ff8375d8f53e483055205f9dde61f6360,0,2026-08-01T01:37:27.459511Z,2026-08-01T01:37:37.222743Z,false,timing_ineligible;warmup,warmup,0,fe4s4-prefix-0100,8388d0e2a075126004890ad88c3680722226870440793d7d97242885ebfc7eda,amd-cpu-8,cpu,8,9.648204582998005,8.213909,0.002121,,,36,100,100,10000,10284400,43.3984375,,"{""alpha"":{""bit_length"":36,""count"":100,""file_bytes"":3700,""occupancy_max"":27,""occupancy_mean"":27.0,""occupancy_min"":27,""occupancy_variance"":0.0,""path"":""/home/nagan/autosbd-sc26-rg/data/derived/amd_fe4s4_prefixes/AlphaDets_n0100.txt"",""sha256"":""2722d475430a07b416dce775f7daa5e084aa49f90d27b8cd756ecf45c4b96a8a"",""unique_count"":100},""beta"":{""bit_length"":36,""count"":100,""file_bytes"":3700,""occupancy_max"":27,""occupancy_mean"":27.0,""occupancy_min"":27,""occupancy_variance"":0.0,""path"":""/home/nagan/autosbd-sc26-rg/data/derived/amd_fe4s4_prefixes/AlphaDets_n0100.txt"",""sha256"":""2722d475430a07b416dce775f7daa5e084aa49f90d27b8cd756ecf45c4b96a8a"",""unique_count"":100},""beta_reuses_alpha"":true,""combined_input_sha256"":""8388d0e2a075126004890ad88c3680722226870440793d7d97242885ebfc7eda"",""connectivity"":{""alpha"":{""determinants"":100,""directed_double_edges"":7020,""directed_single_edges"":2880,""double_degree_max"":78,""double_degree_mean"":70.2,""double_degree_min"":0,""double_edge_density"":0.7090909090909091,""single_degree_max"":99,""single_degree_mean"":28.8,""single_degree_min"":21,""single_edge_density"":0.2909090909090909,""unordered_pair_comparisons"":4950},""beta"":{""determinants"":100,""directed_double_edges"":7020,""directed_single_edges"":2880,""double_degree_max"":78,""double_degree_mean"":70.2,""double_degree_min"":0,""double_edge_density"":0.7090909090909091,""single_degree_max"":99,""single_degree_mean"":28.8,""single_degree_min"":21,""single_edge_density"":0.2909090909090909,""unordered_pair_comparisons"":4950},""pair_comparisons"":9900},""connectivity_pair_limit"":1000000,""fcidump"":{""compact_two_electron_slots"":222111,""core_integrals"":1,""exact_zero_integrals"":1,""file_bytes"":9584950,""integral_records"":222778,""isym"":1,""max_abs_integral"":13.43276387194341,""ms2"":0,""n_electrons"":54,""n_orbitals"":36,""one_electron_integrals"":666,""orbsym"":[1,1,1,1,1,1,1,1,1,1,1,1,1,1,1,1,1,1,1,1,1,1,1,1,1,1,1,1,1,1,1,1,1,1,1,1],""path"":""/home/nagan/autosbd-sc26-rg/external/amd-sbd/samples/selected_basis_diagonalization/fcidump_Fe4S4.txt"",""sha256"":""9a74e2035f76218f1d02aa641a5be256c0b685f0382b1612fc261117dd1b6e93"",""source_integral_doubles"":229887,""sum_abs_integrals"":1054.5633693506882,""two_electron_fill_density"":1.0,""two_electron_integrals"":222111},""log1p_method0_work_proxy"":16.146138839217606,""log1p_n_configurations"":9.210440366976517,""method0_work_proxy"":10284400,""n_configurations"":10000}"
562537935652247f81ce5a4e90b0af1c00490a0807242e758349557314c44626,f145feae39b24f93bb63e6effdeb9c576eb9d8e15b4d747135dbc914af2a5b23,0,2026-08-01T01:37:38.223071Z,2026-08-01T01:38:45.533813Z,false,timing_ineligible;warmup,warmup,0,fe4s4-prefix-0100,8388d0e2a075126004890ad88c3680722226870440793d7d97242885ebfc7eda,amd-cpu-1,cpu,1,67.19406428000366,63.75346099999999,0.00256,,,36,100,100,10000,10284400,43.37890625,,"{""alpha"":{""bit_length"":36,""count"":100,""file_bytes"":3700,""occupancy_max"":27,""occupancy_mean"":27.0,""occupancy_min"":27,""occupancy_variance"":0.0,""path"":""/home/nagan/autosbd-sc26-rg/data/derived/amd_fe4s4_prefixes/AlphaDets_n0100.txt"",""sha256"":""2722d475430a07b416dce775f7daa5e084aa49f90d27b8cd756ecf45c4b96a8a"",""unique_count"":100},""beta"":{""bit_length"":36,""count"":100,""file_bytes"":3700,""occupancy_max"":27,""occupancy_mean"":27.0,""occupancy_min"":27,""occupancy_variance"":0.0,""path"":""/home/nagan/autosbd-sc26-rg/data/derived/amd_fe4s4_prefixes/AlphaDets_n0100.txt"",""sha256"":""2722d475430a07b416dce775f7daa5e084aa49f90d27b8cd756ecf45c4b96a8a"",""unique_count"":100},""beta_reuses_alpha"":true,""combined_input_sha256"":""8388d0e2a075126004890ad88c3680722226870440793d7d97242885ebfc7eda"",""connectivity"":{""alpha"":{""determinants"":100,""directed_double_edges"":7020,""directed_single_edges"":2880,""double_degree_max"":78,""double_degree_mean"":70.2,""double_degree_min"":0,""double_edge_density"":0.7090909090909091,""single_degree_max"":99,""single_degree_mean"":28.8,""single_degree_min"":21,""single_edge_density"":0.2909090909090909,""unordered_pair_comparisons"":4950},""beta"":{""determinants"":100,""directed_double_edges"":7020,""directed_single_edges"":2880,""double_degree_max"":78,""double_degree_mean"":70.2,""double_degree_min"":0,""double_edge_density"":0.7090909090909091,""single_degree_max"":99,""single_degree_mean"":28.8,""single_degree_min"":21,""single_edge_density"":0.2909090909090909,""unordered_pair_comparisons"":4950},""pair_comparisons"":9900},""connectivity_pair_limit"":1000000,""fcidump"":{""compact_two_electron_slots"":222111,""core_integrals"":1,""exact_zero_integrals"":1,""file_bytes"":9584950,""integral_records"":222778,""isym"":1,""max_abs_integral"":13.43276387194341,""ms2"":0,""n_electrons"":54,""n_orbitals"":36,""one_electron_integrals"":666,""orbsym"":[1,1,1,1,1,1,1,1,1,1,1,1,1,1,1,1,1,1,1,1,1,1,1,1,1,1,1,1,1,1,1,1,1,1,1,1],""path"":""/home/nagan/autosbd-sc26-rg/external/amd-sbd/samples/selected_basis_diagonalization/fcidump_Fe4S4.txt"",""sha256"":""9a74e2035f76218f1d02aa641a5be256c0b685f0382b1612fc261117dd1b6e93"",""source_integral_doubles"":229887,""sum_abs_integrals"":1054.5633693506882,""two_electron_fill_density"":1.0,""two_electron_integrals"":222111},""log1p_method0_work_proxy"":16.146138839217606,""log1p_n_configurations"":9.210440366976517,""method0_work_proxy"":10284400,""n_configurations"":10000}"
6f9a0f85142d640f00fa9696372f6799da430568ab6601e16317e4084258732d,b8d56163d4814b276733e1af35db7046174f7bf6e1cac14aaa46679fe2a00521,0,2026-08-01T01:38:46.530787Z,2026-08-01T01:39:04.528193Z,false,timing_ineligible;warmup,warmup,0,fe4s4-prefix-0100,8388d0e2a075126004890ad88c3680722226870440793d7d97242885ebfc7eda,amd-cpu-4,cpu,4,17.881032249999407,16.168467,0.001958,,,36,100,100,10000,10284400,43.296875,,"{""alpha"":{""bit_length"":36,""count"":100,""file_bytes"":3700,""occupancy_max"":27,""occupancy_mean"":27.0,""occupancy_min"":27,""occupancy_variance"":0.0,""path"":""/home/nagan/autosbd-sc26-rg/data/derived/amd_fe4s4_prefixes/AlphaDets_n0100.txt"",""sha256"":""2722d475430a07b416dce775f7daa5e084aa49f90d27b8cd756ecf45c4b96a8a"",""unique_count"":100},""beta"":{""bit_length"":36,""count"":100,""file_bytes"":3700,""occupancy_max"":27,""occupancy_mean"":27.0,""occupancy_min"":27,""occupancy_variance"":0.0,""path"":""/home/nagan/autosbd-sc26-rg/data/derived/amd_fe4s4_prefixes/AlphaDets_n0100.txt"",""sha256"":""2722d475430a07b416dce775f7daa5e084aa49f90d27b8cd756ecf45c4b96a8a"",""unique_count"":100},""beta_reuses_alpha"":true,""combined_input_sha256"":""8388d0e2a075126004890ad88c3680722226870440793d7d97242885ebfc7eda"",""connectivity"":{""alpha"":{""determinants"":100,""directed_double_edges"":7020,""directed_single_edges"":2880,""double_degree_max"":78,""double_degree_mean"":70.2,""double_degree_min"":0,""double_edge_density"":0.7090909090909091,""single_degree_max"":99,""single_degree_mean"":28.8,""single_degree_min"":21,""single_edge_density"":0.2909090909090909,""unordered_pair_comparisons"":4950},""beta"":{""determinants"":100,""directed_double_edges"":7020,""directed_single_edges"":2880,""double_degree_max"":78,""double_degree_mean"":70.2,""double_degree_min"":0,""double_edge_density"":0.7090909090909091,""single_degree_max"":99,""single_degree_mean"":28.8,""single_degree_min"":21,""single_edge_density"":0.2909090909090909,""unordered_pair_comparisons"":4950},""pair_comparisons"":9900},""connectivity_pair_limit"":1000000,""fcidump"":{""compact_two_electron_slots"":222111,""core_integrals"":1,""exact_zero_integrals"":1,""file_bytes"":9584950,""integral_records"":222778,""isym"":1,""max_abs_integral"":13.43276387194341,""ms2"":0,""n_electrons"":54,""n_orbitals"":36,""one_electron_integrals"":666,""orbsym"":[1,1,1,1,1,1,1,1,1,1,1,1,1,1,1,1,1,1,1,1,1,1,1,1,1,1,1,1,1,1,1,1,1,1,1,1],""path"":""/home/nagan/autosbd-sc26-rg/external/amd-sbd/samples/selected_basis_diagonalization/fcidump_Fe4S4.txt"",""sha256"":""9a74e2035f76218f1d02aa641a5be256c0b685f0382b1612fc261117dd1b6e93"",""source_integral_doubles"":229887,""sum_abs_integrals"":1054.5633693506882,""two_electron_fill_density"":1.0,""two_electron_integrals"":222111},""log1p_method0_work_proxy"":16.146138839217606,""log1p_n_configurations"":9.210440366976517,""method0_work_proxy"":10284400,""n_configurations"":10000}"
088ed9672fdad73d3fb37731783332ada8e5cfb958efca1cefd6434e131128a2,d443f5f3b65c045c6a561d1835f7744c33c5585a9f4dd722ad2a6da266aa1295,0,2026-08-01T01:39:05.512367Z,2026-08-01T01:39:07.239511Z,true,,measured,0,fe4s4-prefix-0032,f103fd51dd08c7654df2db110936ac379bd103b817b518083fa50ae85cc66390,amd-cpu-8,cpu,8,1.6123988079998526,0.499606,0.0015329999999999999,,,36,32,32,1024,679168,43.3828125,,"{""alpha"":{""bit_length"":36,""count"":32,""file_bytes"":1184,""occupancy_max"":27,""occupancy_mean"":27.0,""occupancy_min"":27,""occupancy_variance"":0.0,""path"":""/home/nagan/autosbd-sc26-rg/data/derived/amd_fe4s4_prefixes/AlphaDets_n0032.txt"",""sha256"":""5f2beadb720d61c467a3ee8ee9f127152e1a69b2edcdad3139d74888d5d4cbc8"",""unique_count"":32},""beta"":{""bit_length"":36,""count"":32,""file_bytes"":1184,""occupancy_max"":27,""occupancy_mean"":27.0,""occupancy_min"":27,""occupancy_variance"":0.0,""path"":""/home/nagan/autosbd-sc26-rg/data/derived/amd_fe4s4_prefixes/AlphaDets_n0032.txt"",""sha256"":""5f2beadb720d61c467a3ee8ee9f127152e1a69b2edcdad3139d74888d5d4cbc8"",""unique_count"":32},""beta_reuses_alpha"":true,""combined_input_sha256"":""f103fd51dd08c7654df2db110936ac379bd103b817b518083fa50ae85cc66390"",""connectivity"":{""alpha"":{""determinants"":32,""directed_double_edges"":208,""directed_single_edges"":784,""double_degree_max"":26,""double_degree_mean"":6.5,""double_degree_min"":0,""double_edge_density"":0.20967741935483872,""single_degree_max"":31,""single_degree_mean"":24.5,""single_degree_min"":5,""single_edge_density"":0.7903225806451613,""unordered_pair_comparisons"":496},""beta"":{""determinants"":32,""directed_double_edges"":208,""directed_single_edges"":784,""double_degree_max"":26,""double_degree_mean"":6.5,""double_degree_min"":0,""double_edge_density"":0.20967741935483872,""single_degree_max"":31,""single_degree_mean"":24.5,""single_degree_min"":5,""single_edge_density"":0.7903225806451613,""unordered_pair_comparisons"":496},""pair_comparisons"":992},""connectivity_pair_limit"":1000000,""fcidump"":{""compact_two_electron_slots"":222111,""core_integrals"":1,""exact_zero_integrals"":1,""file_bytes"":9584950,""integral_records"":222778,""isym"":1,""max_abs_integral"":13.43276387194341,""ms2"":0,""n_electrons"":54,""n_orbitals"":36,""one_electron_integrals"":666,""orbsym"":[1,1,1,1,1,1,1,1,1,1,1,1,1,1,1,1,1,1,1,1,1,1,1,1,1,1,1,1,1,1,1,1,1,1,1,1],""path"":""/home/nagan/autosbd-sc26-rg/external/amd-sbd/samples/selected_basis_diagonalization/fcidump_Fe4S4.txt"",""sha256"":""9a74e2035f76218f1d02aa641a5be256c0b685f0382b1612fc261117dd1b6e93"",""source_integral_doubles"":229887,""sum_abs_integrals"":1054.5633693506882,""two_electron_fill_density"":1.0,""two_electron_integrals"":222111},""log1p_method0_work_proxy"":13.428625271005966,""log1p_n_configurations"":6.932447891572509,""method0_work_proxy"":679168,""n_configurations"":1024}"
55745400d3e298ad4d35dfcc7230b57a66db2ef6eee00e8479e9bc43d1514b51,9328a52fa601f8f0db5877c054441f2b27547408113461fa2677f9292e7cf2fe,0,2026-08-01T01:39:08.226167Z,2026-08-01T01:39:10.555618Z,true,,measured,0,fe4s4-prefix-0032,f103fd51dd08c7654df2db110936ac379bd103b817b518083fa50ae85cc66390,amd-cpu-4,cpu,4,2.2148800249997294,1.040101,0.000933,,,36,32,32,1024,679168,43.3359375,,"{""alpha"":{""bit_length"":36,""count"":32,""file_bytes"":1184,""occupancy_max"":27,""occupancy_mean"":27.0,""occupancy_min"":27,""occupancy_variance"":0.0,""path"":""/home/nagan/autosbd-sc26-rg/data/derived/amd_fe4s4_prefixes/AlphaDets_n0032.txt"",""sha256"":""5f2beadb720d61c467a3ee8ee9f127152e1a69b2edcdad3139d74888d5d4cbc8"",""unique_count"":32},""beta"":{""bit_length"":36,""count"":32,""file_bytes"":1184,""occupancy_max"":27,""occupancy_mean"":27.0,""occupancy_min"":27,""occupancy_variance"":0.0,""path"":""/home/nagan/autosbd-sc26-rg/data/derived/amd_fe4s4_prefixes/AlphaDets_n0032.txt"",""sha256"":""5f2beadb720d61c467a3ee8ee9f127152e1a69b2edcdad3139d74888d5d4cbc8"",""unique_count"":32},""beta_reuses_alpha"":true,""combined_input_sha256"":""f103fd51dd08c7654df2db110936ac379bd103b817b518083fa50ae85cc66390"",""connectivity"":{""alpha"":{""determinants"":32,""directed_double_edges"":208,""directed_single_edges"":784,""double_degree_max"":26,""double_degree_mean"":6.5,""double_degree_min"":0,""double_edge_density"":0.20967741935483872,""single_degree_max"":31,""single_degree_mean"":24.5,""single_degree_min"":5,""single_edge_density"":0.7903225806451613,""unordered_pair_comparisons"":496},""beta"":{""determinants"":32,""directed_double_edges"":208,""directed_single_edges"":784,""double_degree_max"":26,""double_degree_mean"":6.5,""double_degree_min"":0,""double_edge_density"":0.20967741935483872,""single_degree_max"":31,""single_degree_mean"":24.5,""single_degree_min"":5,""single_edge_density"":0.7903225806451613,""unordered_pair_comparisons"":496},""pair_comparisons"":992},""connectivity_pair_limit"":1000000,""fcidump"":{""compact_two_electron_slots"":222111,""core_integrals"":1,""exact_zero_integrals"":1,""file_bytes"":9584950,""integral_records"":222778,""isym"":1,""max_abs_integral"":13.43276387194341,""ms2"":0,""n_electrons"":54,""n_orbitals"":36,""one_electron_integrals"":666,""orbsym"":[1,1,1,1,1,1,1,1,1,1,1,1,1,1,1,1,1,1,1,1,1,1,1,1,1,1,1,1,1,1,1,1,1,1,1,1],""path"":""/home/nagan/autosbd-sc26-rg/external/amd-sbd/samples/selected_basis_diagonalization/fcidump_Fe4S4.txt"",""sha256"":""9a74e2035f76218f1d02aa641a5be256c0b685f0382b1612fc261117dd1b6e93"",""source_integral_doubles"":229887,""sum_abs_integrals"":1054.5633693506882,""two_electron_fill_density"":1.0,""two_electron_integrals"":222111},""log1p_method0_work_proxy"":13.428625271005966,""log1p_n_configurations"":6.932447891572509,""method0_work_proxy"":679168,""n_configurations"":1024}"
5946ae3cd24970c92f5af44e06971b65e48d39d48251837f790a00d5e97b738b,f92b9876add21c319821ee9f504c9faa582b68544c41ce4800be03443c3a7f94,0,2026-08-01T01:39:11.541132Z,2026-08-01T01:39:16.480637Z,true,,measured,0,fe4s4-prefix-0032,f103fd51dd08c7654df2db110936ac379bd103b817b518083fa50ae85cc66390,amd-cpu-1,cpu,1,4.825855235998461,3.579884,0.000344,,,36,32,32,1024,679168,43.390625,,"{""alpha"":{""bit_length"":36,""count"":32,""file_bytes"":1184,""occupancy_max"":27,""occupancy_mean"":27.0,""occupancy_min"":27,""occupancy_variance"":0.0,""path"":""/home/nagan/autosbd-sc26-rg/data/derived/amd_fe4s4_prefixes/AlphaDets_n0032.txt"",""sha256"":""5f2beadb720d61c467a3ee8ee9f127152e1a69b2edcdad3139d74888d5d4cbc8"",""unique_count"":32},""beta"":{""bit_length"":36,""count"":32,""file_bytes"":1184,""occupancy_max"":27,""occupancy_mean"":27.0,""occupancy_min"":27,""occupancy_variance"":0.0,""path"":""/home/nagan/autosbd-sc26-rg/data/derived/amd_fe4s4_prefixes/AlphaDets_n0032.txt"",""sha256"":""5f2beadb720d61c467a3ee8ee9f127152e1a69b2edcdad3139d74888d5d4cbc8"",""unique_count"":32},""beta_reuses_alpha"":true,""combined_input_sha256"":""f103fd51dd08c7654df2db110936ac379bd103b817b518083fa50ae85cc66390"",""connectivity"":{""alpha"":{""determinants"":32,""directed_double_edges"":208,""directed_single_edges"":784,""double_degree_max"":26,""double_degree_mean"":6.5,""double_degree_min"":0,""double_edge_density"":0.20967741935483872,""single_degree_max"":31,""single_degree_mean"":24.5,""single_degree_min"":5,""single_edge_density"":0.7903225806451613,""unordered_pair_comparisons"":496},""beta"":{""determinants"":32,""directed_double_edges"":208,""directed_single_edges"":784,""double_degree_max"":26,""double_degree_mean"":6.5,""double_degree_min"":0,""double_edge_density"":0.20967741935483872,""single_degree_max"":31,""single_degree_mean"":24.5,""single_degree_min"":5,""single_edge_density"":0.7903225806451613,""unordered_pair_comparisons"":496},""pair_comparisons"":992},""connectivity_pair_limit"":1000000,""fcidump"":{""compact_two_electron_slots"":222111,""core_integrals"":1,""exact_zero_integrals"":1,""file_bytes"":9584950,""integral_records"":222778,""isym"":1,""max_abs_integral"":13.43276387194341,""ms2"":0,""n_electrons"":54,""n_orbitals"":36,""one_electron_integrals"":666,""orbsym"":[1,1,1,1,1,1,1,1,1,1,1,1,1,1,1,1,1,1,1,1,1,1,1,1,1,1,1,1,1,1,1,1,1,1,1,1],""path"":""/home/nagan/autosbd-sc26-rg/external/amd-sbd/samples/selected_basis_diagonalization/fcidump_Fe4S4.txt"",""sha256"":""9a74e2035f76218f1d02aa641a5be256c0b685f0382b1612fc261117dd1b6e93"",""source_integral_doubles"":229887,""sum_abs_integrals"":1054.5633693506882,""two_electron_fill_density"":1.0,""two_electron_integrals"":222111},""log1p_method0_work_proxy"":13.428625271005966,""log1p_n_configurations"":6.932447891572509,""method0_work_proxy"":679168,""n_configurations"":1024}"
e35dcf729319e3b3b988d3aee2f2c8126253eee6800748896f5afc50d5c13de5,5576c40219979af1ec0d9161f53dc37e7f60cea5f76838bf99ba3b34eed0a4b5,0,2026-08-01T01:39:17.480433Z,2026-08-01T01:39:20.916202Z,true,,measured,0,fe4s4-prefix-0055,9e7200c65761a843b0d95d70dc1680653805434675077bb83579fcfa0852bba7,amd-cpu-8,cpu,8,3.319506758998614,2.149965,0.001635,,,36,55,55,3025,2782081,43.31640625,,"{""alpha"":{""bit_length"":36,""count"":55,""file_bytes"":2035,""occupancy_max"":27,""occupancy_mean"":27.0,""occupancy_min"":27,""occupancy_variance"":0.0,""path"":""/home/nagan/autosbd-sc26-rg/data/derived/amd_fe4s4_prefixes/AlphaDets_n0055.txt"",""sha256"":""2b296f3011a87e9bf7f9682b8de25e78442ac6bcb47942bf8003ecdeb65d3ef1"",""unique_count"":55},""beta"":{""bit_length"":36,""count"":55,""file_bytes"":2035,""occupancy_max"":27,""occupancy_mean"":27.0,""occupancy_min"":27,""occupancy_variance"":0.0,""path"":""/home/nagan/autosbd-sc26-rg/data/derived/amd_fe4s4_prefixes/AlphaDets_n0055.txt"",""sha256"":""2b296f3011a87e9bf7f9682b8de25e78442ac6bcb47942bf8003ecdeb65d3ef1"",""unique_count"":55},""beta_reuses_alpha"":true,""combined_input_sha256"":""9e7200c65761a843b0d95d70dc1680653805434675077bb83579fcfa0852bba7"",""connectivity"":{""alpha"":{""determinants"":55,""directed_double_edges"":1404,""directed_single_edges"":1566,""double_degree_max"":26,""double_degree_mean"":25.527272727272727,""double_degree_min"":0,""double_edge_density"":0.4727272727272727,""single_degree_max"":54,""single_degree_mean"":28.472727272727273,""single_degree_min"":28,""single_edge_density"":0.5272727272727272,""unordered_pair_comparisons"":1485},""beta"":{""determinants"":55,""directed_double_edges"":1404,""directed_single_edges"":1566,""double_degree_max"":26,""double_degree_mean"":25.527272727272727,""double_degree_min"":0,""double_edge_density"":0.4727272727272727,""single_degree_max"":54,""single_degree_mean"":28.472727272727273,""single_degree_min"":28,""single_edge_density"":0.5272727272727272,""unordered_pair_comparisons"":1485},""pair_comparisons"":2970},""connectivity_pair_limit"":1000000,""fcidump"":{""compact_two_electron_slots"":222111,""core_integrals"":1,""exact_zero_integrals"":1,""file_bytes"":9584950,""integral_records"":222778,""isym"":1,""max_abs_integral"":13.43276387194341,""ms2"":0,""n_electrons"":54,""n_orbitals"":36,""one_electron_integrals"":666,""orbsym"":[1,1,1,1,1,1,1,1,1,1,1,1,1,1,1,1,1,1,1,1,1,1,1,1,1,1,1,1,1,1,1,1,1,1,1,1],""path"":""/home/nagan/autosbd-sc26-rg/external/amd-sbd/samples/selected_basis_diagonalization/fcidump_Fe4S4.txt"",""sha256"":""9a74e2035f76218f1d02aa641a5be256c0b685f0382b1612fc261117dd1b6e93"",""source_integral_doubles"":229887,""sum_abs_integrals"":1054.5633693506882,""two_electron_fill_density"":1.0,""two_electron_integrals"":222111},""log1p_method0_work_proxy"":14.83871012622884,""log1p_n_configurations"":8.0149968943483,""method0_work_proxy"":2782081,""n_configurations"":3025}"
3e2289629882c1912081e4814befe970d0112d42c35c4564e64ed19bc9face5d,190524345f36f6c8dc528c840112bb8b3880095841b1d02136449cad4b5429f6,0,2026-08-01T01:39:21.908929Z,2026-08-01T01:39:40.609374Z,true,,measured,0,fe4s4-prefix-0055,9e7200c65761a843b0d95d70dc1680653805434675077bb83579fcfa0852bba7,amd-cpu-1,cpu,1,18.586236787996313,16.835207,0.0008659999999999999,,,36,55,55,3025,2782081,43.19921875,,"{""alpha"":{""bit_length"":36,""count"":55,""file_bytes"":2035,""occupancy_max"":27,""occupancy_mean"":27.0,""occupancy_min"":27,""occupancy_variance"":0.0,""path"":""/home/nagan/autosbd-sc26-rg/data/derived/amd_fe4s4_prefixes/AlphaDets_n0055.txt"",""sha256"":""2b296f3011a87e9bf7f9682b8de25e78442ac6bcb47942bf8003ecdeb65d3ef1"",""unique_count"":55},""beta"":{""bit_length"":36,""count"":55,""file_bytes"":2035,""occupancy_max"":27,""occupancy_mean"":27.0,""occupancy_min"":27,""occupancy_variance"":0.0,""path"":""/home/nagan/autosbd-sc26-rg/data/derived/amd_fe4s4_prefixes/AlphaDets_n0055.txt"",""sha256"":""2b296f3011a87e9bf7f9682b8de25e78442ac6bcb47942bf8003ecdeb65d3ef1"",""unique_count"":55},""beta_reuses_alpha"":true,""combined_input_sha256"":""9e7200c65761a843b0d95d70dc1680653805434675077bb83579fcfa0852bba7"",""connectivity"":{""alpha"":{""determinants"":55,""directed_double_edges"":1404,""directed_single_edges"":1566,""double_degree_max"":26,""double_degree_mean"":25.527272727272727,""double_degree_min"":0,""double_edge_density"":0.4727272727272727,""single_degree_max"":54,""single_degree_mean"":28.472727272727273,""single_degree_min"":28,""single_edge_density"":0.5272727272727272,""unordered_pair_comparisons"":1485},""beta"":{""determinants"":55,""directed_double_edges"":1404,""directed_single_edges"":1566,""double_degree_max"":26,""double_degree_mean"":25.527272727272727,""double_degree_min"":0,""double_edge_density"":0.4727272727272727,""single_degree_max"":54,""single_degree_mean"":28.472727272727273,""single_degree_min"":28,""single_edge_density"":0.5272727272727272,""unordered_pair_comparisons"":1485},""pair_comparisons"":2970},""connectivity_pair_limit"":1000000,""fcidump"":{""compact_two_electron_slots"":222111,""core_integrals"":1,""exact_zero_integrals"":1,""file_bytes"":9584950,""integral_records"":222778,""isym"":1,""max_abs_integral"":13.43276387194341,""ms2"":0,""n_electrons"":54,""n_orbitals"":36,""one_electron_integrals"":666,""orbsym"":[1,1,1,1,1,1,1,1,1,1,1,1,1,1,1,1,1,1,1,1,1,1,1,1,1,1,1,1,1,1,1,1,1,1,1,1],""path"":""/home/nagan/autosbd-sc26-rg/external/amd-sbd/samples/selected_basis_diagonalization/fcidump_Fe4S4.txt"",""sha256"":""9a74e2035f76218f1d02aa641a5be256c0b685f0382b1612fc261117dd1b6e93"",""source_integral_doubles"":229887,""sum_abs_integrals"":1054.5633693506882,""two_electron_fill_density"":1.0,""two_electron_integrals"":222111},""log1p_method0_work_proxy"":14.83871012622884,""log1p_n_configurations"":8.0149968943483,""method0_work_proxy"":2782081,""n_configurations"":3025}"
4125b7a769ea05c1022a5af1f71e20a8b89319ffc695f2aa8cc9e7ebbe458f24,54a2b3932df79c488d1ff81c7f98986bbb2cf1226a48b30729568cc987d6e46a,0,2026-08-01T01:39:41.605134Z,2026-08-01T01:39:47.250128Z,true,,measured,0,fe4s4-prefix-0055,9e7200c65761a843b0d95d70dc1680653805434675077bb83579fcfa0852bba7,amd-cpu-4,cpu,4,5.5287907120000455,4.283602999999999,0.001158,,,36,55,55,3025,2782081,43.37109375,,"{""alpha"":{""bit_length"":36,""count"":55,""file_bytes"":2035,""occupancy_max"":27,""occupancy_mean"":27.0,""occupancy_min"":27,""occupancy_variance"":0.0,""path"":""/home/nagan/autosbd-sc26-rg/data/derived/amd_fe4s4_prefixes/AlphaDets_n0055.txt"",""sha256"":""2b296f3011a87e9bf7f9682b8de25e78442ac6bcb47942bf8003ecdeb65d3ef1"",""unique_count"":55},""beta"":{""bit_length"":36,""count"":55,""file_bytes"":2035,""occupancy_max"":27,""occupancy_mean"":27.0,""occupancy_min"":27,""occupancy_variance"":0.0,""path"":""/home/nagan/autosbd-sc26-rg/data/derived/amd_fe4s4_prefixes/AlphaDets_n0055.txt"",""sha256"":""2b296f3011a87e9bf7f9682b8de25e78442ac6bcb47942bf8003ecdeb65d3ef1"",""unique_count"":55},""beta_reuses_alpha"":true,""combined_input_sha256"":""9e7200c65761a843b0d95d70dc1680653805434675077bb83579fcfa0852bba7"",""connectivity"":{""alpha"":{""determinants"":55,""directed_double_edges"":1404,""directed_single_edges"":1566,""double_degree_max"":26,""double_degree_mean"":25.527272727272727,""double_degree_min"":0,""double_edge_density"":0.4727272727272727,""single_degree_max"":54,""single_degree_mean"":28.472727272727273,""single_degree_min"":28,""single_edge_density"":0.5272727272727272,""unordered_pair_comparisons"":1485},""beta"":{""determinants"":55,""directed_double_edges"":1404,""directed_single_edges"":1566,""double_degree_max"":26,""double_degree_mean"":25.527272727272727,""double_degree_min"":0,""double_edge_density"":0.4727272727272727,""single_degree_max"":54,""single_degree_mean"":28.472727272727273,""single_degree_min"":28,""single_edge_density"":0.5272727272727272,""unordered_pair_comparisons"":1485},""pair_comparisons"":2970},""connectivity_pair_limit"":1000000,""fcidump"":{""compact_two_electron_slots"":222111,""core_integrals"":1,""exact_zero_integrals"":1,""file_bytes"":9584950,""integral_records"":222778,""isym"":1,""max_abs_integral"":13.43276387194341,""ms2"":0,""n_electrons"":54,""n_orbitals"":36,""one_electron_integrals"":666,""orbsym"":[1,1,1,1,1,1,1,1,1,1,1,1,1,1,1,1,1,1,1,1,1,1,1,1,1,1,1,1,1,1,1,1,1,1,1,1],""path"":""/home/nagan/autosbd-sc26-rg/external/amd-sbd/samples/selected_basis_diagonalization/fcidump_Fe4S4.txt"",""sha256"":""9a74e2035f76218f1d02aa641a5be256c0b685f0382b1612fc261117dd1b6e93"",""source_integral_doubles"":229887,""sum_abs_integrals"":1054.5633693506882,""two_electron_fill_density"":1.0,""two_electron_integrals"":222111},""log1p_method0_work_proxy"":14.83871012622884,""log1p_n_configurations"":8.0149968943483,""method0_work_proxy"":2782081,""n_configurations"":3025}"
5c573ef9d6d47255466c095aae2a14613015b896b8051cf9a1f0157643b149df,c20c3096da38524129812f1d75740f7a7e48fba20681aa98595ce9678cec57af,0,2026-08-01T01:39:48.236493Z,2026-08-01T01:40:06.238016Z,true,,measured,0,fe4s4-prefix-0100,8388d0e2a075126004890ad88c3680722226870440793d7d97242885ebfc7eda,amd-cpu-4,cpu,4,17.88604694699461,16.214859,0.001966,,,36,100,100,10000,10284400,43.36328125,,"{""alpha"":{""bit_length"":36,""count"":100,""file_bytes"":3700,""occupancy_max"":27,""occupancy_mean"":27.0,""occupancy_min"":27,""occupancy_variance"":0.0,""path"":""/home/nagan/autosbd-sc26-rg/data/derived/amd_fe4s4_prefixes/AlphaDets_n0100.txt"",""sha256"":""2722d475430a07b416dce775f7daa5e084aa49f90d27b8cd756ecf45c4b96a8a"",""unique_count"":100},""beta"":{""bit_length"":36,""count"":100,""file_bytes"":3700,""occupancy_max"":27,""occupancy_mean"":27.0,""occupancy_min"":27,""occupancy_variance"":0.0,""path"":""/home/nagan/autosbd-sc26-rg/data/derived/amd_fe4s4_prefixes/AlphaDets_n0100.txt"",""sha256"":""2722d475430a07b416dce775f7daa5e084aa49f90d27b8cd756ecf45c4b96a8a"",""unique_count"":100},""beta_reuses_alpha"":true,""combined_input_sha256"":""8388d0e2a075126004890ad88c3680722226870440793d7d97242885ebfc7eda"",""connectivity"":{""alpha"":{""determinants"":100,""directed_double_edges"":7020,""directed_single_edges"":2880,""double_degree_max"":78,""double_degree_mean"":70.2,""double_degree_min"":0,""double_edge_density"":0.7090909090909091,""single_degree_max"":99,""single_degree_mean"":28.8,""single_degree_min"":21,""single_edge_density"":0.2909090909090909,""unordered_pair_comparisons"":4950},""beta"":{""determinants"":100,""directed_double_edges"":7020,""directed_single_edges"":2880,""double_degree_max"":78,""double_degree_mean"":70.2,""double_degree_min"":0,""double_edge_density"":0.7090909090909091,""single_degree_max"":99,""single_degree_mean"":28.8,""single_degree_min"":21,""single_edge_density"":0.2909090909090909,""unordered_pair_comparisons"":4950},""pair_comparisons"":9900},""connectivity_pair_limit"":1000000,""fcidump"":{""compact_two_electron_slots"":222111,""core_integrals"":1,""exact_zero_integrals"":1,""file_bytes"":9584950,""integral_records"":222778,""isym"":1,""max_abs_integral"":13.43276387194341,""ms2"":0,""n_electrons"":54,""n_orbitals"":36,""one_electron_integrals"":666,""orbsym"":[1,1,1,1,1,1,1,1,1,1,1,1,1,1,1,1,1,1,1,1,1,1,1,1,1,1,1,1,1,1,1,1,1,1,1,1],""path"":""/home/nagan/autosbd-sc26-rg/external/amd-sbd/samples/selected_basis_diagonalization/fcidump_Fe4S4.txt"",""sha256"":""9a74e2035f76218f1d02aa641a5be256c0b685f0382b1612fc261117dd1b6e93"",""source_integral_doubles"":229887,""sum_abs_integrals"":1054.5633693506882,""two_electron_fill_density"":1.0,""two_electron_integrals"":222111},""log1p_method0_work_proxy"":16.146138839217606,""log1p_n_configurations"":9.210440366976517,""method0_work_proxy"":10284400,""n_configurations"":10000}"
a285e83eef4e35374b28b391fa19bae0deba12204d92c411cd66c5b595fe7004,3e85ee6df243c16b88456b3a33762e47e7ed41591d34de9167dd2cdee2de1315,0,2026-08-01T01:40:07.228561Z,2026-08-01T01:41:14.538101Z,true,,measured,0,fe4s4-prefix-0100,8388d0e2a075126004890ad88c3680722226870440793d7d97242885ebfc7eda,amd-cpu-1,cpu,1,67.1935004170009,63.69837099999999,0.0025280000000000003,,,36,100,100,10000,10284400,43.35546875,,"{""alpha"":{""bit_length"":36,""count"":100,""file_bytes"":3700,""occupancy_max"":27,""occupancy_mean"":27.0,""occupancy_min"":27,""occupancy_variance"":0.0,""path"":""/home/nagan/autosbd-sc26-rg/data/derived/amd_fe4s4_prefixes/AlphaDets_n0100.txt"",""sha256"":""2722d475430a07b416dce775f7daa5e084aa49f90d27b8cd756ecf45c4b96a8a"",""unique_count"":100},""beta"":{""bit_length"":36,""count"":100,""file_bytes"":3700,""occupancy_max"":27,""occupancy_mean"":27.0,""occupancy_min"":27,""occupancy_variance"":0.0,""path"":""/home/nagan/autosbd-sc26-rg/data/derived/amd_fe4s4_prefixes/AlphaDets_n0100.txt"",""sha256"":""2722d475430a07b416dce775f7daa5e084aa49f90d27b8cd756ecf45c4b96a8a"",""unique_count"":100},""beta_reuses_alpha"":true,""combined_input_sha256"":""8388d0e2a075126004890ad88c3680722226870440793d7d97242885ebfc7eda"",""connectivity"":{""alpha"":{""determinants"":100,""directed_double_edges"":7020,""directed_single_edges"":2880,""double_degree_max"":78,""double_degree_mean"":70.2,""double_degree_min"":0,""double_edge_density"":0.7090909090909091,""single_degree_max"":99,""single_degree_mean"":28.8,""single_degree_min"":21,""single_edge_density"":0.2909090909090909,""unordered_pair_comparisons"":4950},""beta"":{""determinants"":100,""directed_double_edges"":7020,""directed_single_edges"":2880,""double_degree_max"":78,""double_degree_mean"":70.2,""double_degree_min"":0,""double_edge_density"":0.7090909090909091,""single_degree_max"":99,""single_degree_mean"":28.8,""single_degree_min"":21,""single_edge_density"":0.2909090909090909,""unordered_pair_comparisons"":4950},""pair_comparisons"":9900},""connectivity_pair_limit"":1000000,""fcidump"":{""compact_two_electron_slots"":222111,""core_integrals"":1,""exact_zero_integrals"":1,""file_bytes"":9584950,""integral_records"":222778,""isym"":1,""max_abs_integral"":13.43276387194341,""ms2"":0,""n_electrons"":54,""n_orbitals"":36,""one_electron_integrals"":666,""orbsym"":[1,1,1,1,1,1,1,1,1,1,1,1,1,1,1,1,1,1,1,1,1,1,1,1,1,1,1,1,1,1,1,1,1,1,1,1],""path"":""/home/nagan/autosbd-sc26-rg/external/amd-sbd/samples/selected_basis_diagonalization/fcidump_Fe4S4.txt"",""sha256"":""9a74e2035f76218f1d02aa641a5be256c0b685f0382b1612fc261117dd1b6e93"",""source_integral_doubles"":229887,""sum_abs_integrals"":1054.5633693506882,""two_electron_fill_density"":1.0,""two_electron_integrals"":222111},""log1p_method0_work_proxy"":16.146138839217606,""log1p_n_configurations"":9.210440366976517,""method0_work_proxy"":10284400,""n_configurations"":10000}"
21aad203bbd88774c7f17335048a5b65197e84b14f26715d1311799248c91d1d,582f0998093ed62081419ca1f2640f1cc67810dffe6d0cd5f014e3bc888175ee,0,2026-08-01T01:41:15.526730Z,2026-08-01T01:41:25.192509Z,true,,measured,0,fe4s4-prefix-0100,8388d0e2a075126004890ad88c3680722226870440793d7d97242885ebfc7eda,amd-cpu-8,cpu,8,9.549780615998316,8.201519,0.002163,,,36,100,100,10000,10284400,43.359375,,"{""alpha"":{""bit_length"":36,""count"":100,""file_bytes"":3700,""occupancy_max"":27,""occupancy_mean"":27.0,""occupancy_min"":27,""occupancy_variance"":0.0,""path"":""/home/nagan/autosbd-sc26-rg/data/derived/amd_fe4s4_prefixes/AlphaDets_n0100.txt"",""sha256"":""2722d475430a07b416dce775f7daa5e084aa49f90d27b8cd756ecf45c4b96a8a"",""unique_count"":100},""beta"":{""bit_length"":36,""count"":100,""file_bytes"":3700,""occupancy_max"":27,""occupancy_mean"":27.0,""occupancy_min"":27,""occupancy_variance"":0.0,""path"":""/home/nagan/autosbd-sc26-rg/data/derived/amd_fe4s4_prefixes/AlphaDets_n0100.txt"",""sha256"":""2722d475430a07b416dce775f7daa5e084aa49f90d27b8cd756ecf45c4b96a8a"",""unique_count"":100},""beta_reuses_alpha"":true,""combined_input_sha256"":""8388d0e2a075126004890ad88c3680722226870440793d7d97242885ebfc7eda"",""connectivity"":{""alpha"":{""determinants"":100,""directed_double_edges"":7020,""directed_single_edges"":2880,""double_degree_max"":78,""double_degree_mean"":70.2,""double_degree_min"":0,""double_edge_density"":0.7090909090909091,""single_degree_max"":99,""single_degree_mean"":28.8,""single_degree_min"":21,""single_edge_density"":0.2909090909090909,""unordered_pair_comparisons"":4950},""beta"":{""determinants"":100,""directed_double_edges"":7020,""directed_single_edges"":2880,""double_degree_max"":78,""double_degree_mean"":70.2,""double_degree_min"":0,""double_edge_density"":0.7090909090909091,""single_degree_max"":99,""single_degree_mean"":28.8,""single_degree_min"":21,""single_edge_density"":0.2909090909090909,""unordered_pair_comparisons"":4950},""pair_comparisons"":9900},""connectivity_pair_limit"":1000000,""fcidump"":{""compact_two_electron_slots"":222111,""core_integrals"":1,""exact_zero_integrals"":1,""file_bytes"":9584950,""integral_records"":222778,""isym"":1,""max_abs_integral"":13.43276387194341,""ms2"":0,""n_electrons"":54,""n_orbitals"":36,""one_electron_integrals"":666,""orbsym"":[1,1,1,1,1,1,1,1,1,1,1,1,1,1,1,1,1,1,1,1,1,1,1,1,1,1,1,1,1,1,1,1,1,1,1,1],""path"":""/home/nagan/autosbd-sc26-rg/external/amd-sbd/samples/selected_basis_diagonalization/fcidump_Fe4S4.txt"",""sha256"":""9a74e2035f76218f1d02aa641a5be256c0b685f0382b1612fc261117dd1b6e93"",""source_integral_doubles"":229887,""sum_abs_integrals"":1054.5633693506882,""two_electron_fill_density"":1.0,""two_electron_integrals"":222111},""log1p_method0_work_proxy"":16.146138839217606,""log1p_n_configurations"":9.210440366976517,""method0_work_proxy"":10284400,""n_configurations"":10000}"
